WeeklyFVG,DailyFVG,H4FVG,M15FVG,W1_HighLowZones,D1_HighLowZones,H4_HighLowZones,M15_HighLowZones,MinScore,W1_BOS,D1_BOS,H4_BOS,M15_BOS,TopScoreCount,ScoreP100,ScoreP90
1,1,11,11,16,11,1,6,0.00,8,22,22,8,631,514.00,377.00
11,11,11,6,16,1,16,16,0.00,1,8,1,8,631,792.00,585.00
16,6,6,11,16,11,6,1,8.00,22,22,15,15,631,508.00,387.00
16,16,1,1,1,1,11,6,10.00,15,1,15,22,631,432.00,298.00
6,11,16,11,6,16,11,11,6.00,8,1,1,22,631,801.00,602.00
16,16,6,6,6,6,16,16,4.00,15,1,8,22,631,800.00,574.00
16,16,6,6,11,16,11,16,8.00,8,8,15,22,631,802.00,614.00
16,1,6,1,1,16,1,1,8.00,1,1,15,8,631,311.00,247.00
16,6,11,16,1,6,11,16,0.00,1,15,15,15,631,875.00,586.00
11,11,11,6,1,1,16,1,4.00,8,8,15,8,631,568.00,412.00
1,11,1,16,16,1,16,11,2.00,15,22,22,15,631,753.00,531.00
16,11,6,1,11,6,16,16,8.00,1,15,1,22,631,753.00,544.00
6,16,6,11,6,1,16,11,0.00,22,15,15,1,631,736.00,506.00
11,11,6,11,1,6,16,6,2.00,15,22,8,15,631,679.00,474.00
16,1,11,6,11,1,11,11,0.00,1,1,1,15,631,600.00,436.00
11,6,1,16,1,16,6,6,10.00,1,22,8,15,631,579.00,446.00
16,11,1,11,16,6,11,16,2.00,1,22,15,1,631,764.00,551.00
11,6,1,16,6,6,1,16,6.00,8,15,1,8,631,697.00,448.00
1,16,16,6,6,16,6,16,10.00,22,22,8,15,631,786.00,569.00
1,11,6,1,6,1,6,16,6.00,22,22,1,22,631,536.00,357.00
11,6,11,11,11,1,1,16,6.00,15,1,8,15,631,703.00,437.00
6,11,6,6,6,11,16,6,8.00,22,1,8,22,631,677.00,485.00
1,1,16,6,16,16,1,16,2.00,1,22,15,15,631,733.00,516.00
1,16,6,1,6,11,1,1,8.00,1,22,8,1,631,276.00,232.00
6,6,6,11,1,16,11,11,10.00,1,8,22,22,631,706.00,535.00
6,6,11,1,6,1,16,11,8.00,1,15,1,15,631,646.00,466.00
1,1,11,11,16,16,11,11,6.00,1,15,8,15,631,753.00,580.00
16,6,16,11,11,6,16,16,4.00,1,8,15,22,631,924.00,672.00
11,6,1,16,11,11,1,16,4.00,8,22,22,8,631,754.00,505.00
6,1,16,6,6,16,11,1,4.00,1,8,22,22,631,622.00,469.00
6,1,11,11,1,6,16,1,2.00,1,8,1,8,631,587.00,429.00
6,6,16,1,1,16,11,6,10.00,22,8,1,22,631,647.00,478.00
16,1,1,16,16,16,16,6,0.00,1,8,1,22,631,731.00,589.00
6,16,1,1,16,11,6,16,8.00,1,8,15,1,631,608.00,450.00
11,6,6,6,6,1,11,16,0.00,1,22,22,15,631,675.00,461.00
16,16,1,6,11,11,16,6,2.00,8,22,22,15,631,681.00,511.00
11,16,11,1,6,6,6,1,8.00,1,1,1,1,631,368.00,310.00
16,16,6,16,16,1,16,6,10.00,15,22,15,15,631,756.00,534.00
1,1,16,11,16,1,11,1,2.00,8,1,1,22,631,561.00,402.00
1,6,11,6,6,16,11,6,4.00,8,1,1,22,631,626.00,468.00
11,1,1,16,11,11,11,11,2.00,1,8,8,1,631,713.00,534.00
6,1,1,1,11,6,1,6,10.00,22,8,15,15,631,271.00,205.00
16,1,6,11,1,1,1,6,0.00,1,15,8,8,631,395.00,249.00
11,1,11,16,1,11,16,1,8.00,22,8,15,8,631,702.00,502.00
16,11,6,11,6,11,11,11,10.00,1,1,15,1,631,695.00,520.00
11,1,1,6,16,16,1,16,2.00,1,15,8,22,631,645.00,462.00
16,16,16,6,11,6,6,1,0.00,8,22,15,1,631,520.00,397.00
16,11,16,11,16,16,16,11,4.00,8,8,22,22,631,964.00,718.00
6,11,11,6,6,1,11,6,8.00,1,1,8,1,631,524.00,390.00
11,1,11,11,6,6,11,11,6.00,15,1,22,1,631,673.00,497.00
1,11,6,1,6,1,16,1,8.00,8,15,8,1,631,476.00,347.00
11,1,11,11,6,6,16,16,10.00,15,22,8,1,631,844.00,599.00
16,6,11,11,6,1,1,11,6.00,22,22,22,1,631,545.00,360.00
16,16,1,6,16,16,1,11,10.00,15,22,15,15,631,554.00,445.00
1,6,1,11,11,11,11,11,10.00,15,15,22,1,631,642.00,487.00
11,11,1,16,16,1,1,11,10.00,15,8,15,15,631,613.00,386.00
11,11,6,16,1,1,11,6,0.00,22,22,1,8,631,582.00,405.00
16,6,6,1,16,6,6,16,0.00,22,1,22,22,631,622.00,441.00
1,16,11,1,1,11,1,6,6.00,22,22,8,15,631,411.00,295.00
11,1,16,11,11,1,11,6,0.00,1,8,15,15,631,628.00,459.00
1,11,6,16,6,11,1,16,10.00,8,1,1,8,631,771.00,495.00
6,1,16,11,1,11,6,16,0.00,8,22,22,8,631,781.00,535.00
11,11,1,16,16,16,6,16,10.00,1,1,1,1,631,847.00,608.00
11,11,16,1,1,1,6,1,8.00,8,22,1,15,631,395.00,288.00
6,11,1,6,1,1,1,16,0.00,1,8,1,8,631,526.00,315.00
11,11,11,6,16,1,16,16,8.00,1,8,22,22,631,827.00,600.00
16,16,6,6,11,16,11,6,8.00,15,22,1,8,631,650.00,512.00
1,1,1,1,1,1,11,16,6.00,22,8,8,15,631,522.00,356.00
11,6,6,16,16,11,11,1,8.00,1,22,22,15,631,624.00,471.00
6,1,6,6,6,1,6,1,6.00,15,1,1,1,631,287.00,206.00
1,1,1,1,11,16,11,16,10.00,15,8,1,22,631,650.00,501.00
11,1,1,1,11,11,11,6,0.00,1,22,8,22,631,482.00,375.00
1,11,6,1,16,6,1,11,4.00,1,15,22,22,631,459.00,312.00
16,1,16,6,16,1,6,16,6.00,22,15,1,1,631,676.00,478.00
16,6,16,6,6,6,11,11,6.00,8,8,15,15,631,700.00,511.00
6,1,1,1,11,6,1,6,10.00,22,8,22,1,631,273.00,206.00
16,1,16,11,1,1,1,1,6.00,22,15,1,15,631,362.00,241.00
6,6,6,1,11,11,1,1,8.00,8,22,22,8,631,294.00,248.00
11,6,6,16,11,16,6,16,0.00,8,22,22,8,631,856.00,618.00
16,6,6,1,1,16,16,6,8.00,8,8,15,8,631,638.00,494.00
11,1,1,1,11,6,16,16,2.00,8,15,1,15,631,673.00,488.00
6,1,6,1,1,1,1,1,8.00,8,1,15,1,631,144.00,105.00
1,1,1,1,1,1,1,1,0.00,15,15,15,1,631,110.00,73.00
6,6,6,11,1,16,11,11,10.00,1,8,22,1,631,685.00,527.00
11,11,11,1,16,6,1,6,0.00,22,8,8,15,631,402.00,297.00
6,11,1,11,11,1,1,1,10.00,1,1,8,1,631,278.00,192.00
1,16,11,16,16,16,11,11,6.00,1,15,8,15,631,848.00,646.00
1,1,11,11,11,1,6,16,2.00,22,8,1,22,631,714.00,463.00
16,11,16,11,11,6,1,11,8.00,1,8,1,8,631,651.00,440.00
11,11,11,6,16,1,16,16,0.00,15,1,1,1,631,801.00,581.00
1,11,16,16,6,16,16,16,0.00,8,1,22,22,631,1036.00,759.00
1,16,6,1,1,6,1,16,2.00,1,15,1,1,631,502.00,330.00
11,11,6,1,16,6,1,6,0.00,15,15,15,1,631,350.00,269.00
16,6,16,6,1,6,1,11,10.00,1,22,8,1,631,522.00,366.00
11,6,6,11,16,11,6,1,8.00,22,22,15,15,631,503.00,379.00
11,6,6,1,1,6,6,11,8.00,15,1,8,22,631,455.00,324.00
6,6,11,11,6,16,16,11,6.00,8,8,22,8,631,845.00,630.00
16,16,1,6,11,1,11,6,8.00,1,15,8,22,631,495.00,353.00
11,1,1,6,16,16,1,16,2.00,22,1,1,22,631,631.00,466.00
6,16,11,16,1,6,11,6,6.00,22,22,8,15,631,691.00,477.00
11,11,6,11,1,6,16,6,2.00,15,22,15,1,631,676.00,480.00
1,11,1,16,6,1,1,11,8.00,22,15,8,1,631,538.00,348.00
11,6,16,6,1,6,1,11,10.00,1,22,22,22,631,552.00,372.00
11,1,11,6,11,1,1,1,8.00,22,1,1,22,631,290.00,197.00
6,6,1,6,16,16,1,16,2.00,1,15,8,22,631,650.00,464.00
11,1,16,16,6,16,16,16,0.00,8,15,1,1,631,983.00,740.00
1,11,1,16,11,11,11,11,2.00,1,8,8,1,631,721.00,531.00
6,1,6,6,6,1,6,1,6.00,8,15,1,1,631,294.00,208.00
16,6,11,6,6,1,1,16,6.00,15,22,22,15,631,611.00,389.00
1,6,16,6,11,6,6,16,0.00,1,8,8,1,631,716.00,496.00
6,11,11,6,6,1,11,6,8.00,1,1,15,8,631,534.00,394.00
1,1,6,1,1,6,11,16,4.00,8,8,1,1,631,567.00,418.00
11,1,6,6,11,1,1,6,10.00,1,15,22,22,631,368.00,240.00
11,11,11,6,1,1,1,1,10.00,8,15,22,22,631,311.00,209.00
6,11,16,6,1,16,6,16,6.00,1,8,22,1,631,765.00,561.00
6,16,6,6,11,16,11,16,8.00,8,8,15,22,631,792.00,600.00
16,16,6,6,1,16,11,1,10.00,1,22,15,8,631,555.00,441.00
1,11,6,1,6,1,6,16,6.00,22,22,22,1,631,536.00,368.00
6,11,16,16,11,16,1,11,6.00,22,22,1,22,631,745.00,547.00
11,6,1,1,11,6,16,1,10.00,1,22,15,8,631,485.00,370.00
6,16,6,6,1,16,11,1,4.00,8,1,22,1,631,531.00,417.00
11,1,11,16,1,6,11,6,8.00,22,22,1,1,631,634.00,452.00
1,11,6,1,16,6,1,11,4.00,1,22,22,22,631,452.00,312.00
16,6,11,6,6,1,1,16,6.00,8,22,22,15,631,618.00,388.00
1,1,1,1,1,1,1,11,4.00,8,1,15,22,631,334.00,195.00
1,11,1,16,16,1,1,6,8.00,22,1,8,1,631,462.00,308.00
1,1,1,1,1,1,1,1,0.00,1,1,22,8,631,96.00,72.00
16,1,1,1,11,1,11,6,2.00,8,15,22,8,631,417.00,300.00
16,16,1,16,16,16,16,6,0.00,1,8,1,22,631,776.00,621.00
1,1,1,1,1,1,1,1,6.00,22,22,22,1,631,131.00,85.00
11,16,11,16,1,1,11,11,8.00,8,15,8,8,631,724.00,497.00
16,16,11,11,1,11,6,6,6.00,22,8,22,22,631,608.00,439.00
1,1,6,16,16,6,1,11,10.00,22,22,1,1,631,607.00,415.00
1,11,6,1,16,11,6,16,10.00,22,22,15,22,631,650.00,465.00
16,6,16,11,16,16,6,11,2.00,1,22,22,8,631,758.00,588.00
1,1,11,11,16,11,1,6,0.00,8,22,1,22,631,507.00,374.00
6,6,6,11,16,6,1,11,4.00,22,8,8,15,631,569.00,384.00
11,16,1,6,11,1,1,11,10.00,22,15,1,1,631,416.00,292.00
6,6,6,6,6,16,1,1,8.00,1,1,15,8,631,346.00,276.00
16,1,6,1,1,16,6,16,4.00,1,15,22,22,631,624.00,467.00
1,16,11,16,11,1,6,16,2.00,22,8,1,15,631,812.00,526.00
16,6,16,11,11,1,1,6,0.00,1,1,15,22,631,531.00,355.00
6,11,16,16,16,11,6,1,6.00,8,15,22,1,631,625.00,480.00
16,16,6,16,16,16,1,16,10.00,1,1,15,22,631,886.00,597.00
1,1,1,1,1,1,1,1,0.00,8,15,15,15,631,117.00,72.00
16,11,6,16,6,6,11,16,4.00,1,15,8,8,631,851.00,580.00
6,6,6,1,11,16,11,11,2.00,8,8,8,22,631,640.00,492.00
6,16,1,6,11,6,11,11,10.00,15,8,1,22,631,595.00,430.00
6,11,16,6,16,1,11,11,4.00,15,22,22,15,631,728.00,515.00
1,11,1,16,16,1,16,11,2.00,15,1,8,1,631,724.00,524.00
6,6,16,16,6,6,16,11,4.00,1,1,8,22,631,854.00,618.00
1,6,6,6,16,16,16,11,0.00,8,15,1,15,631,773.00,586.00
6,1,6,16,16,1,16,6,10.00,15,22,15,15,631,701.00,489.00
16,16,16,11,11,11,16,6,4.00,8,1,8,22,631,843.00,622.00
16,6,11,11,16,16,6,1,10.00,1,8,22,22,631,572.00,449.00
6,6,6,11,1,16,11,11,10.00,22,1,1,15,631,683.00,524.00
11,6,6,6,11,6,1,11,10.00,22,15,1,1,631,456.00,335.00
6,6,6,11,1,6,1,16,8.00,15,1,1,22,631,658.00,408.00
16,6,11,1,6,6,16,1,2.00,1,1,22,22,631,575.00,432.00
16,16,6,1,6,16,1,6,6.00,15,8,15,22,631,424.00,347.00
11,6,6,16,16,11,11,1,8.00,1,1,22,1,631,589.00,465.00
1,16,16,6,16,6,16,11,8.00,1,1,1,1,631,807.00,613.00
1,1,6,1,11,11,1,6,6.00,15,15,15,8,631,337.00,261.00
1,1,1,1,1,1,1,1,0.00,1,22,15,8,631,110.00,77.00
1,11,6,6,6,1,11,16,0.00,1,22,22,15,631,675.00,461.00
11,6,6,1,16,6,1,11,10.00,22,15,1,1,631,403.00,310.00
11,1,6,11,16,1,6,16,2.00,8,1,15,8,631,725.00,469.00
1,6,6,6,1,11,11,11,6.00,8,15,1,15,631,603.00,440.00
1,6,16,16,1,11,6,6,4.00,22,22,15,8,631,646.00,462.00
16,11,11,16,6,1,11,16,10.00,22,1,22,8,631,868.00,585.00
11,6,16,6,16,1,1,16,2.00,1,22,15,8,631,671.00,437.00
16,6,11,16,1,1,1,1,8.00,8,8,1,22,631,395.00,265.00
11,11,11,16,11,16,6,16,8.00,8,1,8,22,631,922.00,637.00
1,16,11,11,1,6,16,16,2.00,22,22,8,15,631,876.00,606.00
16,6,6,11,16,16,6,6,10.00,1,22,22,8,631,587.00,481.00
6,16,6,16,11,6,1,11,4.00,22,8,8,1,631,635.00,426.00
16,1,1,11,1,1,1,1,6.00,22,15,1,15,631,259.00,169.00
6,6,11,1,6,1,16,11,8.00,1,15,1,8,631,639.00,469.00
1,1,1,11,1,16,11,11,10.00,1,8,22,22,631,656.00,493.00
6,6,11,16,6,6,11,16,6.00,8,22,1,8,631,845.00,579.00
16,1,16,11,6,1,6,6,2.00,8,8,15,8,631,523.00,377.00
6,1,11,11,1,1,1,1,6.00,22,15,1,8,631,295.00,194.00
6,1,16,11,1,16,11,1,2.00,15,15,22,22,631,668.00,483.00
1,16,6,1,1,6,1,16,2.00,1,1,1,1,631,516.00,335.00
11,1,6,11,16,6,1,11,8.00,15,1,1,1,631,558.00,380.00
16,11,16,11,11,1,6,16,2.00,8,15,1,15,631,784.00,520.00
16,11,16,11,16,16,16,6,6.00,15,22,22,15,631,913.00,676.00
6,1,6,6,6,1,6,16,4.00,8,8,22,22,631,629.00,398.00
16,11,6,1,11,6,16,16,8.00,15,15,8,1,631,757.00,548.00
1,16,1,11,6,11,6,11,10.00,1,15,1,22,631,603.00,432.00
11,6,11,11,1,1,1,16,2.00,22,15,1,15,631,645.00,404.00
6,11,11,11,6,6,1,16,2.00,1,15,15,15,631,725.00,454.00
1,11,6,1,6,1,6,16,6.00,1,15,1,15,631,541.00,358.00
6,11,11,11,6,6,1,16,2.00,22,22,1,22,631,690.00,450.00
16,11,16,16,6,16,6,16,4.00,1,1,22,15,631,961.00,656.00
11,6,16,6,16,1,1,1,4.00,8,1,8,22,631,363.00,271.00
6,1,16,11,11,11,16,6,8.00,8,8,1,22,631,788.00,576.00
11,1,11,16,11,6,11,16,2.00,22,22,1,8,631,841.00,596.00
11,11,6,16,1,1,11,6,0.00,15,15,8,8,631,575.00,406.00
16,16,1,6,11,1,11,16,2.00,1,22,15,1,631,659.00,463.00
16,11,1,11,16,6,11,6,8.00,22,1,1,22,631,570.00,433.00
6,6,1,1,6,16,1,1,10.00,8,15,8,22,631,329.00,253.00
1,1,1,1,1,1,1,1,8.00,22,1,22,15,631,124.00,84.00
16,16,1,6,11,11,11,11,0.00,22,8,1,8,631,633.00,489.00
11,6,6,16,16,16,11,1,8.00,1,1,1,22,631,624.00,501.00
1,6,6,16,16,6,16,11,6.00,1,8,1,1,631,780.00,574.00
1,16,16,11,6,16,11,11,6.00,8,1,1,22,631,811.00,608.00
6,6,1,16,1,1,6,6,8.00,22,15,15,8,631,471.00,319.00
1,1,1,1,1,1,1,1,8.00,1,22,22,8,631,117.00,84.00
6,11,16,1,6,11,11,6,0.00,15,8,15,22,631,649.00,481.00
16,1,16,11,1,1,1,1,6.00,22,8,15,8,631,362.00,251.00
1,6,16,6,11,6,6,16,0.00,1,15,1,8,631,709.00,495.00
1,1,16,16,6,6,11,11,4.00,15,1,8,1,631,759.00,544.00
6,11,16,6,16,1,11,16,6.00,8,22,1,8,631,763.00,553.00
16,11,1,6,16,11,1,6,8.00,22,1,1,15,631,401.00,328.00
16,11,1,6,11,16,16,11,8.00,15,22,15,22,631,778.00,590.00
16,6,1,11,11,16,6,1,8.00,22,22,22,8,631,530.00,398.00
11,16,6,16,11,6,1,11,6.00,8,1,22,15,631,689.00,438.00
6,6,11,6,16,1,11,11,6.00,22,1,1,8,631,621.00,448.00
6,6,6,6,11,11,16,1,8.00,22,15,15,15,631,626.00,456.00
16,6,11,16,16,1,11,6,10.00,15,22,22,1,631,678.00,484.00
11,11,16,6,6,1,1,16,6.00,8,15,1,1,631,630.00,412.00
11,11,1,16,1,6,16,16,2.00,22,22,1,15,631,814.00,596.00
1,1,1,1,1,11,11,11,2.00,15,15,15,1,631,510.00,379.00
6,6,6,6,6,16,16,16,10.00,15,22,8,1,631,834.00,622.00
11,1,11,11,6,6,11,16,4.00,1,15,22,22,631,814.00,554.00
6,11,11,6,6,6,11,16,10.00,1,8,8,1,631,726.00,523.00
11,1,1,16,11,11,11,11,2.00,8,8,1,15,631,711.00,530.00
6,11,1,6,1,1,1,16,8.00,1,15,22,1,631,533.00,320.00
16,16,6,16,16,16,1,1,6.00,8,8,22,22,631,533.00,420.00
11,11,11,6,1,11,6,6,2.00,1,22,22,1,631,524.00,393.00
6,1,16,16,11,6,1,6,4.00,8,1,22,22,631,611.00,404.00
16,16,11,11,1,11,6,6,0.00,8,22,22,8,631,594.00,439.00
11,6,11,11,11,1,1,16,6.00,15,1,8,8,631,696.00,433.00
16,16,6,16,16,16,1,1,6.00,8,15,22,22,631,540.00,424.00
1,11,6,6,1,11,16,6,10.00,22,8,1,8,631,643.00,465.00
6,16,1,11,6,1,11,1,10.00,15,8,15,22,631,459.00,309.00
1,1,16,16,16,16,16,1,6.00,8,1,15,8,631,801.00,606.00
1,1,16,11,16,1,11,1,2.00,8,1,1,15,631,554.00,402.00
11,6,6,11,1,16,16,11,8.00,1,1,22,1,631,773.00,591.00
1,16,16,6,16,6,16,11,6.00,1,1,1,8,631,805.00,611.00
1,16,11,11,6,16,16,6,10.00,22,8,1,15,631,805.00,590.00
6,16,1,16,6,11,1,6,6.00,22,8,1,8,631,490.00,369.00
16,11,1,11,11,16,11,11,4.00,15,1,8,1,631,679.00,557.00
6,11,16,6,16,1,16,6,0.00,1,8,15,1,631,713.00,537.00
1,16,11,6,11,6,6,1,0.00,8,22,15,1,631,455.00,341.00
16,16,1,6,6,16,11,6,4.00,22,22,22,15,631,620.00,482.00
16,1,1,16,6,1,16,1,8.00,8,15,8,1,631,531.00,386.00
1,11,6,1,16,6,11,16,8.00,1,1,22,22,631,683.00,495.00
6,1,6,16,16,6,1,11,10.00,1,8,1,22,631,655.00,415.00
16,1,1,16,16,16,16,6,0.00,1,8,8,8,631,724.00,589.00
16,6,6,16,11,16,6,1,8.00,8,1,15,1,631,554.00,439.00
11,1,1,1,6,1,1,16,0.00,8,22,22,8,631,451.00,282.00
11,11,6,1,16,6,1,6,0.00,1,1,8,15,631,342.00,261.00
11,6,16,11,11,11,1,16,4.00,1,8,15,1,631,788.00,525.00
11,11,6,11,11,16,6,6,6.00,22,1,8,1,631,565.00,460.00
11,1,11,6,1,1,16,1,4.00,8,8,15,8,631,538.00,383.00
11,6,11,6,16,6,11,6,4.00,22,15,1,15,631,617.00,440.00
16,6,6,11,16,6,1,11,4.00,8,1,15,1,631,593.00,399.00
11,1,6,1,6,6,16,1,6.00,15,8,15,22,631,519.00,374.00
16,6,11,1,11,11,1,1,0.00,22,1,15,22,631,354.00,280.00
11,6,1,6,16,6,1,16,4.00,8,1,22,15,631,619.00,395.00
6,6,6,16,16,11,11,1,2.00,15,22,22,22,631,640.00,462.00
1,11,1,16,6,1,6,1,2.00,1,1,15,15,631,399.00,273.00
11,16,6,11,1,6,1,11,8.00,22,15,22,22,631,563.00,371.00
11,16,11,16,1,1,6,6,6.00,22,8,1,15,631,552.00,379.00
16,1,11,6,11,1,11,11,0.00,1,1,22,22,631,628.00,451.00
6,1,11,6,16,16,6,16,10.00,15,8,1,15,631,734.00,550.00
6,11,11,6,6,6,11,16,10.00,22,15,15,22,631,758.00,529.00
6,16,16,11,16,1,11,6,8.00,15,1,22,1,631,687.00,507.00
16,6,6,16,16,6,1,11,4.00,1,8,8,8,631,668.00,440.00
6,16,1,11,16,11,16,1,0.00,1,15,22,22,631,654.00,488.00
16,1,1,1,16,6,6,16,4.00,1,1,8,15,631,577.00,401.00
1,1,1,1,16,1,1,1,8.00,22,22,15,1,631,169.00,123.00
1,1,1,1,1,1,11,16,8.00,15,22,22,15,631,543.00,360.00
1,16,11,1,16,1,11,1,2.00,1,1,1,8,631,455.00,367.00
11,1,6,11,16,1,6,1,8.00,8,15,22,22,631,411.00,289.00
16,1,11,16,6,16,1,16,2.00,8,15,1,15,631,819.00,566.00
6,6,11,11,6,6,1,1,4.00,1,15,1,15,631,350.00,261.00
6,11,11,11,11,6,1,16,2.00,8,8,8,15,631,733.00,468.00
6,6,11,6,6,11,6,6,6.00,15,15,15,15,631,529.00,384.00
6,11,1,6,11,16,11,11,0.00,15,22,1,15,631,657.00,512.00
1,1,16,11,16,11,6,11,2.00,15,8,8,1,631,687.00,506.00
1,6,16,16,1,1,11,1,0.00,22,15,15,22,631,613.00,407.00
16,6,6,6,1,11,11,11,6.00,8,1,15,8,631,611.00,464.00
16,16,6,6,6,6,16,16,4.00,15,1,22,1,631,797.00,581.00
11,11,11,6,1,16,6,16,6.00,1,8,8,22,631,742.00,530.00
16,11,1,1,16,16,16,6,2.00,15,8,1,15,631,648.00,528.00
16,16,1,6,16,16,1,11,10.00,15,22,15,8,631,561.00,446.00
11,11,11,11,1,6,16,11,0.00,1,1,8,22,631,766.00,553.00
1,6,6,6,16,11,16,16,2.00,22,22,1,15,631,834.00,601.00
6,11,1,1,6,11,6,6,6.00,1,15,8,15,631,388.00,305.00
6,6,6,6,1,11,1,11,0.00,22,8,8,8,631,467.00,340.00
11,6,1,1,11,1,1,16,8.00,1,8,22,22,631,511.00,310.00
1,1,1,1,1,1,1,1,4.00,8,1,8,22,631,103.00,71.00
6,11,16,6,6,1,11,6,8.00,1,1,8,1,631,574.00,431.00
6,11,11,11,6,16,11,11,6.00,8,1,1,22,631,751.00,572.00
11,1,6,1,11,16,6,6,10.00,1,22,1,1,631,448.00,379.00
16,6,6,11,16,11,1,1,0.00,22,1,15,22,631,421.00,324.00
11,1,16,16,6,1,6,6,10.00,15,8,1,22,631,586.00,397.00
16,11,1,11,1,16,16,1,10.00,8,22,22,15,631,646.00,494.00
6,6,6,1,11,11,1,1,8.00,1,8,15,15,631,273.00,228.00
16,16,16,11,6,11,6,11,10.00,15,22,8,1,631,719.00,528.00
1,16,16,6,6,16,16,1,10.00,1,15,8,8,631,736.00,574.00
16,6,16,11,11,1,1,11,10.00,1,8,8,8,631,623.00,401.00
6,1,6,16,16,6,1,6,0.00,1,1,15,15,631,549.00,358.00
1,11,11,16,16,16,16,1,4.00,8,1,22,22,631,802.00,596.00
11,11,11,16,11,6,1,6,2.00,15,8,1,1,631,556.00,383.00
16,1,1,16,11,1,16,11,0.00,1,15,1,15,631,711.00,513.00
11,11,1,16,16,6,11,16,8.00,1,1,22,22,631,883.00,590.00
11,16,11,1,11,11,11,16,10.00,22,22,15,22,631,795.00,563.00
1,1,6,16,16,11,6,6,0.00,1,22,8,22,631,616.00,444.00
11,11,6,1,16,6,1,6,8.00,15,1,22,1,631,348.00,270.00
1,1,1,1,11,6,11,6,2.00,1,1,1,1,631,392.00,300.00
16,6,6,6,6,1,11,6,8.00,15,1,22,1,631,497.00,355.00
16,11,16,11,16,1,11,6,8.00,15,22,1,8,631,685.00,494.00
16,11,11,16,6,1,6,6,0.00,8,8,22,15,631,597.00,410.00
11,11,1,1,1,11,11,11,4.00,8,22,15,8,631,557.00,416.00
6,16,6,6,1,16,11,1,10.00,1,1,22,8,631,531.00,417.00
11,6,1,16,1,16,6,6,10.00,1,22,8,8,631,572.00,446.00
1,1,1,1,1,1,1,1,6.00,22,8,15,1,631,110.00,78.00
6,11,6,6,6,11,16,6,8.00,8,15,22,1,631,674.00,496.00
16,16,6,16,16,16,1,1,6.00,22,1,8,22,631,534.00,420.00
16,11,6,6,1,16,6,16,8.00,8,8,22,22,631,719.00,524.00
6,6,6,11,1,16,11,11,10.00,1,8,1,15,631,678.00,525.00
6,11,1,1,6,11,6,6,6.00,22,22,22,22,631,437.00,325.00
1,16,1,6,16,6,16,11,0.00,22,8,8,8,631,695.00,500.00
16,11,11,11,11,16,11,1,8.00,22,8,1,15,631,660.00,506.00
6,11,1,11,11,1,1,1,10.00,1,22,1,15,631,302.00,197.00
1,16,1,1,16,1,1,6,8.00,1,1,15,22,631,296.00,197.00
6,6,6,11,16,6,1,11,10.00,22,15,15,22,631,576.00,390.00
1,1,1,1,6,1,11,6,6.00,22,15,15,22,631,408.00,266.00
16,6,11,16,1,6,1,1,8.00,8,22,22,15,631,446.00,308.00
6,6,6,1,11,11,11,16,0.00,1,15,15,15,631,685.00,501.00
1,1,16,6,11,6,1,11,8.00,15,1,1,1,631,527.00,368.00
16,11,16,11,16,16,1,16,2.00,1,22,15,15,631,843.00,595.00
16,16,16,6,6,6,11,11,6.00,8,8,22,1,631,732.00,543.00
16,1,1,6,11,1,11,6,8.00,22,1,1,22,631,450.00,322.00
16,16,6,6,6,11,16,6,8.00,22,1,8,22,631,702.00,512.00
6,11,6,6,1,11,16,16,0.00,22,8,15,22,631,816.00,578.00
1,1,16,6,16,16,1,16,2.00,8,22,8,15,631,719.00,511.00
1,1,1,1,1,1,1,1,0.00,8,1,22,22,631,117.00,85.00
1,1,1,1,1,1,1,1,0.00,1,15,15,22,631,117.00,73.00
1,1,1,1,1,1,1,1,0.00,15,15,15,15,631,124.00,76.00
1,16,1,1,16,1,1,6,8.00,22,1,1,15,631,278.00,191.00
11,6,6,6,6,6,1,16,8.00,22,8,15,22,631,603.00,388.00
6,6,6,1,6,16,1,1,8.00,1,1,15,1,631,298.00,253.00
16,1,6,1,16,11,1,1,8.00,8,22,22,15,631,333.00,268.00
16,11,6,6,16,16,11,11,2.00,1,8,8,1,631,696.00,557.00
11,1,1,1,11,11,6,11,0.00,8,22,22,15,631,481.00,370.00
1,1,1,1,1,1,1,1,0.00,15,1,22,15,631,117.00,79.00
1,1,1,16,6,6,11,16,2.00,22,1,8,1,631,767.00,529.00
11,16,6,6,11,1,1,6,10.00,1,15,22,1,631,373.00,262.00
6,1,16,6,1,6,11,11,6.00,15,1,22,1,631,662.00,479.00
11,1,11,11,6,11,6,6,2.00,1,22,22,1,631,549.00,415.00
11,6,1,1,6,16,1,1,0.00,15,15,15,1,631,341.00,276.00
1,16,16,11,16,6,16,1,4.00,8,1,22,1,631,736.00,559.00
1,11,11,16,16,16,16,1,2.00,8,1,1,22,631,781.00,589.00
1,1,16,11,16,1,11,1,2.00,15,8,1,1,631,554.00,407.00
6,11,16,16,11,6,16,16,10.00,15,22,8,1,631,974.00,690.00
11,1,11,11,6,16,1,11,6.00,22,22,22,22,631,626.00,466.00
1,1,11,6,6,16,6,6,10.00,1,22,1,1,631,513.00,400.00
16,6,6,11,16,1,6,16,8.00,15,8,15,1,631,719.00,477.00
16,16,1,6,11,1,6,16,8.00,1,8,15,1,631,628.00,410.00
6,16,1,1,16,11,11,6,8.00,22,1,1,22,631,530.00,409.00
6,6,11,11,1,16,16,1,10.00,1,8,15,15,631,693.00,518.00
16,11,1,11,6,6,1,1,4.00,8,8,8,15,631,309.00,235.00
16,6,1,6,16,16,1,1,10.00,15,22,1,15,631,424.00,345.00
1,1,1,1,1,1,1,1,0.00,22,22,22,22,631,152.00,91.00
6,16,16,1,11,6,16,1,4.00,8,1,22,1,631,646.00,518.00
1,1,1,1,1,1,11,6,0.00,15,8,1,1,631,348.00,236.00
11,11,6,16,1,1,11,6,0.00,22,22,1,22,631,596.00,407.00
16,11,16,16,6,16,6,16,4.00,1,22,22,8,631,933.00,659.00
16,1,6,11,1,1,11,16,10.00,1,1,1,8,631,723.00,479.00
1,11,1,16,1,16,1,6,0.00,1,15,8,8,631,520.00,379.00
11,1,1,6,16,16,1,16,2.00,1,15,22,22,631,659.00,468.00
11,6,1,6,16,6,16,1,2.00,15,22,8,22,631,561.00,410.00
11,6,1,11,11,1,11,11,4.00,22,8,1,22,631,589.00,423.00
11,1,11,16,1,16,11,6,6.00,22,1,15,15,631,707.00,532.00
1,11,6,1,6,1,6,11,10.00,15,8,15,15,631,447.00,305.00
11,11,1,16,16,1,6,16,6.00,22,22,1,22,631,750.00,501.00
16,16,11,11,1,6,16,1,4.00,8,1,22,8,631,663.00,485.00
16,11,1,6,11,11,11,11,8.00,8,15,8,8,631,618.00,479.00
1,16,16,6,16,6,16,11,8.00,1,22,1,15,631,833.00,618.00
6,6,6,6,6,6,1,1,10.00,15,1,22,1,631,263.00,203.00
6,1,11,6,16,16,6,16,10.00,22,15,8,1,631,713.00,551.00
11,11,6,1,16,6,1,1,0.00,1,1,15,22,631,273.00,219.00
1,11,1,6,6,6,1,11,4.00,8,8,15,15,631,455.00,296.00
1,16,11,1,11,1,11,6,6.00,15,22,15,15,631,561.00,396.00
1,16,11,1,11,1,1,11,4.00,22,15,1,15,631,432.00,295.00
16,6,6,11,16,6,11,6,6.00,8,8,15,15,631,605.00,449.00
16,1,1,16,16,16,1,16,2.00,22,8,1,22,631,779.00,553.00
1,16,11,16,11,1,11,6,0.00,1,8,1,22,631,646.00,464.00
16,1,11,16,6,16,6,1,8.00,8,15,22,8,631,567.00,445.00
1,1,1,16,16,16,11,16,8.00,1,8,22,8,631,882.00,639.00
16,1,16,6,1,6,1,11,10.00,1,22,8,1,631,512.00,355.00
11,6,1,16,16,6,11,16,8.00,1,1,22,22,631,873.00,584.00
16,16,11,1,11,16,6,11,8.00,1,15,8,15,631,634.00,491.00
11,16,1,11,6,1,11,6,8.00,8,22,15,8,631,522.00,366.00
11,6,6,6,6,1,1,16,6.00,8,15,1,8,631,557.00,351.00
11,6,1,16,6,6,11,11,0.00,1,22,22,15,631,703.00,495.00
11,11,6,6,1,16,6,16,8.00,8,8,1,15,631,686.00,509.00
16,11,11,1,11,6,1,16,0.00,22,8,8,8,631,572.00,401.00
16,11,6,6,16,1,11,6,10.00,15,1,15,22,631,552.00,389.00
16,16,1,1,1,16,6,11,0.00,8,22,22,15,631,536.00,422.00
6,11,1,1,6,16,6,11,8.00,1,15,8,15,631,503.00,401.00
11,16,1,11,11,16,1,11,4.00,22,22,22,1,631,597.00,462.00
6,16,1,1,16,11,6,16,8.00,22,8,1,8,631,583.00,454.00
1,1,11,1,6,16,11,11,2.00,1,8,15,1,631,638.00,488.00
16,11,11,16,1,1,11,16,4.00,22,1,22,8,631,853.00,571.00
1,6,16,16,1,11,6,6,10.00,22,22,15,8,631,646.00,462.00
11,1,6,11,16,1,6,16,2.00,15,8,8,8,631,704.00,464.00
6,1,6,16,16,6,1,11,10.00,1,15,1,15,631,641.00,415.00
1,16,1,6,16,6,16,11,0.00,22,1,8,22,631,702.00,497.00
16,16,6,6,6,6,16,16,4.00,15,22,22,22,631,835.00,581.00
11,11,6,11,11,16,6,16,8.00,8,1,8,22,631,812.00,577.00
16,11,1,6,11,1,16,11,0.00,22,22,8,8,631,659.00,459.00
1,11,1,16,16,1,16,11,2.00,15,22,22,8,631,746.00,529.00
1,1,1,1,1,1,16,16,0.00,1,15,8,8,631,591.00,410.00
6,11,6,6,1,11,1,6,8.00,1,8,8,8,631,378.00,285.00
6,16,16,1,6,11,11,6,0.00,8,8,22,15,631,657.00,502.00
1,1,16,6,16,16,1,16,8.00,1,22,1,15,631,719.00,512.00
16,11,11,11,11,16,11,1,2.00,1,22,15,15,631,667.00,515.00
1,1,16,11,16,11,6,6,6.00,15,8,15,22,631,629.00,463.00
1,1,1,1,1,16,1,11,8.00,1,15,15,15,631,395.00,306.00
1,1,6,16,16,11,6,16,10.00,22,22,1,15,631,798.00,565.00
1,1,1,16,1,1,6,6,2.00,15,8,1,8,631,447.00,303.00
16,11,1,11,11,16,16,6,0.00,1,15,22,1,631,717.00,563.00
11,6,11,6,16,6,11,6,4.00,1,22,15,8,631,610.00,455.00
6,16,6,6,1,16,11,1,10.00,8,1,15,1,631,524.00,414.00
16,11,11,6,6,1,6,1,6.00,15,22,22,15,631,433.00,295.00
6,1,6,11,11,16,11,1,8.00,1,22,1,15,631,563.00,440.00
11,16,11,6,11,16,11,16,4.00,1,15,22,22,631,849.00,634.00
6,6,6,6,11,6,6,6,10.00,8,15,8,15,631,445.00,325.00
1,6,11,6,11,1,16,1,4.00,8,1,22,8,631,573.00,421.00
16,11,1,6,6,1,11,6,6.00,15,1,1,8,631,444.00,320.00
6,6,6,6,11,1,16,11,0.00,1,15,8,15,631,658.00,471.00
11,11,1,16,16,1,11,11,6.00,22,1,1,8,631,682.00,483.00
16,16,1,1,11,1,11,6,4.00,15,8,15,15,631,462.00,328.00
11,11,11,11,1,6,16,16,2.00,22,22,22,22,631,892.00,616.00
6,1,11,6,16,16,6,16,10.00,22,15,8,15,631,727.00,556.00
6,11,1,1,11,1,11,6,2.00,8,15,22,8,631,437.00,309.00
16,16,1,1,6,16,1,11,4.00,22,22,22,1,631,507.00,388.00
1,1,1,11,16,1,16,16,2.00,22,1,1,22,631,756.00,533.00
1,1,11,11,16,11,1,6,0.00,8,22,15,8,631,507.00,374.00
6,16,6,6,1,1,6,6,0.00,8,1,22,8,631,403.00,288.00
1,11,1,16,1,6,11,16,0.00,1,15,15,15,631,800.00,531.00
16,6,11,16,6,1,1,11,8.00,22,15,22,22,631,648.00,409.00
16,1,11,6,11,1,11,11,0.00,22,22,1,22,631,636.00,435.00
16,16,16,16,16,1,6,11,2.00,1,1,1,15,631,785.00,528.00
11,11,11,6,16,1,16,16,6.00,15,15,8,1,631,822.00,587.00
1,16,16,11,6,11,6,11,4.00,1,8,1,8,631,701.00,510.00
11,6,6,6,1,16,16,11,6.00,1,1,1,8,631,710.00,552.00
16,6,1,11,11,16,6,1,8.00,1,8,8,1,631,488.00,377.00
16,11,6,6,16,16,6,11,10.00,15,1,8,15,631,623.00,504.00
1,1,1,1,1,1,1,1,0.00,8,1,15,8,631,96.00,66.00
1,6,1,11,11,11,11,11,10.00,1,1,22,1,631,657.00,484.00
1,16,16,6,16,6,16,11,8.00,15,15,22,1,631,856.00,623.00
16,6,11,11,16,16,6,1,10.00,22,22,15,8,631,586.00,458.00
16,11,11,16,6,1,11,16,10.00,22,1,1,15,631,854.00,574.00
16,1,6,1,1,16,1,1,8.00,1,1,8,8,631,304.00,250.00
11,6,16,1,16,16,16,1,0.00,1,8,1,22,631,706.00,564.00
16,1,1,16,16,16,16,6,0.00,22,8,22,22,631,773.00,601.00
6,11,16,1,6,11,11,6,8.00,22,22,15,15,631,663.00,482.00
16,6,6,11,16,11,6,1,0.00,8,8,22,15,631,487.00,379.00
6,11,11,6,6,1,11,6,8.00,22,8,15,22,631,576.00,390.00
16,16,6,6,1,11,16,16,0.00,1,1,8,1,631,789.00,596.00
6,6,6,1,16,11,6,6,2.00,22,8,1,15,631,455.00,351.00
11,1,11,1,1,6,6,11,8.00,15,1,8,22,631,485.00,346.00
6,16,11,16,1,6,11,6,8.00,15,15,22,1,631,681.00,486.00
1,6,1,11,11,11,11,11,4.00,22,22,15,1,631,649.00,486.00
1,6,1,11,11,11,11,11,10.00,8,22,22,15,631,656.00,493.00
16,11,6,6,16,16,6,11,0.00,15,15,22,1,631,637.00,508.00
16,6,6,1,11,16,6,16,10.00,15,1,8,8,631,636.00,504.00
11,16,16,6,11,16,16,16,10.00,15,1,15,15,631,970.00,726.00
6,1,16,6,6,6,11,6,0.00,8,8,22,8,631,610.00,447.00
1,1,1,1,1,1,16,11,8.00,1,8,15,8,631,516.00,358.00
11,1,1,6,16,16,11,1,10.00,1,22,15,8,631,507.00,423.00
6,16,6,6,1,16,1,16,2.00,1,15,8,22,631,660.00,457.00
11,16,11,16,1,1,11,6,0.00,22,1,1,8,631,626.00,438.00
1,1,1,1,1,16,16,16,0.00,15,15,15,15,631,724.00,536.00
11,6,11,11,16,1,16,11,2.00,15,1,8,8,631,761.00,550.00
16,6,6,11,1,16,16,16,4.00,22,15,1,1,631,862.00,658.00
6,16,1,6,1,16,16,1,10.00,1,8,15,15,631,583.00,455.00
16,11,1,11,11,6,11,11,2.00,8,8,8,22,631,650.00,475.00
6,11,1,6,11,6,1,11,4.00,22,8,8,15,631,454.00,318.00
11,1,6,1,1,6,6,11,8.00,15,1,8,22,631,440.00,316.00
16,16,1,6,11,11,16,6,2.00,8,22,8,15,631,667.00,506.00
11,16,1,1,6,11,6,11,4.00,8,22,22,15,631,511.00,384.00
1,1,1,1,1,1,1,1,2.00,15,8,1,8,631,96.00,63.00
16,6,11,1,6,6,11,1,6.00,15,8,15,1,631,473.00,362.00
6,11,6,6,6,11,16,6,6.00,8,8,8,22,631,670.00,487.00
6,1,1,6,11,6,11,11,4.00,22,1,8,22,631,557.00,409.00
11,6,1,16,6,11,11,1,10.00,15,22,22,22,631,565.00,420.00
11,16,16,6,11,1,1,16,10.00,22,22,15,1,631,648.00,437.00
1,1,16,6,6,6,1,16,2.00,1,1,22,22,631,688.00,435.00
1,16,6,1,16,16,1,11,10.00,22,8,1,8,631,493.00,397.00
6,16,11,16,1,6,11,6,8.00,22,8,8,15,631,677.00,473.00
6,11,1,11,11,1,1,1,4.00,22,22,8,1,631,274.00,197.00
11,16,6,6,1,16,6,11,8.00,8,15,22,22,631,616.00,468.00
11,11,6,6,16,11,11,16,2.00,22,8,15,22,631,776.00,572.00
11,11,11,6,1,1,16,1,4.00,22,8,8,8,631,575.00,405.00
6,11,1,1,6,11,6,6,6.00,8,8,15,8,631,388.00,305.00
1,1,1,1,1,1,1,1,4.00,15,15,22,8,631,124.00,79.00
11,1,11,11,6,6,16,1,4.00,8,8,8,15,631,628.00,450.00
11,16,6,1,11,16,6,16,10.00,15,1,1,8,631,644.00,512.00
1,6,11,6,6,1,11,6,6.00,15,1,8,8,631,521.00,366.00
11,6,11,1,11,11,1,1,0.00,22,1,15,22,631,349.00,274.00
1,1,11,6,6,1,6,1,8.00,1,1,8,22,631,346.00,244.00
16,11,1,16,6,6,1,16,6.00,8,15,1,8,631,712.00,460.00
11,6,16,11,16,1,11,6,8.00,15,1,22,1,631,662.00,487.00
6,16,6,6,6,16,11,1,4.00,1,8,22,22,631,567.00,438.00
6,1,16,6,1,16,11,1,10.00,1,22,15,8,631,600.00,458.00
11,11,6,1,16,6,1,11,10.00,22,15,1,22,631,439.00,320.00
1,11,11,1,11,6,1,16,0.00,22,8,8,8,631,557.00,384.00
1,1,1,11,1,11,16,1,4.00,8,1,22,1,631,531.00,395.00
6,1,16,6,1,11,11,6,6.00,1,22,22,22,631,651.00,466.00
1,6,1,11,11,11,11,11,10.00,15,15,1,15,631,635.00,487.00
16,6,11,11,16,16,6,1,10.00,22,1,22,1,631,565.00,450.00
1,1,1,1,1,1,1,1,10.00,8,1,22,22,631,117.00,85.00
11,16,11,16,6,16,6,16,4.00,1,1,22,22,631,938.00,638.00
16,6,11,6,6,1,1,16,8.00,15,22,8,1,631,583.00,379.00
11,1,11,11,6,6,16,16,4.00,8,15,1,1,631,823.00,595.00
1,1,1,1,1,1,1,1,0.00,1,22,8,8,631,103.00,71.00
6,1,11,11,6,16,6,11,4.00,8,22,8,15,631,659.00,506.00
16,11,16,16,6,1,11,16,0.00,1,22,22,15,631,910.00,611.00
11,6,6,6,6,16,6,16,4.00,1,1,22,22,631,733.00,519.00
1,1,1,1,1,1,1,1,4.00,22,1,1,15,631,103.00,73.00
6,1,11,11,1,6,16,1,2.00,1,1,22,22,631,615.00,434.00
6,11,16,16,16,11,6,16,10.00,22,15,15,1,631,900.00,630.00
6,16,6,11,6,1,16,11,0.00,1,1,15,22,631,713.00,511.00
6,6,1,1,6,16,1,1,10.00,8,8,15,15,631,322.00,253.00
11,6,1,11,1,6,11,1,6.00,8,15,8,22,631,447.00,318.00
16,16,16,6,6,1,16,11,6.00,1,15,1,15,631,776.00,566.00
6,6,11,1,6,16,16,1,10.00,1,15,8,8,631,621.00,492.00
16,6,11,16,1,6,11,16,0.00,1,15,15,8,631,868.00,583.00
6,1,16,6,16,1,1,1,8.00,8,1,15,1,631,329.00,259.00
16,11,16,11,11,6,1,11,10.00,22,22,15,22,631,644.00,443.00
1,1,6,16,16,11,6,16,8.00,15,1,1,1,631,818.00,559.00
11,6,1,11,1,16,11,1,4.00,8,1,1,1,631,495.00,392.00
11,6,1,1,11,6,16,6,6.00,22,1,15,15,631,557.00,405.00
16,6,11,11,1,6,11,16,10.00,15,1,8,15,631,793.00,549.00
16,6,1,6,16,16,6,11,0.00,1,15,15,15,631,585.00,476.00
16,6,11,16,1,1,1,16,2.00,8,15,1,15,631,739.00,455.00
11,1,6,11,16,1,6,16,2.00,1,22,15,8,631,711.00,466.00
1,16,1,6,16,6,16,11,0.00,1,15,8,8,631,681.00,499.00
16,16,16,6,6,16,16,1,10.00,22,22,22,22,631,807.00,594.00
1,1,1,16,16,6,1,16,6.00,15,8,1,1,631,701.00,454.00
1,11,1,16,6,1,1,11,8.00,22,22,1,15,631,551.00,345.00
11,11,11,11,1,6,1,16,2.00,22,15,22,22,631,708.00,452.00
1,11,6,6,6,1,6,1,6.00,1,8,15,1,631,319.00,236.00
1,11,16,16,6,16,16,16,0.00,15,1,1,22,631,1008.00,747.00
6,11,16,16,16,11,6,16,0.00,1,1,1,15,631,935.00,630.00
16,1,11,6,11,1,11,11,10.00,1,1,15,22,631,621.00,446.00
16,6,6,6,16,6,6,6,6.00,22,22,22,1,631,495.00,367.00
16,6,11,11,6,1,1,11,8.00,22,22,8,8,631,538.00,353.00
11,6,16,11,16,11,1,6,0.00,8,22,22,8,631,559.00,427.00
1,1,6,1,11,1,1,16,10.00,22,22,15,1,631,463.00,303.00
16,11,16,16,1,1,6,1,0.00,15,15,15,1,631,520.00,372.00
1,1,1,1,1,1,1,1,0.00,15,1,1,22,631,103.00,73.00
1,11,6,1,16,6,1,11,10.00,1,22,1,1,631,414.00,302.00
16,6,6,11,16,16,6,6,10.00,22,15,1,1,631,584.00,479.00
6,6,1,16,6,6,6,6,2.00,15,1,8,22,631,525.00,368.00
16,1,1,11,1,6,11,1,2.00,1,8,8,22,631,423.00,314.00
1,16,6,6,6,16,11,6,4.00,8,22,22,8,631,634.00,480.00
11,6,1,16,11,11,1,16,4.00,22,22,22,15,631,747.00,508.00
16,1,16,6,6,6,16,1,0.00,15,1,8,8,631,636.00,472.00
1,6,16,16,1,11,6,6,4.00,1,22,15,8,631,625.00,461.00
16,6,11,16,1,1,1,16,2.00,22,1,22,8,631,753.00,466.00
11,1,1,6,16,16,6,11,10.00,15,1,8,15,631,563.00,461.00
16,6,1,6,1,6,16,6,6.00,22,8,15,8,631,572.00,407.00
6,11,16,1,16,1,1,1,8.00,8,8,1,22,631,333.00,254.00
11,6,16,6,6,11,11,6,0.00,8,8,22,15,631,672.00,495.00
1,16,1,11,11,11,16,1,10.00,22,8,1,8,631,613.00,460.00
1,1,16,6,11,16,1,11,10.00,22,22,1,15,631,584.00,440.00
6,11,1,6,1,1,1,16,8.00,1,1,8,1,631,533.00,317.00
11,11,6,1,16,6,1,6,0.00,1,8,22,22,631,363.00,274.00
11,16,16,1,1,11,16,16,2.00,22,8,1,8,631,858.00,628.00
1,16,11,16,6,11,1,6,6.00,1,15,15,8,631,583.00,408.00
1,16,1,11,6,1,16,11,4.00,22,15,15,8,631,684.00,470.00
11,16,11,16,16,11,6,16,6.00,1,8,8,22,631,922.00,623.00
11,11,1,16,11,1,16,11,0.00,1,22,1,15,631,719.00,524.00
16,11,11,11,11,16,11,1,8.00,1,15,8,15,631,653.00,506.00
16,16,1,6,11,1,11,6,8.00,22,1,15,22,631,509.00,355.00
11,6,16,1,11,11,16,11,8.00,15,22,1,22,631,814.00,593.00
6,6,6,6,6,16,11,16,4.00,22,8,8,8,631,740.00,562.00
6,11,1,1,6,11,6,6,6.00,1,15,22,22,631,409.00,313.00
16,16,1,11,1,11,1,16,4.00,8,15,1,15,631,664.00,450.00
6,6,16,16,6,6,16,11,4.00,22,8,15,1,631,874.00,622.00
11,16,1,16,16,6,16,11,6.00,22,1,1,22,631,785.00,587.00
1,11,6,6,1,6,11,1,10.00,15,8,15,8,631,455.00,320.00
1,16,16,16,1,1,6,16,2.00,8,15,22,22,631,852.00,542.00
11,1,11,11,6,6,16,16,10.00,15,22,1,8,631,835.00,597.00
16,16,11,1,1,6,6,6,10.00,15,22,8,1,631,469.00,341.00
16,11,16,16,6,16,6,1,8.00,1,1,8,22,631,626.00,489.00
1,6,16,11,16,11,6,16,4.00,1,1,22,22,631,873.00,595.00
11,6,1,16,1,16,11,6,6.00,1,1,15,8,631,617.00,490.00
16,1,6,1,1,16,1,1,8.00,22,1,15,15,631,339.00,268.00
1,1,1,1,16,6,16,16,8.00,22,22,15,15,631,713.00,500.00
1,1,16,6,11,6,11,16,4.00,1,15,22,1,631,758.00,558.00
11,1,1,1,6,1,6,6,10.00,15,22,1,8,631,300.00,211.00
16,16,11,1,1,6,1,1,8.00,8,1,15,1,631,284.00,234.00
11,6,16,1,16,16,16,16,0.00,22,22,22,22,631,957.00,697.00
1,16,1,6,16,6,16,6,0.00,22,8,22,22,631,653.00,459.00
11,6,6,1,1,16,16,6,8.00,1,15,8,1,631,623.00,488.00
1,11,6,1,6,1,16,1,8.00,8,8,15,8,631,483.00,351.00
16,1,1,16,16,1,11,6,6.00,15,1,1,8,631,556.00,411.00
1,1,1,1,1,1,16,16,4.00,22,8,8,15,631,612.00,413.00
6,11,1,6,16,1,11,1,2.00,8,1,1,22,631,406.00,289.00
1,1,16,11,1,1,1,16,8.00,1,8,22,22,631,716.00,431.00
1,1,1,1,1,1,1,1,0.00,22,1,8,22,631,117.00,80.00
1,1,1,1,1,1,1,1,10.00,22,22,22,1,631,131.00,85.00
11,11,6,16,1,1,11,6,0.00,22,8,1,1,631,565.00,402.00
11,16,11,1,6,16,11,16,4.00,1,15,22,22,631,799.00,588.00
6,6,6,6,11,11,11,6,0.00,22,22,8,22,631,603.00,439.00
6,1,11,11,6,1,6,6,2.00,8,8,1,22,631,478.00,328.00
1,16,11,16,11,1,6,16,2.00,22,8,15,8,631,819.00,532.00
6,1,1,16,11,6,6,11,6.00,8,22,8,8,631,640.00,437.00
6,6,11,6,6,11,6,6,6.00,22,8,8,22,631,529.00,379.00
11,1,1,11,6,6,6,6,2.00,15,1,8,22,631,445.00,325.00
6,6,6,1,11,11,1,1,8.00,8,22,22,1,631,287.00,246.00
11,11,11,6,1,16,6,16,6.00,1,8,22,15,631,749.00,535.00
1,1,1,1,1,1,1,1,0.00,8,8,1,1,631,82.00,58.00
1,1,1,1,1,1,16,16,6.00,8,22,15,1,631,605.00,416.00
1,16,11,1,1,16,11,11,10.00,1,8,22,22,631,687.00,512.00
11,1,6,11,11,16,6,6,6.00,1,15,15,8,631,542.00,446.00
11,16,16,1,1,11,16,16,2.00,22,1,8,1,631,865.00,627.00
1,1,1,6,11,1,16,6,6.00,22,22,15,8,631,551.00,373.00
16,11,11,16,6,1,11,16,10.00,1,15,22,8,631,875.00,577.00
11,11,6,1,16,6,6,11,10.00,8,8,8,22,631,515.00,376.00
16,16,1,6,16,6,1,6,0.00,1,1,8,1,631,383.00,289.00
1,1,11,11,16,11,1,16,6.00,8,15,1,8,631,727.00,489.00
1,11,16,16,6,16,16,16,0.00,1,8,8,1,631,1001.00,743.00
11,1,1,16,11,11,11,11,2.00,8,15,1,1,631,706.00,534.00
6,1,16,11,1,16,11,1,2.00,8,8,1,22,631,633.00,469.00
11,6,16,6,16,1,1,1,8.00,15,15,1,1,631,356.00,268.00
11,6,1,11,11,16,6,11,8.00,1,15,8,15,631,633.00,492.00
11,16,6,16,16,11,11,1,8.00,1,1,1,1,631,598.00,478.00
1,1,11,16,1,1,1,16,2.00,1,22,15,8,631,721.00,443.00
16,6,11,1,6,16,11,11,0.00,22,8,1,8,631,673.00,517.00
11,1,11,11,6,6,11,11,6.00,15,15,8,22,631,684.00,486.00
11,1,1,6,16,16,1,16,2.00,1,1,22,1,631,652.00,469.00
11,1,11,6,6,11,6,6,6.00,22,8,8,8,631,505.00,376.00
6,11,1,16,6,6,11,11,6.00,15,1,22,1,631,693.00,491.00
1,1,1,16,1,1,6,6,2.00,1,1,15,15,631,484.00,306.00
11,16,6,11,1,6,6,1,8.00,22,15,15,8,631,439.00,310.00
1,1,1,1,1,16,16,11,0.00,8,8,15,15,631,635.00,477.00
11,6,6,11,1,16,16,11,6.00,1,22,15,1,631,787.00,595.00
6,16,6,11,6,1,16,11,0.00,22,8,1,8,631,713.00,501.00
11,11,11,16,11,6,1,6,4.00,1,1,1,1,631,577.00,386.00
1,11,1,16,1,16,11,16,10.00,8,1,22,22,631,871.00,607.00
6,11,11,1,6,6,16,1,6.00,15,8,15,22,631,594.00,434.00
16,6,16,16,11,16,1,11,6.00,22,22,22,1,631,745.00,553.00
1,1,16,16,6,6,6,6,6.00,1,15,15,1,631,601.00,428.00
1,1,16,11,16,11,6,11,2.00,15,8,1,22,631,701.00,506.00
16,16,16,6,11,11,1,1,8.00,8,15,22,22,631,481.00,363.00
16,1,11,16,6,1,6,1,0.00,8,22,15,1,631,455.00,329.00
16,1,1,16,16,16,1,11,10.00,22,8,1,8,631,652.00,497.00
1,1,16,6,11,6,11,16,8.00,1,1,22,22,631,793.00,565.00
6,16,6,6,1,16,11,1,10.00,1,1,15,22,631,538.00,415.00
1,6,16,11,16,11,6,1,8.00,1,22,15,8,631,565.00,433.00
11,1,11,1,6,6,1,16,8.00,15,1,1,22,631,553.00,366.00
11,6,6,11,1,11,1,1,8.00,22,8,15,8,631,346.00,269.00
11,16,11,1,6,6,6,1,8.00,1,1,8,22,631,396.00,305.00
1,6,6,6,16,11,16,11,0.00,1,1,1,1,631,712.00,545.00
1,16,11,16,6,11,16,6,10.00,15,1,15,22,631,817.00,587.00
16,16,1,1,1,1,6,11,6.00,22,8,1,8,631,403.00,282.00
16,1,16,6,6,6,11,16,0.00,8,8,8,1,631,744.00,545.00
11,1,11,11,11,1,1,11,6.00,8,8,22,1,631,573.00,365.00
6,1,6,6,6,1,6,1,6.00,15,22,22,1,631,329.00,221.00
1,1,1,1,6,1,11,6,4.00,1,15,15,8,631,373.00,258.00
6,6,6,6,16,16,6,16,10.00,22,15,15,22,631,716.00,544.00
1,1,1,1,1,1,1,1,0.00,1,15,15,1,631,96.00,72.00
6,1,11,11,6,16,16,11,6.00,8,8,22,8,631,830.00,618.00
16,11,6,6,16,16,6,11,0.00,8,22,22,1,631,637.00,508.00
16,11,1,11,16,6,11,16,2.00,1,22,15,15,631,778.00,554.00
16,16,6,6,1,16,6,6,10.00,1,22,8,15,631,525.00,417.00
11,6,1,16,1,11,16,16,0.00,22,8,15,22,631,863.00,629.00
1,1,1,1,1,1,1,1,0.00,22,15,1,15,631,117.00,75.00
16,16,6,6,1,11,11,6,0.00,1,22,8,22,631,592.00,439.00
1,6,16,6,11,11,6,16,0.00,1,8,15,22,631,769.00,536.00
1,16,1,1,16,1,1,6,8.00,1,8,15,8,631,275.00,193.00
16,6,1,1,6,16,1,11,4.00,22,22,22,1,631,497.00,371.00
6,11,1,16,6,1,1,1,4.00,22,1,1,22,631,332.00,227.00
16,11,16,16,1,1,11,1,0.00,22,8,15,8,631,622.00,433.00
11,16,1,16,16,6,16,11,6.00,22,15,15,22,631,813.00,589.00
1,6,11,6,6,16,11,6,6.00,22,22,15,1,631,658.00,484.00
6,16,11,16,1,6,11,6,10.00,8,1,1,22,631,656.00,472.00
1,1,6,16,16,11,6,16,10.00,22,22,1,22,631,805.00,570.00
1,1,1,1,1,1,1,1,6.00,22,22,22,22,631,152.00,91.00
6,11,16,6,16,1,1,1,8.00,8,1,15,1,631,359.00,284.00
11,1,1,1,6,1,11,11,4.00,15,1,8,1,631,444.00,321.00
16,16,6,6,11,1,11,6,8.00,22,1,1,22,631,545.00,381.00
16,16,1,6,11,16,11,16,8.00,8,8,15,22,631,762.00,592.00
6,6,6,6,6,6,1,1,8.00,1,1,1,1,631,237.00,187.00
11,16,11,1,6,6,6,1,10.00,15,22,1,15,631,417.00,306.00
1,1,1,1,1,1,1,1,0.00,15,15,22,15,631,131.00,83.00
1,1,1,1,1,1,16,1,2.00,22,15,1,1,631,388.00,263.00
16,16,1,11,6,11,6,11,6.00,8,22,22,22,631,625.00,465.00
11,16,16,11,6,11,11,1,10.00,15,1,8,15,631,663.00,492.00
11,16,1,11,11,16,16,6,0.00,1,8,15,1,631,713.00,560.00
16,11,1,16,16,6,16,11,6.00,22,8,15,8,631,782.00,588.00
1,1,16,11,16,1,11,1,2.00,1,1,22,1,631,554.00,418.00
6,1,16,6,6,6,11,6,0.00,8,1,1,22,631,596.00,431.00
6,16,6,6,1,1,6,6,0.00,15,8,1,1,631,393.00,275.00
1,11,11,16,16,16,16,1,2.00,8,1,15,8,631,781.00,593.00
11,1,11,16,11,6,11,16,2.00,22,22,1,22,631,855.00,600.00
16,16,16,16,16,1,6,11,2.00,15,15,8,8,631,757.00,523.00
16,11,1,11,16,6,11,16,8.00,1,15,8,15,631,778.00,550.00
11,16,1,11,11,16,6,11,2.00,1,22,15,1,631,639.00,506.00
16,16,1,11,6,11,1,16,0.00,8,15,1,1,631,665.00,466.00
1,11,16,16,6,16,16,11,6.00,8,1,8,15,631,931.00,691.00
11,11,6,6,1,6,16,6,6.00,22,8,15,8,631,632.00,444.00
1,1,1,16,1,16,1,11,0.00,1,15,8,15,631,622.00,421.00
6,6,6,6,1,6,6,6,8.00,22,15,15,8,631,429.00,299.00
11,1,16,1,6,6,6,16,6.00,8,22,22,15,631,643.00,457.00
16,16,1,6,11,11,16,6,2.00,15,8,1,1,631,643.00,497.00
1,1,11,11,16,11,1,6,0.00,8,22,15,15,631,514.00,377.00
6,6,11,6,11,11,16,1,8.00,22,15,22,8,631,676.00,491.00
1,6,16,6,11,6,6,16,0.00,1,8,15,22,631,744.00,506.00
1,1,1,1,16,6,11,16,0.00,22,15,1,8,631,595.00,434.00
1,1,1,1,1,16,11,11,4.00,22,15,1,15,631,552.00,420.00
1,16,11,11,1,16,11,6,2.00,1,8,8,22,631,688.00,513.00
16,1,16,6,6,16,6,16,10.00,1,22,8,15,631,756.00,564.00
11,1,11,11,6,16,11,1,4.00,1,8,22,22,631,617.00,464.00
6,1,16,6,6,6,16,16,10.00,15,22,8,1,631,849.00,601.00
11,6,1,1,11,16,1,1,6.00,8,15,22,1,631,356.00,277.00
16,16,6,16,16,6,16,1,4.00,8,1,22,1,631,691.00,519.00
11,6,1,16,6,6,1,16,6.00,8,15,15,22,631,725.00,451.00
16,11,16,16,1,1,11,1,0.00,22,15,1,8,631,615.00,432.00
1,1,16,6,11,16,1,11,10.00,22,8,1,22,631,584.00,438.00
1,16,11,16,11,1,6,16,2.00,22,8,1,22,631,819.00,529.00
11,11,11,16,11,16,6,16,10.00,15,1,8,1,631,894.00,636.00
11,16,6,1,11,6,1,6,4.00,8,1,22,22,631,362.00,268.00
1,11,6,1,16,6,1,11,10.00,22,8,22,1,631,428.00,313.00
16,11,16,11,16,1,11,6,8.00,15,22,1,1,631,682.00,493.00
6,11,11,16,11,16,6,16,8.00,8,1,8,22,631,917.00,630.00
16,11,11,16,6,1,11,16,10.00,1,1,15,15,631,889.00,583.00
1,1,1,16,6,16,11,11,0.00,1,1,1,22,631,732.00,541.00
6,1,11,11,1,6,16,1,2.00,8,8,22,22,631,629.00,434.00
16,11,16,11,16,16,16,11,4.00,1,8,1,8,631,922.00,708.00
1,6,1,1,16,16,11,11,8.00,22,1,15,1,631,598.00,475.00
1,1,1,1,1,1,1,1,0.00,22,1,22,22,631,131.00,85.00
11,16,1,11,11,16,6,11,8.00,1,22,22,15,631,660.00,511.00
6,6,11,11,6,6,1,16,10.00,15,22,15,15,631,694.00,447.00
16,16,1,6,16,16,1,6,4.00,8,8,8,15,631,466.00,380.00
6,1,11,11,6,1,6,6,2.00,1,22,22,1,631,479.00,338.00
16,1,11,6,11,1,11,11,0.00,15,8,1,15,631,608.00,429.00
1,1,16,11,16,11,6,11,2.00,1,1,1,15,631,715.00,510.00
16,6,11,16,1,6,11,16,6.00,22,8,1,15,631,847.00,582.00
6,16,1,11,6,16,16,6,4.00,1,15,15,15,631,710.00,544.00
11,16,6,6,6,16,1,1,8.00,1,1,15,8,631,366.00,307.00
16,1,6,1,1,16,6,11,2.00,22,8,15,22,631,536.00,413.00
11,6,16,1,11,11,16,11,8.00,1,1,1,1,631,767.00,593.00
11,6,6,16,16,11,11,1,8.00,15,22,15,22,631,638.00,468.00
11,16,11,6,11,6,1,6,8.00,1,8,8,8,631,433.00,323.00
6,16,6,6,1,11,6,6,10.00,8,15,8,15,631,480.00,356.00
16,6,16,11,11,6,16,1,0.00,22,1,22,22,631,741.00,530.00
6,16,16,16,11,6,6,16,4.00,1,8,15,22,631,919.00,603.00
11,11,11,6,1,16,6,1,6.00,15,22,15,15,631,511.00,392.00
1,11,1,6,6,6,6,11,4.00,1,8,22,1,631,500.00,345.00
6,6,6,1,1,6,6,1,10.00,8,15,8,22,631,317.00,227.00
6,6,1,1,6,16,1,11,8.00,15,1,8,22,631,427.00,334.00
16,16,11,1,6,11,11,6,0.00,8,8,22,15,631,617.00,468.00
6,11,1,16,16,16,1,1,6.00,8,15,22,1,631,496.00,372.00
16,11,11,16,6,11,1,6,6.00,22,8,1,8,631,562.00,418.00
1,1,1,1,1,1,1,1,0.00,15,22,22,22,631,145.00,88.00
1,16,16,11,11,11,1,16,4.00,1,8,15,15,631,812.00,532.00
11,6,16,11,6,11,6,11,10.00,15,15,8,1,631,677.00,498.00
16,16,11,11,1,11,6,16,10.00,1,1,15,22,631,821.00,550.00
6,11,16,16,16,11,11,11,8.00,8,15,8,8,631,843.00,628.00
11,16,1,6,11,1,1,11,2.00,1,22,22,1,631,451.00,293.00
16,11,11,16,6,1,11,16,10.00,15,22,15,15,631,854.00,573.00
1,11,1,6,6,6,6,11,4.00,22,22,15,8,631,491.00,349.00
16,6,6,16,11,6,1,11,4.00,22,8,15,8,631,639.00,432.00
6,16,11,16,1,1,1,16,2.00,1,22,15,8,631,756.00,462.00
1,1,1,16,6,16,16,16,6.00,8,15,15,8,631,876.00,661.00
1,1,1,1,1,16,1,1,0.00,1,22,22,15,631,301.00,219.00
1,11,16,16,6,16,16,16,10.00,15,22,1,8,631,1010.00,742.00
16,16,11,1,1,6,6,6,0.00,8,15,1,1,631,448.00,340.00
16,11,1,11,16,6,1,16,2.00,1,15,1,15,631,681.00,446.00
6,11,11,11,6,11,11,16,2.00,1,22,15,1,631,819.00,592.00
1,16,6,11,16,11,16,1,10.00,22,22,1,15,631,699.00,513.00
1,1,1,1,1,16,1,11,0.00,15,1,22,22,631,409.00,307.00
16,16,6,16,16,1,16,6,10.00,22,22,22,8,631,763.00,537.00
11,16,6,16,11,6,1,11,6.00,15,22,15,15,631,654.00,440.00
6,6,6,11,6,6,16,16,10.00,15,22,8,1,631,804.00,574.00
11,1,11,6,6,6,1,1,10.00,15,22,1,15,631,317.00,227.00
16,16,6,6,1,11,16,16,0.00,22,22,1,8,631,827.00,599.00
11,11,6,16,1,1,11,6,0.00,22,8,15,22,631,596.00,413.00
11,16,6,1,11,16,6,16,4.00,8,15,22,8,631,668.00,516.00
1,16,16,16,1,1,6,16,4.00,15,1,8,8,631,831.00,534.00
6,11,1,6,1,1,1,11,6.00,22,22,22,8,631,395.00,254.00
11,16,6,16,11,6,1,16,8.00,1,8,22,22,631,816.00,505.00
16,16,6,1,6,16,1,6,2.00,1,1,1,8,631,385.00,333.00
1,1,1,1,6,1,16,6,6.00,15,15,15,8,631,482.00,326.00
11,6,6,16,16,11,11,1,6.00,1,22,15,1,631,603.00,464.00
6,6,6,1,11,11,1,1,8.00,8,1,15,22,631,280.00,231.00
16,16,6,6,11,16,11,16,8.00,8,15,22,15,631,809.00,615.00
11,6,1,1,11,6,16,1,4.00,22,8,15,15,631,499.00,368.00
6,16,6,11,6,1,16,6,8.00,22,22,8,8,631,669.00,456.00
16,16,1,6,16,11,1,1,6.00,22,1,15,22,631,376.00,291.00
1,1,1,1,1,1,1,1,0.00,1,22,8,22,631,117.00,81.00
11,6,6,6,6,11,6,11,4.00,8,22,8,15,631,552.00,418.00
11,16,1,1,6,6,1,16,8.00,15,1,1,22,631,513.00,339.00
1,1,11,1,6,16,11,16,0.00,8,8,8,1,631,708.00,533.00
11,1,11,11,11,1,1,11,0.00,22,8,1,8,631,545.00,353.00
11,16,6,11,11,11,16,6,4.00,8,1,8,22,631,738.00,546.00
6,1,16,16,11,6,1,11,6.00,22,22,22,8,631,682.00,459.00
1,1,1,16,6,6,11,16,2.00,15,15,15,22,631,788.00,536.00
16,11,11,16,6,1,11,16,4.00,22,15,1,15,631,840.00,572.00
1,1,1,6,11,6,6,6,4.00,22,8,1,1,631,366.00,281.00
16,11,1,11,1,16,16,1,10.00,22,1,8,22,631,632.00,485.00
6,6,16,1,6,11,6,6,6.00,22,8,8,8,631,525.00,390.00
1,1,1,6,11,6,16,6,2.00,15,1,1,8,631,544.00,397.00
16,16,11,16,6,1,11,6,8.00,8,22,15,22,631,681.00,474.00
11,16,11,1,11,11,11,6,0.00,1,1,1,8,631,585.00,465.00
11,6,6,11,1,16,16,11,6.00,1,22,8,22,631,792.00,597.00
11,16,6,6,1,16,6,11,2.00,1,15,8,15,631,588.00,462.00
6,6,6,6,1,11,1,11,0.00,22,8,15,22,631,488.00,345.00
6,11,1,6,11,1,16,1,4.00,8,1,22,8,631,493.00,352.00
16,11,1,1,11,6,1,6,10.00,22,8,15,15,631,311.00,242.00
6,1,1,6,11,1,16,1,4.00,8,1,22,8,631,463.00,327.00
16,6,16,11,16,16,11,16,6.00,22,15,1,1,631,912.00,689.00
11,6,11,11,16,16,16,11,2.00,1,22,1,22,631,880.00,666.00
1,16,11,16,16,16,6,16,8.00,8,1,8,1,631,916.00,642.00
16,6,11,11,16,16,6,1,10.00,8,15,8,8,631,558.00,446.00
16,16,11,11,1,11,11,11,8.00,22,1,1,15,631,733.00,540.00
11,1,6,1,11,11,1,16,8.00,8,8,1,15,631,551.00,389.00
16,11,6,6,1,16,6,1,0.00,22,1,15,22,631,459.00,361.00
1,6,16,6,11,6,6,16,0.00,8,22,22,15,631,723.00,505.00
16,16,1,6,11,11,16,6,2.00,1,8,15,8,631,646.00,499.00
1,1,16,11,1,1,16,11,2.00,15,1,8,8,631,741.00,523.00
11,6,16,1,11,11,6,6,2.00,1,22,22,1,631,549.00,428.00
6,1,16,6,1,11,16,11,8.00,15,22,15,22,631,818.00,575.00
1,1,1,1,1,1,1,1,4.00,22,8,1,8,631,103.00,70.00
1,1,1,11,16,6,11,16,8.00,1,1,22,22,631,778.00,523.00
16,1,1,1,11,1,16,6,6.00,1,15,22,8,631,505.00,364.00
1,16,1,11,16,11,16,1,4.00,8,8,15,8,631,628.00,474.00
11,11,11,6,1,1,16,1,10.00,22,22,1,15,631,589.00,399.00
16,16,1,6,16,16,1,11,10.00,15,22,15,22,631,555.00,446.00
1,1,1,1,1,1,16,11,6.00,15,8,15,8,631,530.00,358.00
16,1,1,1,16,1,11,16,2.00,8,15,1,15,631,569.00,415.00
11,1,6,11,16,6,6,16,4.00,1,22,15,22,631,750.00,504.00
1,1,16,1,6,11,11,6,0.00,8,8,22,15,631,607.00,455.00
1,1,1,11,6,11,11,1,0.00,15,15,22,15,631,486.00,356.00
1,1,1,1,1,1,1,1,4.00,1,22,22,1,631,110.00,86.00
6,16,16,16,11,6,11,11,6.00,8,8,22,1,631,823.00,597.00
1,1,1,1,1,1,1,1,6.00,15,22,22,22,631,145.00,88.00
16,11,6,6,1,16,6,16,8.00,22,8,1,8,631,670.00,518.00
11,1,6,11,16,1,6,16,0.00,1,15,22,22,631,739.00,476.00
16,1,16,6,1,16,16,11,6.00,1,1,1,8,631,800.00,611.00
16,6,1,11,11,16,6,1,8.00,8,15,8,1,631,502.00,384.00
1,11,6,1,6,1,16,1,8.00,8,1,22,15,631,490.00,354.00
6,6,6,1,11,11,1,16,0.00,8,15,1,1,631,535.00,390.00
1,1,11,16,16,6,16,16,0.00,22,8,22,22,631,940.00,665.00
16,16,1,11,6,11,11,11,10.00,1,1,15,1,631,670.00,509.00
16,11,6,6,16,6,6,11,10.00,8,8,8,22,631,580.00,420.00
1,1,11,11,16,16,11,11,2.00,1,8,1,8,631,736.00,574.00
6,1,11,11,1,6,16,1,6.00,1,15,8,15,631,608.00,432.00
1,11,1,16,16,1,16,1,8.00,1,1,1,1,631,548.00,409.00
11,6,6,16,16,11,11,11,2.00,15,22,22,15,631,773.00,584.00
11,11,6,6,16,11,11,16,8.00,8,15,1,1,631,734.00,564.00
16,6,6,11,16,16,6,11,10.00,1,22,22,22,631,702.00,541.00
11,6,6,11,11,1,1,16,6.00,15,1,8,15,631,668.00,410.00
1,1,1,1,1,1,1,1,0.00,8,1,1,8,631,82.00,57.00
6,16,6,6,1,11,1,6,8.00,1,8,8,15,631,395.00,297.00
16,16,16,16,6,16,16,16,0.00,8,15,1,1,631,1033.00,775.00
1,11,16,6,11,6,6,1,0.00,8,22,15,1,631,490.00,369.00
1,16,6,1,1,6,1,16,2.00,22,15,15,1,631,495.00,339.00
6,16,6,11,6,1,16,11,0.00,1,1,22,22,631,720.00,518.00
6,11,1,1,6,11,6,6,6.00,8,8,1,1,631,367.00,299.00
11,1,11,11,11,1,1,16,0.00,22,8,8,8,631,672.00,426.00
16,11,11,16,6,1,11,16,10.00,22,22,15,22,631,854.00,576.00
1,6,16,11,16,11,6,1,8.00,1,1,8,8,631,537.00,421.00
11,16,11,1,11,11,11,6,0.00,1,22,15,1,631,617.00,477.00
6,16,6,6,6,1,11,6,8.00,15,22,1,8,631,520.00,360.00
16,6,6,6,1,16,11,1,10.00,1,22,15,8,631,525.00,421.00
6,1,11,11,6,1,6,6,10.00,1,1,15,1,631,485.00,334.00
16,11,6,11,6,11,11,11,2.00,8,8,15,8,631,688.00,524.00
16,16,6,16,16,1,16,6,10.00,1,1,15,15,631,721.00,528.00
16,1,6,1,1,16,1,1,8.00,15,22,15,15,631,353.00,281.00
1,16,6,16,6,6,1,16,6.00,8,15,1,8,631,742.00,472.00
11,6,1,1,6,11,1,1,8.00,1,22,8,1,631,262.00,217.00
16,6,16,11,11,6,16,16,4.00,1,8,1,15,631,903.00,662.00
16,16,1,1,1,1,11,6,10.00,22,22,22,22,631,467.00,313.00
1,16,1,6,16,6,16,11,0.00,15,1,15,22,631,702.00,500.00
6,1,6,6,6,16,11,16,4.00,1,15,22,8,631,735.00,556.00
1,1,1,6,11,1,16,6,6.00,1,15,22,22,631,544.00,375.00
6,1,11,11,6,1,6,6,2.00,8,8,22,1,631,478.00,338.00
11,11,11,6,1,16,6,16,6.00,1,8,15,8,631,735.00,531.00
6,6,6,6,16,1,1,16,10.00,22,22,15,1,631,568.00,373.00
11,6,1,1,11,1,11,11,6.00,1,1,1,8,631,460.00,340.00
11,6,1,1,11,6,16,1,4.00,8,1,8,15,631,471.00,360.00
16,16,1,11,6,11,6,11,6.00,8,1,22,1,631,625.00,457.00
1,1,1,1,1,16,6,1,2.00,15,8,8,1,631,332.00,277.00
1,1,1,1,1,1,6,6,2.00,1,15,1,22,631,268.00,180.00
16,11,1,6,11,16,16,11,8.00,22,1,1,1,631,733.00,576.00
1,11,6,11,11,16,16,6,0.00,1,8,15,1,631,738.00,568.00
11,16,1,6,6,1,6,16,0.00,22,22,1,22,631,580.00,395.00
1,11,6,1,11,1,1,11,4.00,22,8,8,15,631,384.00,259.00
11,11,1,16,16,1,16,11,6.00,8,8,22,8,631,755.00,546.00
11,6,11,11,6,16,1,11,10.00,15,8,15,15,631,643.00,463.00
16,6,1,6,16,16,6,11,10.00,22,22,22,8,631,620.00,486.00
11,16,16,11,11,1,6,16,10.00,15,1,8,15,631,803.00,533.00
16,6,1,6,16,16,6,11,10.00,15,1,8,1,631,585.00,477.00
1,11,11,16,16,16,16,1,2.00,15,8,1,15,631,788.00,593.00
16,11,6,1,6,11,6,11,10.00,15,15,8,1,631,518.00,398.00
1,16,16,11,11,6,16,16,8.00,1,15,1,22,631,923.00,675.00
6,1,11,6,16,16,6,16,10.00,22,15,8,8,631,720.00,554.00
6,6,11,6,6,11,6,6,6.00,22,15,15,22,631,543.00,386.00
11,11,11,1,16,11,16,1,8.00,1,1,22,1,631,629.00,506.00
1,16,16,6,16,6,16,11,8.00,15,1,1,8,631,819.00,607.00
6,6,6,6,1,6,6,11,8.00,15,1,8,22,631,515.00,355.00
6,6,6,1,6,6,1,1,10.00,15,22,1,15,631,237.00,183.00
11,1,16,1,6,6,6,16,6.00,22,15,8,8,631,627.00,449.00
6,6,11,6,6,11,6,6,6.00,15,8,1,1,631,498.00,376.00
11,11,1,1,1,11,11,11,4.00,8,1,1,1,631,515.00,402.00
11,1,16,1,6,6,6,16,6.00,15,8,22,8,631,633.00,457.00
11,16,16,1,6,16,1,6,2.00,1,1,22,22,631,511.00,396.00
16,16,6,11,11,1,1,16,10.00,22,22,22,8,631,672.00,430.00
1,1,1,1,6,11,1,16,6.00,22,1,22,8,631,498.00,348.00
1,16,16,6,1,16,1,11,4.00,22,22,22,1,631,610.00,451.00
6,11,1,1,11,6,16,11,8.00,1,1,22,1,631,613.00,457.00
6,6,6,11,11,16,16,6,0.00,1,8,15,1,631,728.00,563.00
16,11,1,6,6,16,11,16,4.00,1,15,22,22,631,744.00,571.00
11,11,16,16,16,1,11,6,4.00,15,22,15,15,631,741.00,523.00
11,6,1,6,16,6,16,1,2.00,15,22,22,8,631,561.00,408.00
16,16,1,1,1,16,6,1,10.00,22,15,1,15,631,410.00,353.00
1,6,1,11,16,11,6,11,2.00,1,8,1,15,631,613.00,442.00
11,1,16,6,16,1,1,1,6.00,1,15,22,22,631,369.00,268.00
16,1,6,11,11,1,11,6,2.00,1,15,22,22,631,554.00,398.00
1,11,11,6,16,1,11,6,0.00,22,1,8,1,631,570.00,408.00
16,11,1,16,6,11,11,16,4.00,1,1,15,22,631,876.00,604.00
1,6,16,16,6,16,11,1,2.00,22,8,15,15,631,719.00,524.00
1,11,1,16,6,11,6,6,2.00,8,8,1,22,631,548.00,403.00
11,6,6,11,11,1,6,6,10.00,22,8,8,15,631,462.00,328.00
1,6,1,1,6,1,11,11,0.00,15,22,15,15,631,491.00,323.00
16,1,11,1,6,6,6,1,8.00,1,22,8,22,631,377.00,279.00
16,16,16,1,16,6,11,6,8.00,8,22,22,1,631,666.00,508.00
1,6,16,6,1,6,1,6,2.00,22,1,8,8,631,413.00,295.00
6,11,6,6,11,6,16,11,10.00,1,22,1,22,631,715.00,514.00
6,16,6,6,1,11,6,1,8.00,1,22,1,15,631,408.00,310.00
1,1,1,11,16,16,1,11,2.00,8,15,1,8,631,566.00,426.00
11,6,11,1,6,16,11,1,2.00,22,1,15,15,631,552.00,428.00
6,1,16,16,1,16,11,16,6.00,22,1,8,1,631,912.00,661.00
1,11,6,6,16,6,6,1,10.00,22,22,8,1,631,412.00,297.00
16,1,1,6,1,16,1,16,0.00,8,1,8,22,631,612.00,429.00
11,16,6,1,16,16,6,6,10.00,15,22,1,15,631,532.00,434.00
6,1,11,6,16,16,11,16,8.00,22,1,8,15,631,800.00,610.00
1,1,16,1,1,16,1,16,8.00,1,22,22,1,631,606.00,439.00
16,11,16,6,1,16,11,6,2.00,15,1,8,22,631,705.00,522.00
1,16,1,11,1,16,6,11,10.00,8,8,1,1,631,592.00,455.00
16,11,1,11,6,6,6,11,10.00,1,8,1,1,631,569.00,405.00
6,16,6,1,1,6,1,16,10.00,8,15,15,8,631,521.00,341.00
11,1,11,1,11,16,1,6,2.00,15,22,8,22,631,441.00,351.00
1,11,16,16,6,11,6,1,10.00,8,8,8,22,631,590.00,432.00
1,16,6,1,16,16,6,11,10.00,22,8,1,22,631,597.00,458.00
16,16,6,6,16,1,1,16,0.00,8,22,22,8,631,626.00,401.00
6,1,6,6,1,11,6,6,6.00,8,1,1,8,631,407.00,320.00
11,11,6,11,16,16,6,1,6.00,15,22,1,22,631,539.00,429.00
1,1,6,1,6,16,16,11,6.00,8,22,22,15,631,716.00,534.00
1,16,11,6,6,11,16,6,6.00,22,22,22,1,631,755.00,544.00
6,1,6,11,6,1,16,6,0.00,15,22,22,8,631,631.00,430.00
6,1,1,1,1,6,16,6,2.00,1,1,22,22,631,500.00,353.00
6,11,11,16,1,16,16,11,6.00,15,1,15,8,631,878.00,656.00
6,6,6,1,6,6,6,11,0.00,22,15,1,8,631,465.00,328.00
11,6,6,1,11,6,1,11,2.00,15,22,1,15,631,402.00,297.00
11,16,16,16,1,6,1,11,8.00,8,22,15,1,631,687.00,451.00
1,16,11,16,11,11,1,16,6.00,8,1,1,1,631,824.00,541.00
16,16,11,6,11,16,1,1,10.00,22,15,1,22,631,459.00,371.00
1,11,6,6,6,6,6,11,8.00,15,15,15,8,631,522.00,369.00
16,1,1,16,16,1,6,1,8.00,8,15,1,1,631,419.00,299.00
6,16,11,11,11,16,16,6,6.00,8,8,22,22,631,839.00,620.00
1,1,6,6,6,11,16,16,0.00,1,15,1,8,631,754.00,560.00
6,1,6,11,11,1,1,16,6.00,1,8,22,8,631,667.00,408.00
11,11,11,16,16,16,6,1,0.00,22,1,22,15,631,629.00,484.00
11,11,11,6,1,11,11,6,10.00,1,15,15,22,631,622.00,455.00
1,16,11,11,11,6,11,6,8.00,1,15,22,22,631,669.00,481.00
6,11,16,6,16,16,16,1,6.00,15,15,8,1,631,763.00,589.00
16,1,1,11,16,16,6,11,4.00,15,8,15,15,631,643.00,509.00
16,16,6,1,11,1,11,11,4.00,1,15,15,15,631,575.00,413.00
16,1,16,11,16,16,1,1,2.00,8,8,15,1,631,491.00,405.00
6,16,16,16,16,6,1,11,8.00,15,8,15,1,631,734.00,496.00
6,1,11,11,6,1,6,6,2.00,8,8,15,8,631,478.00,333.00
11,6,6,1,11,11,16,1,10.00,8,15,15,15,631,577.00,439.00
6,1,6,11,1,11,11,16,4.00,1,8,22,8,631,777.00,537.00
1,16,16,1,11,1,16,1,0.00,15,8,8,15,631,620.00,469.00
16,1,16,11,11,16,11,6,10.00,8,1,22,15,631,745.00,568.00
11,11,16,11,11,6,11,16,8.00,1,8,22,8,631,877.00,621.00
16,16,1,16,6,6,1,6,10.00,22,15,22,1,631,491.00,348.00
16,16,11,1,16,11,11,11,0.00,8,22,1,1,631,700.00,536.00
1,16,16,11,1,1,1,1,0.00,1,1,8,1,631,358.00,268.00
1,16,1,11,16,11,16,1,8.00,22,1,1,8,631,621.00,470.00
11,11,11,1,16,11,16,1,10.00,22,22,1,15,631,664.00,498.00
11,6,6,1,1,16,16,6,8.00,22,22,15,15,631,668.00,502.00
16,6,6,11,16,11,6,1,8.00,8,8,15,8,631,473.00,377.00
1,16,16,11,1,1,1,1,6.00,15,1,8,15,631,378.00,266.00
16,6,16,6,11,16,16,16,4.00,15,15,15,1,631,959.00,711.00
11,6,1,11,1,16,11,6,6.00,22,1,8,8,631,570.00,455.00
6,16,6,6,1,11,1,6,8.00,1,8,15,15,631,402.00,301.00
16,16,6,6,1,11,16,16,0.00,1,1,15,1,631,796.00,600.00
11,6,11,6,16,6,11,6,4.00,15,8,15,22,631,624.00,447.00
16,11,11,11,11,16,11,1,8.00,1,22,1,22,631,660.00,508.00
6,6,1,16,1,6,11,1,2.00,1,8,8,15,631,461.00,343.00
11,6,16,1,1,6,1,11,10.00,1,22,1,15,631,478.00,330.00
1,16,1,11,16,11,16,1,10.00,22,22,8,1,631,642.00,484.00
6,16,11,16,1,6,11,6,4.00,8,1,15,1,631,653.00,477.00
11,6,11,6,16,6,11,6,6.00,22,22,15,1,631,628.00,449.00
11,6,1,6,6,6,11,16,10.00,8,8,1,15,631,651.00,464.00
6,11,11,11,1,6,11,1,6.00,8,8,15,15,631,550.00,388.00
6,6,11,1,6,1,16,11,2.00,22,8,15,22,631,681.00,468.00
11,16,6,6,1,16,6,11,8.00,1,15,1,15,631,581.00,460.00
16,16,1,11,1,11,1,16,4.00,22,8,22,1,631,664.00,454.00
1,1,1,1,1,1,1,1,0.00,1,22,8,1,631,96.00,73.00
1,6,11,6,6,16,11,6,4.00,22,8,1,22,631,647.00,475.00
6,6,16,1,1,16,11,6,10.00,8,1,1,22,631,626.00,475.00
16,6,16,11,16,16,11,16,2.00,1,22,1,22,631,916.00,693.00
11,1,16,16,6,1,6,6,10.00,15,8,22,1,631,586.00,413.00
16,1,6,16,11,16,6,16,0.00,8,22,22,15,631,858.00,619.00
6,1,11,11,6,16,6,1,8.00,8,1,22,15,631,510.00,394.00
1,11,16,16,6,16,16,16,0.00,15,15,8,1,631,1017.00,745.00
6,11,1,6,11,16,11,11,0.00,8,22,1,1,631,636.00,508.00
11,1,16,1,1,16,11,6,10.00,22,8,1,22,631,637.00,472.00
6,6,16,1,6,6,6,16,6.00,15,8,1,22,631,632.00,452.00
6,11,1,6,11,16,6,11,10.00,8,8,8,22,631,570.00,454.00
16,16,1,6,16,6,11,11,0.00,15,22,8,1,631,620.00,463.00
6,16,1,11,6,16,16,6,10.00,15,15,22,1,631,721.00,548.00
1,6,1,11,11,11,11,11,10.00,22,8,1,15,631,635.00,488.00
16,6,16,6,11,16,16,16,10.00,15,1,15,1,631,945.00,711.00
16,16,16,6,11,6,6,1,0.00,8,22,8,15,631,527.00,394.00
1,16,6,11,1,1,6,11,4.00,8,1,22,8,631,587.00,378.00
11,11,1,1,1,11,11,11,0.00,15,8,8,1,631,536.00,409.00
1,11,6,16,11,6,1,11,8.00,15,8,8,1,631,627.00,413.00
11,1,11,11,11,1,1,16,0.00,8,22,22,1,631,679.00,429.00
16,1,6,1,1,16,1,1,8.00,22,15,22,22,631,367.00,280.00
1,6,1,16,6,1,1,11,8.00,1,1,15,8,631,577.00,343.00
11,1,11,16,11,6,11,6,0.00,1,15,8,8,631,646.00,480.00
16,1,6,11,1,1,1,16,2.00,15,15,8,8,631,612.00,383.00
16,11,1,6,11,1,16,1,4.00,8,1,8,22,631,503.00,357.00
1,1,6,6,1,1,6,16,0.00,15,22,8,15,631,567.00,366.00
11,11,11,1,11,6,1,16,2.00,22,8,8,8,631,567.00,396.00
1,1,1,16,6,6,11,11,8.00,1,1,1,1,631,672.00,463.00
11,11,6,1,16,6,1,6,10.00,15,22,22,22,631,385.00,280.00
1,1,1,1,16,16,11,11,6.00,15,1,15,15,631,590.00,462.00
11,11,11,6,1,6,11,6,8.00,1,1,15,1,631,556.00,417.00
6,11,16,16,16,11,6,6,2.00,8,15,22,8,631,697.00,522.00
16,16,1,1,11,1,11,16,10.00,1,1,15,22,631,626.00,435.00
1,1,6,16,6,11,6,6,8.00,8,8,8,22,631,570.00,412.00
1,6,11,6,6,1,11,6,6.00,1,8,8,22,631,528.00,371.00
16,1,16,11,1,1,11,11,6.00,8,1,1,22,631,680.00,474.00
6,11,16,11,6,16,1,1,6.00,22,15,1,8,631,495.00,380.00
16,1,1,1,16,6,6,16,4.00,22,15,1,15,631,535.00,408.00
16,6,6,11,16,6,1,11,4.00,1,22,15,22,631,603.00,405.00
6,1,11,11,1,1,1,16,2.00,22,15,15,15,631,644.00,397.00
11,11,1,11,16,11,16,1,0.00,1,8,8,15,631,616.00,475.00
1,1,1,1,1,1,11,6,4.00,15,15,8,22,631,379.00,244.00
6,16,16,16,16,16,16,1,2.00,15,8,1,1,631,844.00,646.00
11,6,1,16,11,6,1,6,4.00,8,1,22,22,631,521.00,340.00
1,1,1,1,1,1,1,1,0.00,22,8,8,15,631,117.00,74.00
11,16,16,16,1,1,16,1,0.00,8,8,15,22,631,727.00,508.00
11,6,11,11,16,16,16,16,6.00,22,8,22,22,631,978.00,724.00
6,6,6,11,1,16,11,11,10.00,1,15,1,1,631,666.00,528.00
1,16,11,1,11,1,11,6,10.00,8,15,8,15,631,540.00,392.00
11,16,11,6,11,6,6,6,6.00,8,8,15,15,631,530.00,391.00
6,11,16,6,16,1,11,11,10.00,1,22,15,8,631,700.00,516.00
16,6,11,16,1,1,1,16,2.00,15,1,8,1,631,739.00,458.00
6,16,6,11,6,1,16,11,8.00,15,22,22,1,631,743.00,512.00
11,11,16,16,16,1,11,6,2.00,22,15,15,1,631,731.00,520.00
11,1,6,1,11,11,1,1,0.00,22,8,8,15,631,289.00,239.00
11,16,1,6,11,1,1,11,4.00,22,1,15,22,631,465.00,296.00
11,6,16,11,11,6,1,16,2.00,1,1,22,22,631,798.00,505.00
1,16,6,1,1,11,1,16,4.00,1,8,15,15,631,562.00,372.00
6,11,1,1,6,11,6,6,6.00,22,15,15,1,631,402.00,317.00
6,16,6,11,6,1,16,11,0.00,22,8,8,8,631,720.00,505.00
1,16,1,11,16,11,16,1,10.00,1,1,15,22,631,628.00,468.00
6,11,16,16,16,11,6,16,10.00,22,22,1,15,631,893.00,629.00
1,1,16,11,11,16,6,16,6.00,1,22,8,1,631,817.00,589.00
11,6,1,1,11,6,16,1,4.00,8,8,8,15,631,478.00,364.00
6,6,11,11,6,6,1,1,4.00,8,1,22,1,631,355.00,268.00
1,16,11,1,16,1,11,1,2.00,1,22,8,8,631,483.00,369.00
11,1,16,1,6,6,6,16,6.00,15,8,22,22,631,647.00,460.00
16,6,1,16,6,1,1,1,10.00,8,15,22,22,631,386.00,235.00
6,11,16,6,1,1,1,1,4.00,22,1,1,22,631,335.00,229.00
1,16,6,6,6,16,11,6,4.00,8,1,22,22,631,627.00,467.00
11,11,11,16,11,6,1,6,4.00,15,22,22,15,631,574.00,399.00
11,1,11,11,6,6,16,16,10.00,22,22,22,8,631,863.00,606.00
11,16,16,11,11,1,6,16,10.00,15,22,8,1,631,768.00,525.00
16,16,6,6,11,16,1,11,4.00,22,8,8,15,631,559.00,446.00
11,16,1,6,11,1,11,16,8.00,8,8,15,22,631,682.00,463.00
11,6,16,1,11,11,1,6,10.00,8,15,8,15,631,450.00,345.00
11,16,11,6,11,6,11,11,8.00,15,22,15,22,631,718.00,505.00
1,1,1,1,1,1,1,1,8.00,22,8,22,22,631,138.00,90.00
1,11,1,6,16,16,6,11,10.00,15,1,8,15,631,573.00,457.00
1,16,16,16,1,1,6,16,2.00,1,22,8,1,631,817.00,525.00
1,16,6,1,6,11,1,1,8.00,8,15,22,8,631,297.00,239.00
1,1,1,1,1,1,1,1,0.00,15,1,8,15,631,103.00,67.00
6,16,6,11,6,1,16,11,0.00,22,15,8,1,631,729.00,506.00
11,16,6,6,16,6,11,6,4.00,8,1,15,1,631,573.00,432.00
11,6,11,11,1,6,6,1,2.00,1,1,15,15,631,431.00,319.00
11,16,16,11,11,1,6,16,10.00,1,1,22,22,631,838.00,548.00
1,16,6,1,1,6,1,16,2.00,22,22,22,8,631,502.00,340.00
11,1,16,1,6,6,6,16,6.00,1,15,8,15,631,633.00,451.00
11,11,1,16,11,1,16,11,0.00,15,8,1,1,631,705.00,521.00
6,1,16,11,1,6,1,16,8.00,15,1,1,22,631,718.00,450.00
11,6,6,6,6,16,11,1,2.00,15,15,1,1,631,521.00,428.00
16,6,1,6,16,1,16,6,6.00,22,8,15,8,631,582.00,411.00
11,1,16,16,6,1,6,6,10.00,15,8,22,15,631,600.00,413.00
6,11,1,1,6,16,16,6,6.00,8,8,15,8,631,608.00,478.00
1,1,1,1,1,1,1,1,0.00,1,1,15,8,631,89.00,65.00
6,1,16,11,1,16,11,11,2.00,1,15,8,15,631,763.00,568.00
6,6,16,1,6,16,1,1,2.00,15,15,1,1,631,386.00,314.00
16,16,1,6,11,1,11,6,8.00,22,1,1,1,631,478.00,348.00
1,1,1,1,1,1,1,1,0.00,22,15,8,8,631,117.00,75.00
16,6,1,16,6,1,1,1,4.00,22,22,1,1,631,352.00,233.00
1,11,6,1,16,6,1,11,10.00,22,8,1,22,631,428.00,306.00
6,1,11,11,1,6,1,11,0.00,1,15,8,15,631,563.00,360.00
6,6,6,6,1,11,16,1,2.00,1,8,1,8,631,547.00,415.00
16,11,1,1,16,16,16,6,6.00,8,15,1,1,631,638.00,530.00
1,1,1,1,1,1,1,1,0.00,8,15,8,8,631,103.00,67.00
1,1,11,11,16,16,6,1,10.00,22,1,1,15,631,528.00,407.00
16,11,6,1,6,11,1,1,8.00,1,22,8,1,631,282.00,252.00
11,16,6,6,1,16,11,11,2.00,1,22,1,22,631,685.00,520.00
16,6,16,11,16,16,6,11,2.00,22,8,15,22,631,766.00,584.00
11,11,1,6,11,1,16,6,6.00,1,15,22,8,631,570.00,407.00
1,1,6,11,1,6,16,6,2.00,15,22,8,15,631,639.00,440.00
16,11,16,11,16,16,16,11,4.00,8,8,15,22,631,957.00,714.00
1,16,1,1,16,1,1,6,8.00,1,8,22,22,631,296.00,202.00
16,6,11,11,16,16,6,1,10.00,1,1,1,1,631,523.00,437.00
11,16,11,1,6,6,6,1,8.00,22,1,1,15,631,403.00,307.00
1,16,6,1,1,6,16,16,2.00,1,1,15,22,631,723.00,516.00
16,6,16,11,11,6,16,16,4.00,1,8,22,22,631,931.00,678.00
6,11,11,6,6,1,11,6,6.00,15,8,1,1,631,538.00,385.00
6,6,1,16,1,6,6,6,2.00,15,1,8,22,631,510.00,354.00
6,6,6,6,16,1,11,11,6.00,22,8,1,8,631,583.00,413.00
1,1,11,1,6,16,11,11,0.00,22,22,1,8,631,657.00,488.00
16,11,6,6,16,6,6,6,10.00,15,22,1,8,631,485.00,367.00
16,16,11,1,1,16,6,11,0.00,8,22,22,15,631,626.00,472.00
6,6,6,11,16,6,1,11,10.00,15,1,8,15,631,583.00,384.00
16,6,16,6,11,16,16,16,10.00,22,15,1,1,631,952.00,706.00
11,6,11,11,6,16,16,1,10.00,1,15,8,8,631,706.00,542.00
16,16,16,6,6,16,16,11,6.00,8,8,22,8,631,895.00,672.00
16,1,11,6,11,1,11,11,0.00,22,8,15,22,631,636.00,441.00
11,16,6,6,1,16,6,11,2.00,1,1,1,15,631,590.00,457.00
1,1,16,11,16,11,6,11,2.00,1,15,8,22,631,715.00,515.00
11,1,1,6,16,16,1,16,2.00,15,8,1,15,631,624.00,465.00
11,6,11,11,16,16,11,11,6.00,1,15,8,15,631,778.00,607.00
1,1,11,11,1,1,1,16,2.00,22,15,15,15,631,639.00,391.00
11,16,11,1,6,6,6,6,10.00,8,22,15,15,631,489.00,357.00
16,16,6,16,16,1,16,1,8.00,1,1,1,1,631,628.00,473.00
1,1,11,1,11,16,6,16,10.00,15,1,8,8,631,646.00,494.00
11,16,6,1,6,16,11,11,0.00,22,8,1,8,631,653.00,504.00
16,11,6,6,16,16,6,1,2.00,8,1,1,22,631,476.00,400.00
1,1,16,11,16,1,11,11,0.00,8,22,22,15,631,726.00,514.00
11,1,16,1,6,6,6,6,0.00,1,1,8,1,631,449.00,352.00
11,11,6,1,16,6,1,16,6.00,15,8,1,1,631,540.00,380.00
11,11,11,1,6,6,6,1,8.00,1,1,1,1,631,353.00,295.00
11,16,11,1,16,11,16,1,8.00,15,1,1,8,631,644.00,511.00
1,6,16,6,11,6,6,11,4.00,8,8,22,22,631,624.00,455.00
16,11,16,11,16,16,16,16,0.00,1,8,15,8,631,1001.00,768.00
11,1,11,16,11,16,1,11,6.00,22,22,22,1,631,698.00,520.00
6,11,16,16,11,6,11,16,2.00,15,15,8,8,631,912.00,635.00
11,11,11,6,1,6,11,6,8.00,8,8,8,1,631,563.00,412.00
1,1,16,6,11,16,1,11,10.00,1,15,22,22,631,619.00,452.00
16,1,11,16,6,16,1,1,8.00,15,8,1,8,631,479.00,386.00
16,16,11,16,6,1,1,16,2.00,1,22,15,8,631,781.00,488.00
16,6,11,16,1,1,11,6,8.00,8,22,15,8,631,622.00,433.00
6,6,16,1,16,6,1,6,0.00,1,1,8,1,631,401.00,320.00
11,11,6,1,1,16,11,6,10.00,22,8,1,22,631,567.00,435.00
16,16,1,6,16,6,6,11,10.00,8,15,22,8,631,548.00,406.00
1,1,1,6,11,1,16,6,6.00,1,8,8,22,631,523.00,363.00
1,1,6,16,16,11,6,16,10.00,1,15,15,8,631,833.00,564.00
1,1,1,16,1,1,6,6,8.00,22,22,15,22,631,482.00,307.00
1,1,6,6,6,1,6,16,8.00,15,15,15,15,631,596.00,386.00
1,1,16,6,16,16,1,16,2.00,1,1,15,1,631,740.00,515.00
11,16,11,1,6,6,6,16,6.00,22,22,1,22,631,641.00,444.00
16,11,6,6,16,16,6,11,0.00,8,22,22,22,631,658.00,515.00
6,6,6,11,1,16,11,11,10.00,1,8,22,15,631,699.00,529.00
11,16,6,16,11,6,1,11,6.00,22,22,15,22,631,654.00,442.00
1,1,6,16,16,11,6,16,10.00,22,22,22,8,631,812.00,572.00
11,16,1,16,16,6,16,11,6.00,15,8,1,8,631,771.00,583.00
16,11,1,1,16,16,16,6,2.00,15,8,15,8,631,655.00,529.00
1,1,1,6,11,1,16,6,6.00,1,15,1,15,631,516.00,361.00
6,6,16,16,6,6,16,11,4.00,8,15,22,8,631,872.00,625.00
1,16,1,1,1,11,1,6,4.00,8,1,15,15,631,293.00,231.00
11,6,1,1,16,1,1,6,8.00,1,8,15,22,631,279.00,193.00
6,11,11,11,6,6,1,16,10.00,22,15,1,1,631,676.00,446.00
6,6,6,11,16,6,1,11,2.00,1,15,1,15,631,576.00,383.00
11,16,6,1,1,16,16,6,8.00,8,8,15,8,631,663.00,512.00
11,6,6,6,1,16,6,11,2.00,22,8,15,22,631,586.00,449.00
16,11,1,11,1,16,6,6,10.00,1,22,8,15,631,523.00,424.00
16,11,1,6,11,1,16,1,4.00,8,1,15,15,631,503.00,360.00
11,16,6,11,1,6,6,1,2.00,1,1,22,8,631,411.00,309.00
11,6,1,1,11,1,1,16,10.00,22,8,22,22,631,490.00,309.00
11,16,11,16,1,1,6,6,6.00,22,22,15,1,631,563.00,389.00
6,6,1,16,1,11,6,11,6.00,8,1,8,15,631,655.00,451.00
16,16,1,11,6,6,11,1,2.00,1,8,8,22,631,483.00,359.00
1,11,6,16,11,6,16,11,0.00,1,1,8,22,631,804.00,577.00
11,6,1,11,1,6,11,1,8.00,8,8,15,15,631,440.00,315.00
6,11,1,6,1,16,1,11,10.00,15,22,15,15,631,477.00,374.00
16,16,1,6,16,1,1,16,8.00,1,8,22,22,631,626.00,385.00
1,11,6,1,6,1,6,16,6.00,8,1,15,8,631,555.00,375.00
16,1,6,1,1,16,1,1,8.00,22,22,1,22,631,353.00,287.00
16,1,6,1,1,16,16,6,8.00,8,8,15,8,631,623.00,483.00
11,6,11,16,6,16,1,1,8.00,8,15,22,22,631,506.00,392.00
1,11,6,16,11,6,1,11,8.00,8,1,15,8,631,655.00,417.00
16,1,6,1,1,16,1,1,8.00,22,22,22,1,631,357.00,283.00
6,6,11,11,6,6,1,1,4.00,15,22,1,8,631,360.00,261.00
16,6,6,6,6,1,11,6,8.00,8,8,8,15,631,493.00,345.00
16,6,11,11,11,16,6,1,10.00,22,1,1,8,631,536.00,426.00
1,6,16,16,1,11,6,6,4.00,22,1,22,15,631,639.00,466.00
6,16,6,11,6,1,16,11,0.00,22,22,1,15,631,734.00,504.00
11,11,11,11,1,6,16,16,2.00,22,15,15,1,631,866.00,608.00
6,1,6,6,6,1,6,1,6.00,15,22,1,22,631,329.00,215.00
1,6,16,11,16,11,6,1,8.00,1,1,15,15,631,551.00,425.00
1,1,1,1,1,11,6,6,0.00,22,8,22,8,631,359.00,270.00
16,11,16,16,1,1,11,1,0.00,8,8,15,8,631,608.00,437.00
6,1,6,11,16,11,6,1,8.00,22,22,15,15,631,483.00,360.00
16,11,6,6,1,16,11,1,10.00,1,22,15,8,631,540.00,431.00
6,11,16,1,6,11,11,16,10.00,22,22,15,8,631,791.00,568.00
1,16,6,6,1,6,6,11,8.00,15,1,8,22,631,530.00,369.00
6,6,6,1,6,16,11,6,4.00,22,22,22,15,631,590.00,446.00
6,11,16,1,6,11,11,6,0.00,8,1,15,15,631,628.00,481.00
11,6,1,1,1,11,1,6,4.00,8,8,22,15,631,314.00,231.00
1,16,6,11,1,1,6,11,0.00,1,22,15,8,631,566.00,367.00
16,6,11,16,1,1,1,16,2.00,15,8,8,1,631,732.00,457.00
6,6,6,16,16,11,6,16,4.00,8,1,22,22,631,876.00,583.00
6,11,16,6,1,1,1,1,10.00,8,15,22,15,631,349.00,246.00
16,16,6,16,16,1,16,6,10.00,15,22,1,8,631,735.00,528.00
1,16,11,16,6,11,1,6,6.00,22,8,15,15,631,576.00,406.00
6,6,11,6,11,1,1,1,8.00,22,1,22,15,631,314.00,218.00
16,11,6,6,16,16,6,11,0.00,8,22,1,22,631,637.00,508.00
1,1,1,1,1,1,1,1,0.00,22,8,15,8,631,117.00,77.00
1,11,6,16,11,6,1,11,8.00,15,22,22,22,631,651.00,423.00
16,11,1,11,6,1,16,11,0.00,22,15,15,1,631,681.00,479.00
6,16,6,11,11,16,16,6,0.00,1,8,15,1,631,758.00,586.00
11,11,6,1,6,1,6,16,6.00,22,22,1,22,631,546.00,371.00
1,11,6,1,16,6,1,6,0.00,1,1,8,1,631,318.00,249.00
1,6,11,6,6,1,11,6,6.00,15,1,8,22,631,535.00,369.00
6,1,16,11,11,11,16,6,4.00,8,1,1,8,631,767.00,574.00
11,6,16,6,1,11,1,16,4.00,8,22,22,8,631,676.00,464.00
11,6,1,16,11,6,1,11,10.00,1,22,8,1,631,610.00,402.00
16,16,6,6,6,6,16,11,4.00,8,1,22,8,631,718.00,528.00
11,11,1,1,1,11,11,16,4.00,8,1,8,22,631,618.00,462.00
1,1,1,1,1,1,1,6,4.00,22,15,22,15,631,214.00,135.00
11,6,11,1,6,16,11,11,0.00,22,8,1,8,631,668.00,508.00
1,16,11,6,16,1,6,16,0.00,1,15,22,22,631,719.00,479.00
11,16,16,16,6,16,6,16,4.00,1,1,22,22,631,973.00,665.00
16,6,11,11,16,16,6,1,10.00,1,8,15,22,631,565.00,448.00
16,11,6,6,16,16,6,11,0.00,22,1,15,22,631,644.00,509.00
11,1,6,1,11,11,1,1,0.00,8,22,22,15,631,303.00,243.00
6,16,6,1,6,1,6,16,6.00,22,22,1,22,631,556.00,373.00
1,6,11,11,6,1,6,6,2.00,8,8,15,8,631,483.00,338.00
11,16,16,16,6,1,6,16,10.00,22,22,15,8,631,835.00,552.00
16,11,6,11,11,16,6,11,8.00,1,15,8,15,631,683.00,529.00
16,11,1,11,1,16,16,1,4.00,22,22,15,15,631,653.00,499.00
16,6,6,11,16,11,6,1,8.00,1,8,15,15,631,473.00,377.00
11,11,11,6,6,6,11,6,0.00,1,1,22,1,631,578.00,437.00
6,1,16,6,16,1,16,16,0.00,1,8,1,8,631,802.00,595.00
11,1,16,16,6,1,6,6,10.00,15,15,8,8,631,572.00,400.00
11,1,11,16,16,11,6,16,8.00,15,8,22,22,631,892.00,604.00
11,6,16,1,11,6,11,1,10.00,15,8,15,22,631,554.00,409.00
1,11,6,6,1,11,16,11,8.00,15,22,15,22,631,743.00,520.00
1,16,11,1,11,1,11,6,0.00,22,22,8,8,631,554.00,389.00
16,16,11,11,1,1,16,11,6.00,8,8,15,15,631,765.00,543.00
11,16,6,1,11,16,6,16,10.00,1,15,8,8,631,661.00,509.00
1,1,16,6,11,6,11,16,4.00,15,1,8,8,631,751.00,546.00
6,6,1,1,6,16,1,1,10.00,8,15,1,1,631,305.00,265.00
16,6,11,6,6,1,1,16,4.00,8,15,8,22,631,618.00,385.00
11,11,11,6,1,16,6,16,6.00,1,15,15,22,631,742.00,534.00
11,6,16,1,11,11,16,11,8.00,15,1,22,1,631,802.00,597.00
6,11,16,16,11,6,6,1,0.00,22,1,22,22,631,596.00,423.00
6,16,1,11,11,1,1,1,10.00,22,8,8,15,631,279.00,203.00
16,1,1,1,16,6,6,16,4.00,8,22,22,8,631,556.00,405.00
16,16,1,1,11,1,11,6,2.00,1,22,15,22,631,469.00,334.00
6,1,16,6,16,16,6,6,8.00,8,8,22,15,631,622.00,477.00
11,1,6,11,16,1,6,16,2.00,8,8,15,1,631,711.00,466.00
1,1,1,1,1,1,6,6,8.00,8,1,15,8,631,261.00,178.00
11,6,6,1,1,16,1,11,10.00,22,8,1,8,631,428.00,355.00
1,1,16,6,11,16,16,6,8.00,8,8,15,8,631,778.00,588.00
11,6,1,1,11,6,1,1,10.00,15,22,1,15,631,229.00,186.00
1,1,16,16,16,16,16,16,6.00,8,1,15,1,631,1018.00,760.00
1,16,11,16,6,11,16,1,2.00,15,22,22,22,631,780.00,551.00
11,6,1,6,16,6,1,6,6.00,22,8,1,8,631,330.00,270.00
6,6,6,6,6,6,1,1,10.00,8,15,1,1,631,249.00,194.00
6,1,16,11,1,16,11,1,2.00,15,22,1,15,631,647.00,475.00
1,16,16,6,16,6,16,11,8.00,1,1,1,22,631,819.00,609.00
11,6,16,6,16,1,1,1,8.00,8,1,22,1,631,356.00,282.00
6,6,16,16,6,6,16,11,4.00,15,15,8,8,631,865.00,617.00
11,16,6,1,6,6,1,1,0.00,1,15,1,15,631,251.00,200.00
6,6,1,1,11,11,6,1,8.00,1,1,8,22,631,313.00,264.00
1,6,16,11,1,16,1,1,10.00,8,15,8,22,631,467.00,349.00
6,11,11,6,6,6,11,16,10.00,8,8,1,8,631,719.00,517.00
11,1,1,6,1,6,16,6,6.00,22,8,15,15,631,559.00,392.00
6,1,16,11,6,1,1,11,6.00,22,22,22,1,631,560.00,372.00
16,6,11,6,6,6,11,6,0.00,1,1,22,1,631,568.00,429.00
11,1,11,11,11,1,1,16,0.00,1,22,15,15,631,693.00,435.00
1,1,16,6,16,16,1,16,2.00,8,8,8,1,631,719.00,509.00
11,11,11,16,11,11,6,6,10.00,1,22,8,15,631,639.00,487.00
1,1,1,1,1,1,1,1,0.00,15,8,1,22,631,110.00,74.00
1,6,16,11,16,11,1,6,0.00,8,22,22,8,631,549.00,414.00
1,1,11,11,16,11,6,1,8.00,1,1,8,22,631,486.00,371.00
11,6,6,1,1,16,16,6,6.00,1,15,22,8,631,640.00,492.00
1,6,6,6,6,1,11,6,8.00,15,22,1,8,631,485.00,328.00
6,11,16,16,11,16,1,11,6.00,8,15,1,15,631,759.00,536.00
6,1,6,1,16,6,16,16,2.00,22,22,22,1,631,760.00,539.00
16,1,16,11,1,1,1,1,0.00,22,15,15,22,631,383.00,248.00
16,11,16,16,1,1,11,1,6.00,22,15,1,8,631,615.00,432.00
1,1,11,6,1,11,1,11,0.00,1,15,8,15,631,508.00,344.00
6,6,6,1,6,16,11,11,0.00,22,8,1,8,631,618.00,474.00
16,1,11,16,6,16,1,1,8.00,1,15,15,8,631,492.00,389.00
11,16,16,1,1,11,16,16,2.00,8,15,22,22,631,886.00,644.00
16,11,1,11,11,16,16,6,0.00,15,15,15,1,631,724.00,564.00
1,16,16,11,1,1,1,1,6.00,1,8,15,1,631,364.00,274.00
1,1,1,1,1,1,1,1,4.00,15,1,1,1,631,82.00,60.00
1,6,11,6,6,16,11,6,4.00,15,1,1,22,631,633.00,469.00
11,6,6,16,16,16,16,1,2.00,15,8,1,1,631,719.00,562.00
6,11,16,11,6,16,11,11,6.00,8,15,22,8,631,822.00,613.00
1,16,16,16,1,1,6,16,2.00,8,1,1,22,631,845.00,539.00
11,6,11,11,11,1,1,16,6.00,1,8,15,8,631,710.00,442.00
1,6,16,6,11,6,6,16,0.00,15,1,8,15,631,723.00,501.00
11,1,11,16,11,1,11,11,4.00,22,8,22,1,631,724.00,511.00
11,11,11,6,1,6,11,6,8.00,15,8,1,22,631,580.00,406.00
11,11,11,11,16,11,6,1,8.00,1,1,8,22,631,526.00,406.00
1,6,16,6,1,6,11,6,8.00,15,8,22,1,631,609.00,438.00
11,1,6,11,16,1,6,16,2.00,8,15,15,8,631,711.00,466.00
1,1,1,1,1,1,1,1,0.00,15,8,1,15,631,103.00,68.00
1,1,1,1,1,1,1,1,0.00,1,8,22,8,631,103.00,73.00
11,6,6,11,1,16,16,11,6.00,1,15,1,22,631,778.00,594.00
16,11,6,1,11,6,16,16,8.00,1,1,1,8,631,725.00,543.00
16,11,16,16,1,1,11,1,0.00,22,15,15,1,631,622.00,433.00
16,16,16,6,11,6,6,1,0.00,1,15,8,8,631,506.00,396.00
16,16,16,6,6,16,16,1,10.00,8,22,15,1,631,765.00,586.00
1,11,16,6,16,1,6,16,0.00,1,15,22,22,631,744.00,506.00
16,1,1,16,16,1,16,11,2.00,15,22,22,15,631,738.00,537.00
16,1,1,11,6,6,6,1,2.00,1,1,15,15,631,348.00,271.00
11,16,6,11,1,6,11,6,2.00,15,1,8,22,631,585.00,416.00
1,16,16,16,1,1,6,16,2.00,8,15,1,15,631,824.00,527.00
11,16,1,16,6,1,11,6,8.00,8,22,15,8,631,562.00,410.00
1,1,1,1,6,16,6,16,8.00,15,8,22,22,631,582.00,440.00
6,6,6,6,16,1,6,16,0.00,8,22,22,8,631,641.00,426.00
1,1,1,1,1,1,1,1,8.00,22,15,22,15,631,138.00,87.00
1,6,11,6,6,1,11,6,6.00,8,8,1,15,631,521.00,366.00
1,1,1,1,16,11,6,6,0.00,22,22,15,1,631,404.00,322.00
6,6,16,16,11,11,16,1,0.00,1,8,8,15,631,771.00,573.00
6,16,1,11,1,6,16,11,4.00,8,15,1,15,631,688.00,495.00
1,16,11,16,11,16,6,16,8.00,8,1,8,15,631,915.00,627.00
11,6,6,1,1,16,16,6,8.00,8,15,22,22,631,661.00,499.00
1,11,1,16,6,1,1,11,8.00,22,8,15,8,631,559.00,350.00
16,16,11,16,6,1,11,6,8.00,1,1,15,8,631,652.00,473.00
16,1,6,1,1,16,1,1,8.00,8,22,15,8,631,339.00,271.00
16,11,1,6,11,1,16,1,4.00,8,1,15,22,631,510.00,360.00
1,16,1,1,16,1,1,6,8.00,1,8,22,8,631,282.00,198.00
11,11,11,6,1,6,11,11,0.00,15,22,8,1,631,654.00,463.00
6,11,1,6,11,16,11,6,8.00,15,8,22,1,631,579.00,460.00
6,6,11,6,11,11,16,1,8.00,22,15,15,22,631,683.00,489.00
11,16,6,1,1,16,6,11,2.00,22,8,15,15,631,569.00,432.00
11,11,6,6,1,16,11,1,10.00,1,22,15,8,631,535.00,422.00
11,1,1,16,11,11,11,11,2.00,8,1,22,15,631,739.00,535.00
1,1,16,11,16,11,6,11,2.00,15,8,1,1,631,686.00,502.00
1,11,1,16,1,16,11,16,10.00,1,1,1,15,631,850.00,601.00
6,1,6,16,16,6,1,11,10.00,1,8,8,22,631,662.00,417.00
16,1,1,16,16,16,16,6,0.00,1,8,1,8,631,717.00,589.00
16,1,16,11,1,1,1,1,6.00,22,8,8,15,631,362.00,243.00
6,11,1,11,11,1,1,1,10.00,22,15,1,8,631,267.00,196.00
11,16,1,6,16,6,6,11,10.00,8,8,8,22,631,550.00,396.00
6,1,1,16,11,6,6,11,6.00,8,8,15,15,631,650.00,438.00
16,11,1,11,1,16,16,1,10.00,1,8,15,22,631,625.00,484.00
6,16,6,11,1,1,6,11,0.00,15,8,8,1,631,557.00,371.00
16,16,6,1,6,16,1,6,2.00,1,1,22,1,631,405.00,338.00
1,1,1,1,1,1,11,11,0.00,1,22,22,15,631,454.00,301.00
11,1,6,6,11,6,16,16,8.00,1,15,1,22,631,758.00,550.00
1,1,1,1,1,1,16,1,4.00,1,15,8,22,631,395.00,273.00
1,1,16,6,16,16,1,16,4.00,8,1,22,8,631,747.00,519.00
11,11,1,1,1,11,16,11,2.00,1,22,15,15,631,647.00,477.00
6,16,6,1,1,6,11,1,10.00,15,8,15,22,631,449.00,320.00
1,11,6,11,11,6,1,11,4.00,22,8,15,8,631,559.00,372.00
16,6,16,11,11,6,16,16,4.00,1,8,8,1,631,901.00,665.00
16,11,16,11,11,6,1,11,8.00,15,1,22,22,631,679.00,452.00
11,6,1,11,1,6,11,1,8.00,15,22,1,15,631,447.00,320.00
6,6,6,1,6,6,1,1,4.00,8,8,15,15,631,230.00,178.00
1,1,1,1,1,1,1,1,4.00,1,8,15,22,631,110.00,77.00
16,16,11,16,6,1,11,6,8.00,15,1,8,15,631,653.00,464.00
16,11,16,16,1,1,11,16,8.00,15,1,1,22,631,888.00,594.00
1,6,1,11,11,11,1,6,8.00,8,15,22,22,631,461.00,321.00
11,11,6,16,16,11,6,16,8.00,15,15,8,8,631,842.00,593.00
11,1,6,6,11,1,1,6,10.00,1,15,22,8,631,354.00,235.00
1,1,11,11,16,11,1,6,0.00,8,22,22,1,631,507.00,377.00
6,16,11,16,1,6,11,6,6.00,22,1,1,8,631,656.00,468.00
1,1,11,1,6,16,11,11,0.00,22,15,15,1,631,666.00,492.00
11,6,1,1,1,11,1,6,4.00,1,22,1,1,631,300.00,238.00
1,1,11,16,16,6,6,11,6.00,8,15,1,22,631,716.00,484.00
16,1,16,6,16,1,6,16,8.00,8,15,8,8,631,704.00,483.00
16,16,11,11,1,11,11,11,0.00,1,15,22,22,631,754.00,556.00
1,11,6,1,16,6,1,16,2.00,1,22,15,1,631,544.00,367.00
16,11,1,11,16,6,11,11,10.00,22,15,1,1,631,638.00,490.00
1,6,1,11,6,11,1,1,8.00,1,22,8,1,631,322.00,249.00
1,16,6,1,11,11,11,11,10.00,15,15,22,1,631,641.00,469.00
11,1,11,11,1,6,11,6,8.00,15,8,22,1,631,594.00,425.00
11,11,11,6,11,1,1,16,0.00,8,8,8,1,631,624.00,402.00
6,11,1,6,1,16,11,11,10.00,1,8,22,22,631,627.00,484.00
6,6,6,11,1,1,1,16,8.00,1,8,22,22,631,661.00,385.00
11,1,11,11,6,6,11,11,6.00,15,1,22,22,631,694.00,494.00
11,11,11,16,11,6,1,6,4.00,8,8,22,8,631,580.00,397.00
11,6,11,11,6,16,16,11,6.00,8,1,22,22,631,857.00,640.00
1,1,1,1,1,1,1,16,8.00,1,1,1,1,631,426.00,256.00
1,11,1,16,16,1,16,11,2.00,1,8,22,22,631,766.00,538.00
1,1,1,1,1,1,1,1,4.00,8,15,15,8,631,110.00,72.00
1,1,6,16,16,16,11,11,0.00,15,22,8,1,631,759.00,599.00
1,11,16,16,6,16,16,16,0.00,8,8,15,15,631,1015.00,750.00
11,6,16,11,11,11,1,16,4.00,1,15,1,1,631,767.00,519.00
16,6,6,6,6,1,11,16,0.00,1,22,22,15,631,680.00,467.00
11,1,6,11,1,1,1,16,2.00,22,15,15,15,631,614.00,381.00
11,11,6,6,16,11,11,16,8.00,8,8,15,15,631,765.00,569.00
11,1,1,11,1,16,11,6,6.00,22,22,22,22,631,602.00,456.00
11,1,6,11,16,1,6,16,2.00,1,1,1,1,631,711.00,465.00
1,11,1,16,1,16,11,16,10.00,8,15,1,15,631,829.00,606.00
11,16,6,11,1,6,6,1,2.00,8,1,1,22,631,411.00,300.00
6,11,16,11,6,16,11,11,6.00,1,1,15,15,631,801.00,609.00
1,6,11,6,6,1,11,6,6.00,22,15,1,15,631,542.00,364.00
16,6,6,11,16,6,1,11,4.00,15,1,1,8,631,579.00,395.00
1,11,6,6,11,16,16,16,6.00,22,1,1,8,631,841.00,635.00
6,6,6,6,16,1,11,11,8.00,22,1,1,1,631,573.00,416.00
11,16,6,1,6,16,1,11,4.00,22,22,22,1,631,501.00,398.00
6,11,1,1,11,16,6,16,10.00,15,1,8,8,631,601.00,470.00
11,11,11,16,11,6,1,6,4.00,8,1,22,15,631,594.00,397.00
1,16,11,1,11,1,11,6,6.00,8,8,22,22,631,554.00,401.00
11,6,11,11,6,16,1,11,2.00,15,8,1,15,631,629.00,462.00
1,1,16,11,16,11,11,11,6.00,8,8,22,8,631,775.00,579.00
1,6,6,6,1,11,1,11,0.00,1,15,8,15,631,483.00,330.00
6,6,1,1,16,16,11,11,8.00,22,1,15,22,631,624.00,483.00
11,11,6,6,6,6,1,16,8.00,15,1,1,22,631,613.00,393.00
11,6,6,11,1,6,16,6,2.00,15,22,8,15,631,664.00,463.00
6,6,6,1,1,6,6,11,8.00,15,1,1,1,631,422.00,312.00
1,11,16,16,16,1,1,16,0.00,8,8,22,22,631,849.00,524.00
16,6,11,6,6,11,6,6,2.00,1,22,22,1,631,529.00,405.00
6,1,16,6,1,1,11,6,8.00,15,22,1,8,631,560.00,389.00
16,6,1,11,6,1,16,11,0.00,22,15,15,1,631,666.00,471.00
6,16,11,6,11,16,16,16,10.00,15,1,8,15,631,913.00,683.00
11,1,1,1,6,16,6,11,4.00,1,22,15,1,631,504.00,394.00
16,6,16,11,16,16,11,11,2.00,8,8,8,1,631,828.00,633.00
11,1,11,11,11,1,1,16,0.00,1,22,1,22,631,686.00,429.00
6,16,6,11,6,1,16,11,0.00,22,8,1,15,631,720.00,501.00
1,1,16,11,16,11,6,11,2.00,15,22,15,1,631,696.00,510.00
16,6,16,11,11,1,1,6,0.00,1,1,8,22,631,524.00,351.00
16,1,1,11,6,6,6,6,2.00,15,1,15,15,631,450.00,332.00
6,6,16,16,16,1,11,6,10.00,15,22,22,1,631,718.00,511.00
11,11,6,1,11,16,11,11,4.00,15,8,1,22,631,660.00,507.00
6,16,6,16,11,6,1,11,4.00,8,8,1,22,631,663.00,429.00
11,6,16,6,16,1,1,1,8.00,22,8,15,8,631,377.00,273.00
11,6,6,11,1,16,16,11,6.00,22,8,22,15,631,806.00,597.00
11,1,11,1,16,11,6,6,2.00,1,1,1,8,631,460.00,368.00
6,6,1,16,1,6,11,1,6.00,8,8,22,8,631,475.00,349.00
11,6,11,11,6,16,16,11,2.00,1,8,8,22,631,843.00,635.00
11,16,6,1,6,11,1,1,8.00,8,15,22,22,631,321.00,257.00
16,1,11,16,6,6,1,1,0.00,22,15,8,8,631,414.00,307.00
6,1,1,16,11,6,6,11,6.00,22,8,15,22,631,643.00,443.00
16,16,6,6,1,11,16,16,0.00,8,1,15,22,631,820.00,602.00
16,6,11,11,16,16,6,1,4.00,8,8,22,8,631,565.00,447.00
11,6,11,11,6,16,16,11,8.00,22,1,1,15,631,843.00,630.00
6,6,6,11,1,16,11,11,10.00,1,8,8,8,631,678.00,525.00
1,1,1,1,1,1,16,6,4.00,8,15,1,15,631,453.00,305.00
16,6,16,16,16,6,1,11,10.00,22,22,8,22,631,717.00,486.00
6,6,16,16,6,6,1,6,10.00,1,15,22,1,631,578.00,395.00
11,1,11,16,1,6,16,1,2.00,1,8,1,8,631,632.00,460.00
6,1,11,11,1,6,11,6,6.00,1,22,22,22,631,606.00,422.00
1,6,16,16,1,11,6,6,2.00,1,15,1,15,631,621.00,452.00
1,1,11,1,11,11,11,1,8.00,15,22,1,1,631,493.00,373.00
16,11,6,11,6,11,6,16,0.00,8,8,8,1,631,749.00,528.00
1,1,1,16,16,6,6,6,10.00,15,15,8,8,631,531.00,381.00
11,11,11,1,16,11,16,1,8.00,1,15,22,1,631,643.00,506.00
11,1,6,6,11,1,1,6,10.00,15,1,1,8,631,329.00,223.00
6,6,6,6,1,11,1,11,0.00,8,22,22,8,631,481.00,342.00
1,1,11,11,16,11,1,6,0.00,1,15,8,15,631,508.00,371.00
16,6,11,11,6,1,11,6,10.00,22,8,1,22,631,597.00,408.00
6,6,16,1,1,16,1,11,6.00,22,22,22,1,631,545.00,405.00
6,6,6,1,11,16,11,11,4.00,22,8,15,8,631,647.00,495.00
11,1,1,6,1,6,16,6,8.00,15,8,1,22,631,545.00,387.00
11,1,6,11,11,16,1,11,6.00,15,22,22,1,631,600.00,457.00
6,11,16,16,11,16,6,6,6.00,22,1,8,1,631,700.00,537.00
1,1,6,16,16,11,6,11,4.00,8,22,22,8,631,714.00,507.00
11,6,1,16,11,11,1,16,10.00,22,22,15,22,631,747.00,507.00
6,11,16,6,16,1,6,6,8.00,22,15,15,8,631,554.00,393.00
1,1,1,16,1,1,11,11,6.00,15,1,8,1,631,614.00,419.00
11,1,11,16,1,6,11,6,6.00,22,15,1,1,631,627.00,451.00
6,6,6,11,16,6,1,11,10.00,1,22,22,22,631,600.00,398.00
11,6,1,1,6,1,16,11,8.00,1,15,1,15,631,556.00,390.00
6,1,11,16,6,6,1,16,6.00,8,15,1,8,631,752.00,480.00
6,6,11,11,11,6,1,1,4.00,8,8,15,15,631,375.00,281.00
11,6,1,1,1,11,1,6,4.00,8,1,8,15,631,293.00,225.00
11,11,6,6,16,1,1,6,8.00,1,8,15,22,631,399.00,270.00
1,16,1,1,16,11,11,16,8.00,8,15,22,22,631,696.00,508.00
11,11,1,11,16,6,11,16,2.00,1,22,15,1,631,759.00,542.00
16,11,11,11,1,6,16,16,2.00,22,22,1,15,631,869.00,609.00
11,1,1,16,11,11,11,11,2.00,1,8,15,15,631,732.00,534.00
16,16,1,6,11,1,11,6,8.00,22,8,15,8,631,502.00,354.00
11,6,1,6,16,6,16,1,2.00,1,22,22,15,631,554.00,407.00
11,6,6,6,6,1,11,16,0.00,15,22,22,22,631,675.00,463.00
1,1,1,1,1,1,1,16,6.00,15,1,1,15,631,426.00,256.00
6,16,1,11,1,6,11,6,6.00,22,22,15,1,631,548.00,388.00
1,1,11,1,6,16,11,11,0.00,22,22,15,1,631,673.00,493.00
6,16,6,6,1,16,11,1,10.00,1,8,1,8,631,517.00,415.00
11,6,11,6,6,1,11,6,6.00,15,1,1,8,631,524.00,374.00
6,16,1,11,16,1,16,6,10.00,15,22,15,15,631,656.00,455.00
16,16,6,16,6,16,16,6,10.00,22,8,1,15,631,810.00,614.00
6,16,11,16,1,16,11,11,10.00,15,8,1,22,631,805.00,606.00
6,6,6,1,11,6,11,6,6.00,22,22,15,1,631,518.00,369.00
11,11,11,11,1,6,16,16,2.00,22,22,1,8,631,857.00,603.00
1,1,16,16,6,6,11,16,6.00,8,22,1,15,631,872.00,596.00
6,1,16,6,6,16,11,11,6.00,8,1,15,8,631,731.00,554.00
1,6,6,6,1,11,11,1,2.00,1,8,22,22,631,482.00,349.00
16,16,1,6,11,1,11,6,8.00,1,15,22,1,631,492.00,358.00
11,1,6,6,11,1,1,6,10.00,22,1,1,22,631,336.00,230.00
1,1,1,1,11,11,16,1,6.00,1,1,1,8,631,460.00,374.00
11,11,1,1,1,11,11,11,4.00,8,8,22,22,631,564.00,415.00
11,16,11,1,6,6,6,1,6.00,1,8,8,22,631,403.00,310.00
6,6,1,16,1,6,11,1,4.00,1,1,1,1,631,447.00,336.00
11,1,6,1,11,16,11,11,10.00,15,8,1,22,631,630.00,487.00
6,6,16,16,1,6,11,6,6.00,1,22,22,22,631,711.00,501.00
6,6,11,6,6,11,6,6,6.00,22,15,22,22,631,550.00,389.00
6,6,6,6,11,16,11,16,4.00,1,15,8,8,631,746.00,578.00
6,6,6,6,1,11,1,11,0.00,8,1,22,15,631,509.00,344.00
6,11,1,11,11,1,1,1,10.00,8,15,8,8,631,288.00,195.00
16,16,11,11,1,11,11,11,8.00,22,8,8,15,631,747.00,547.00
1,16,1,11,16,11,16,1,10.00,22,22,22,22,631,677.00,488.00
11,6,16,1,16,16,16,1,0.00,22,15,1,15,631,727.00,556.00
11,1,6,6,11,1,1,6,10.00,1,1,22,22,631,378.00,241.00
1,16,6,1,1,6,1,16,2.00,1,15,22,1,631,523.00,340.00
16,11,1,6,11,1,1,16,2.00,1,15,1,15,631,566.00,355.00
6,11,11,11,6,6,16,1,4.00,8,1,22,8,631,653.00,476.00
6,1,1,1,6,16,1,1,10.00,8,15,8,22,631,324.00,248.00
11,6,6,6,6,6,16,11,6.00,15,1,22,1,631,692.00,501.00
11,1,11,11,6,6,6,16,8.00,15,1,1,22,631,748.00,492.00
1,11,16,16,6,16,16,16,0.00,8,15,1,22,631,1010.00,743.00
11,11,11,16,11,6,1,6,0.00,1,8,1,15,631,573.00,390.00
6,16,1,11,16,11,16,1,4.00,8,1,22,22,631,647.00,480.00
11,6,6,1,1,16,16,6,8.00,8,15,1,1,631,623.00,488.00
16,6,11,6,6,1,1,16,6.00,8,8,15,8,631,618.00,387.00
16,1,16,11,1,1,1,1,6.00,15,15,22,1,631,362.00,258.00
1,6,1,11,11,11,11,11,10.00,22,15,1,8,631,635.00,487.00
6,11,16,16,16,11,6,16,0.00,15,15,15,1,631,907.00,631.00
1,16,16,11,1,1,1,1,10.00,1,1,15,22,631,386.00,276.00
16,11,1,11,11,16,16,6,0.00,1,8,8,22,631,713.00,560.00
16,6,16,11,16,16,11,11,2.00,1,22,22,1,631,849.00,646.00
6,11,16,16,16,6,6,6,8.00,22,15,15,8,631,669.00,482.00
1,1,1,16,1,16,6,16,10.00,1,1,15,22,631,806.00,538.00
11,11,11,6,16,1,16,16,0.00,8,1,22,8,631,813.00,600.00
16,11,1,6,11,1,16,1,4.00,1,8,1,8,631,482.00,359.00
11,6,11,6,11,6,11,6,4.00,1,8,8,15,631,581.00,429.00
1,16,6,11,1,16,11,11,10.00,1,8,22,22,631,722.00,547.00
1,16,11,16,11,1,6,16,2.00,1,15,8,15,631,833.00,530.00
6,6,6,6,1,11,1,11,0.00,22,8,1,1,631,453.00,339.00
6,6,11,6,11,1,1,1,8.00,22,1,22,1,631,300.00,220.00
11,1,1,6,16,16,1,16,2.00,1,15,8,15,631,638.00,462.00
16,11,1,1,16,16,16,6,2.00,15,1,8,1,631,638.00,524.00
1,1,16,6,16,16,11,6,4.00,8,8,1,15,631,691.00,526.00
16,1,1,16,16,16,16,6,6.00,22,22,15,8,631,766.00,597.00
16,11,11,16,6,1,11,16,4.00,1,8,1,22,631,875.00,573.00
1,1,16,11,16,16,16,1,4.00,22,15,8,22,631,796.00,579.00
16,1,16,11,16,11,6,1,8.00,1,1,8,22,631,551.00,424.00
6,6,6,6,1,11,1,11,8.00,15,8,22,22,631,502.00,346.00
11,1,16,16,6,1,6,6,2.00,1,15,8,15,631,593.00,408.00
6,1,1,1,11,6,1,6,10.00,8,1,15,22,631,274.00,201.00
6,1,1,16,11,6,6,11,6.00,22,8,15,15,631,636.00,442.00
16,11,16,16,6,16,6,16,4.00,1,1,1,22,631,947.00,652.00
6,6,11,6,11,1,1,1,8.00,15,15,1,1,631,286.00,206.00
11,11,11,1,11,6,1,16,8.00,15,1,8,22,631,595.00,397.00
6,6,6,1,1,6,6,11,0.00,22,8,8,8,631,450.00,316.00
1,1,1,1,1,16,1,6,8.00,15,1,22,8,631,337.00,249.00
11,1,1,6,16,16,1,16,2.00,22,22,22,22,631,631.00,472.00
16,1,1,11,1,6,11,16,0.00,1,15,15,15,631,720.00,497.00
16,6,11,16,6,6,6,6,2.00,15,1,8,22,631,605.00,425.00
16,1,11,6,11,1,11,11,0.00,1,1,1,8,631,593.00,434.00
16,1,6,1,1,16,1,1,8.00,1,1,15,15,631,318.00,249.00
1,16,16,6,6,16,6,16,10.00,22,22,15,8,631,786.00,572.00
11,11,11,11,1,6,16,6,6.00,22,1,8,1,631,705.00,502.00
11,1,6,11,11,16,6,16,2.00,22,22,1,15,631,743.00,568.00
1,16,16,6,6,11,16,6,8.00,22,1,8,22,631,787.00,573.00
6,11,6,6,6,16,6,16,10.00,22,22,8,15,631,686.00,521.00
1,1,16,6,11,16,1,11,10.00,22,1,1,8,631,577.00,437.00
11,11,11,11,1,11,1,1,8.00,1,22,8,1,631,386.00,303.00
1,16,6,1,6,6,16,16,2.00,22,22,1,15,631,759.00,527.00
1,11,6,1,16,6,1,11,0.00,1,8,8,15,631,445.00,306.00
6,16,1,11,16,11,16,1,10.00,22,15,1,1,631,633.00,487.00
11,1,11,16,1,6,11,6,6.00,1,22,1,1,631,613.00,450.00
1,11,1,16,1,16,11,16,10.00,1,1,22,22,631,878.00,611.00
1,16,1,1,16,1,1,6,8.00,8,1,15,8,631,275.00,194.00
1,6,6,6,1,11,11,11,6.00,1,8,15,22,631,610.00,447.00
1,1,1,1,1,1,1,1,6.00,1,22,8,8,631,103.00,71.00
1,1,6,6,16,16,6,16,10.00,8,15,8,22,631,708.00,524.00
6,6,6,1,1,6,6,6,8.00,22,1,1,22,631,375.00,263.00
11,1,11,16,11,6,11,11,2.00,1,15,15,15,631,770.00,540.00
16,6,11,16,1,6,11,16,0.00,15,22,8,8,631,840.00,581.00
1,1,16,16,6,11,6,1,10.00,22,1,1,15,631,553.00,401.00
16,6,11,11,16,1,11,16,6.00,8,22,1,8,631,785.00,548.00
1,1,1,1,1,6,11,11,4.00,15,8,22,1,631,475.00,340.00
6,6,16,16,6,6,16,11,10.00,1,1,8,1,631,839.00,618.00
1,1,16,6,11,1,11,16,4.00,1,15,8,15,631,733.00,515.00
1,1,1,1,1,16,11,16,8.00,15,8,15,15,631,627.00,478.00
6,6,1,16,1,6,11,1,2.00,1,8,15,22,631,475.00,348.00
16,11,1,1,16,16,16,6,4.00,8,15,22,22,631,676.00,534.00
16,6,11,6,6,1,1,1,10.00,15,22,1,8,631,295.00,204.00
16,16,11,1,1,6,6,11,6.00,8,15,1,1,631,518.00,383.00
16,16,11,16,6,1,11,6,6.00,8,8,15,15,631,660.00,470.00
1,16,11,1,11,1,11,6,8.00,8,22,15,8,631,547.00,398.00
11,16,16,1,1,11,16,16,2.00,1,15,8,8,631,851.00,637.00
11,6,11,11,16,16,16,16,0.00,1,22,8,22,631,957.00,724.00
11,1,11,16,11,1,11,11,10.00,22,22,15,22,631,725.00,506.00
1,1,1,16,16,11,6,16,4.00,22,8,1,22,631,784.00,550.00
1,16,1,6,16,6,16,11,0.00,8,22,22,8,631,709.00,509.00
16,6,6,16,11,16,6,16,0.00,22,22,22,22,631,861.00,629.00
16,6,6,11,1,1,16,11,2.00,15,1,22,22,631,699.00,488.00
6,1,16,6,6,16,11,1,4.00,1,8,8,8,631,594.00,467.00
6,11,1,6,11,1,16,6,6.00,1,15,22,8,631,565.00,402.00
1,1,1,1,1,1,16,1,2.00,8,1,1,8,631,367.00,259.00
11,6,1,1,11,1,1,16,10.00,8,15,22,22,631,497.00,308.00
6,11,16,6,1,1,1,1,10.00,22,22,15,1,631,349.00,237.00
6,11,1,1,6,16,1,11,10.00,22,22,22,8,631,465.00,360.00
11,16,16,11,11,1,6,16,4.00,22,22,22,1,631,775.00,532.00
16,11,6,6,1,16,6,16,2.00,8,15,1,15,631,684.00,521.00
11,1,6,11,16,1,6,16,8.00,8,8,1,15,631,711.00,465.00
11,11,11,6,1,16,6,6,4.00,22,1,22,8,631,562.00,426.00
1,6,16,16,1,11,6,16,6.00,1,8,22,1,631,875.00,580.00
11,11,6,16,1,1,11,6,0.00,15,1,1,8,631,559.00,400.00
1,6,11,6,6,1,11,6,6.00,22,22,1,8,631,542.00,369.00
11,16,6,1,11,16,6,16,10.00,15,22,8,15,631,674.00,514.00
11,11,6,11,1,6,16,6,2.00,15,1,8,8,631,651.00,467.00
16,1,11,11,1,16,11,16,2.00,1,22,15,15,631,833.00,622.00
1,1,16,6,16,16,1,6,2.00,1,8,8,22,631,509.00,403.00
6,6,16,1,1,16,11,6,10.00,22,8,15,22,631,661.00,487.00
16,16,1,1,1,1,11,6,8.00,15,1,1,22,631,418.00,292.00
1,1,1,1,1,1,6,16,10.00,1,8,22,1,631,485.00,309.00
6,1,11,16,6,16,1,1,8.00,8,15,22,22,631,496.00,377.00
6,11,11,6,6,1,11,6,8.00,1,1,8,15,631,534.00,387.00
11,6,11,11,1,1,1,16,2.00,22,15,15,1,631,645.00,406.00
16,11,16,6,6,6,11,11,6.00,8,8,22,1,631,717.00,530.00
16,1,16,16,6,16,6,16,4.00,1,1,22,22,631,948.00,643.00
6,16,1,1,16,11,6,16,0.00,1,8,15,8,631,615.00,450.00
1,6,16,6,11,6,6,16,8.00,1,8,15,1,631,723.00,503.00
11,6,1,6,1,1,1,16,8.00,1,8,22,22,631,556.00,322.00
16,1,11,6,11,1,11,11,0.00,8,8,15,15,631,615.00,444.00
11,6,1,11,1,6,11,1,6.00,1,1,1,15,631,412.00,311.00
16,16,11,11,1,1,16,6,8.00,1,1,1,1,631,662.00,488.00
11,6,6,16,16,11,11,16,0.00,22,22,8,8,631,863.00,641.00
11,11,1,16,16,1,16,11,2.00,15,22,22,15,631,763.00,545.00
1,11,6,6,1,6,11,16,0.00,8,8,8,1,631,664.00,472.00
11,1,11,11,11,1,1,1,10.00,15,8,15,22,631,344.00,240.00
16,6,6,16,11,16,6,16,6.00,22,1,1,15,631,854.00,614.00
16,6,11,11,16,16,6,1,4.00,8,22,22,8,631,579.00,455.00
11,16,6,6,1,11,1,6,8.00,1,8,8,8,631,393.00,304.00
6,16,6,6,1,16,6,11,2.00,22,8,15,22,631,611.00,457.00
16,16,11,11,1,1,16,11,8.00,22,22,15,8,631,786.00,541.00
6,1,16,6,1,11,6,6,2.00,8,8,15,8,631,528.00,392.00
16,16,16,16,16,1,6,11,2.00,1,15,8,22,631,785.00,530.00
16,11,16,16,1,1,11,1,0.00,22,15,15,8,631,629.00,432.00
11,11,11,6,1,6,11,6,8.00,15,15,22,22,631,608.00,419.00
6,11,16,6,1,1,1,1,10.00,8,8,22,1,631,328.00,245.00
1,1,16,11,16,11,6,11,2.00,15,22,8,1,631,689.00,506.00
11,1,11,11,6,6,16,16,10.00,15,8,1,15,631,828.00,596.00
6,6,11,6,11,1,1,1,8.00,22,22,1,1,631,300.00,204.00
16,6,6,11,16,16,6,6,10.00,1,1,1,22,631,582.00,473.00
1,1,16,6,11,16,1,11,10.00,22,22,8,22,631,598.00,443.00
6,11,6,6,6,6,16,6,8.00,22,8,1,8,631,628.00,446.00
6,16,6,16,11,6,1,11,4.00,1,1,15,8,631,677.00,431.00
16,1,6,1,1,16,1,1,8.00,22,8,15,8,631,339.00,273.00
11,1,1,6,16,16,11,1,8.00,1,22,1,15,631,500.00,420.00
16,11,11,11,11,16,1,16,2.00,1,15,8,22,631,800.00,558.00
6,11,1,6,11,16,11,6,10.00,22,8,8,15,631,582.00,455.00
1,1,1,1,1,1,1,6,4.00,15,1,1,22,631,193.00,125.00
16,1,1,11,11,16,16,6,2.00,15,8,1,8,631,676.00,537.00
16,11,1,1,1,6,6,6,4.00,15,1,8,22,631,355.00,262.00
16,16,1,6,16,11,1,11,0.00,1,15,8,15,631,528.00,397.00
6,6,6,6,1,6,6,11,10.00,8,8,8,22,631,515.00,354.00
1,11,6,16,11,16,11,11,2.00,1,22,1,22,631,781.00,596.00
16,6,16,11,1,1,6,16,6.00,22,22,1,22,631,730.00,484.00
11,16,16,16,1,6,11,6,6.00,22,22,15,1,631,743.00,522.00
6,16,6,6,11,1,1,11,10.00,22,8,8,15,631,474.00,309.00
11,16,6,1,11,16,6,16,10.00,22,8,1,22,631,667.00,513.00
6,6,16,1,1,16,11,6,10.00,15,1,8,8,631,626.00,481.00
1,1,6,1,16,6,1,11,4.00,1,22,15,22,631,425.00,294.00
16,16,6,16,16,1,16,6,10.00,1,22,22,1,631,739.00,539.00
6,6,6,6,1,11,1,11,0.00,1,8,15,22,631,509.00,342.00
11,1,6,1,11,11,1,1,0.00,22,22,8,15,631,303.00,250.00
6,11,16,16,11,16,1,11,6.00,22,22,1,1,631,735.00,537.00
6,6,6,6,16,6,1,11,10.00,22,15,22,1,631,487.00,345.00
11,6,1,11,1,6,11,1,6.00,22,8,8,15,631,447.00,317.00
6,11,1,11,11,1,1,1,10.00,8,8,15,15,631,295.00,197.00
11,11,6,6,1,16,6,16,6.00,1,8,22,1,631,700.00,511.00
1,1,11,11,1,11,16,16,2.00,1,15,15,8,631,838.00,613.00
11,16,16,1,16,16,11,11,6.00,1,15,8,15,631,778.00,602.00
1,1,6,1,1,1,11,6,10.00,15,8,15,22,631,429.00,284.00
16,16,1,16,16,11,6,16,10.00,22,22,15,22,631,829.00,598.00
1,1,1,1,1,1,1,1,0.00,8,22,1,22,631,117.00,83.00
11,16,11,1,11,16,1,11,10.00,15,22,15,15,631,561.00,432.00
16,1,16,6,6,6,11,11,6.00,8,8,1,1,631,666.00,488.00
1,11,6,6,11,16,16,11,8.00,22,1,22,1,631,789.00,586.00
11,11,11,1,11,6,1,16,0.00,1,8,15,22,631,609.00,401.00
16,6,16,11,11,6,16,16,4.00,22,8,8,8,631,915.00,657.00
1,11,6,1,6,1,16,16,8.00,15,15,1,15,631,695.00,477.00
16,6,6,11,16,6,1,11,4.00,1,15,8,1,631,579.00,398.00
16,1,11,16,6,16,1,1,8.00,8,15,22,8,631,492.00,391.00
1,1,11,1,6,16,11,16,0.00,22,8,1,22,631,732.00,535.00
16,6,6,1,16,1,1,6,8.00,1,8,15,22,631,319.00,227.00
1,16,16,6,6,1,1,16,6.00,8,15,1,1,631,630.00,412.00
1,16,11,16,11,1,1,1,8.00,8,15,22,22,631,446.00,304.00
6,1,1,1,11,6,1,6,10.00,8,1,22,1,631,260.00,197.00
1,11,1,1,11,1,1,1,0.00,8,8,1,8,631,149.00,111.00
1,1,1,1,1,1,16,1,4.00,15,22,1,22,631,409.00,272.00
16,11,6,6,16,16,6,11,0.00,8,1,8,22,631,637.00,507.00
1,6,16,11,16,11,6,1,8.00,1,22,22,15,631,579.00,435.00
1,1,1,1,1,1,1,6,0.00,22,22,8,15,631,207.00,130.00
16,6,16,11,11,1,1,6,0.00,1,1,15,1,631,510.00,350.00
6,6,6,6,6,6,1,1,10.00,15,22,22,22,631,305.00,212.00
11,6,1,6,16,6,16,1,2.00,15,22,1,15,631,547.00,411.00
1,16,1,6,16,6,16,6,2.00,15,8,1,8,631,611.00,448.00
16,11,1,1,16,16,16,11,6.00,22,22,22,22,631,767.00,584.00
11,11,11,6,16,1,16,16,0.00,8,15,8,8,631,813.00,587.00
11,16,6,1,6,6,1,1,0.00,22,8,1,8,631,258.00,205.00
6,16,6,6,1,1,6,6,0.00,1,1,22,22,631,418.00,291.00
1,16,6,1,1,6,1,16,2.00,8,1,15,8,631,530.00,344.00
6,16,6,11,6,1,16,11,0.00,22,15,1,8,631,720.00,504.00
16,1,16,11,1,1,1,1,6.00,22,15,15,1,631,362.00,253.00
1,16,11,16,11,16,16,16,2.00,1,15,15,8,631,998.00,745.00
11,16,16,1,1,11,6,16,8.00,8,1,8,22,631,687.00,505.00
6,6,11,16,1,11,16,1,8.00,22,8,15,8,631,712.00,509.00
11,16,11,6,6,6,11,16,10.00,8,8,1,15,631,741.00,535.00
16,11,16,11,11,16,16,6,0.00,1,8,15,1,631,853.00,654.00
16,11,1,11,11,6,1,11,8.00,15,1,1,1,631,532.00,367.00
1,1,1,16,1,1,6,6,6.00,15,8,8,1,631,447.00,303.00
1,16,6,11,1,1,6,11,6.00,22,15,15,8,631,552.00,370.00
1,6,6,6,6,16,11,16,4.00,1,15,22,22,631,754.00,561.00
16,6,11,11,6,16,6,1,8.00,8,1,22,15,631,535.00,416.00
11,6,6,6,6,1,11,16,0.00,8,8,8,15,631,668.00,456.00
1,1,1,1,1,1,1,1,0.00,8,8,15,15,631,110.00,70.00
16,6,11,6,6,1,1,16,10.00,1,22,1,1,631,590.00,375.00
16,6,6,11,16,16,6,6,6.00,8,15,1,1,631,570.00,477.00
1,16,6,11,1,1,6,11,6.00,1,8,15,15,631,587.00,375.00
16,11,1,11,1,16,16,1,4.00,15,8,8,1,631,611.00,484.00
6,16,1,11,1,1,11,6,0.00,22,22,1,8,631,502.00,342.00
11,11,6,16,6,16,16,6,10.00,22,8,1,15,631,790.00,596.00
16,11,16,11,11,11,6,11,4.00,8,22,8,15,631,717.00,533.00
11,16,1,1,6,6,1,11,8.00,15,1,1,1,631,372.00,273.00
1,1,1,11,16,16,16,1,8.00,15,15,22,8,631,639.00,490.00
6,6,16,11,16,11,6,1,8.00,1,1,8,22,631,556.00,426.00
1,1,1,1,1,1,1,1,0.00,22,8,8,22,631,124.00,80.00
11,1,1,6,1,6,16,6,8.00,1,15,8,15,631,538.00,388.00
6,6,6,6,6,16,11,16,2.00,1,1,22,22,631,773.00,570.00
16,16,11,6,16,1,16,16,0.00,1,8,1,8,631,812.00,605.00
11,16,11,16,1,1,6,6,6.00,1,15,15,15,631,580.00,392.00
16,6,11,16,1,6,11,16,0.00,22,8,22,22,631,875.00,594.00
11,11,11,6,1,16,6,16,6.00,1,8,1,15,631,728.00,527.00
6,6,16,16,6,6,16,11,4.00,8,15,22,1,631,874.00,627.00
1,1,1,1,1,1,11,6,2.00,15,15,1,22,631,372.00,243.00
1,1,1,1,1,1,1,1,0.00,1,15,22,15,631,117.00,76.00
16,1,1,11,6,6,6,6,6.00,22,1,15,15,631,443.00,334.00
11,6,1,11,1,16,11,6,2.00,15,1,8,22,631,577.00,457.00
1,6,1,16,6,1,1,11,8.00,22,15,15,1,631,539.00,343.00
6,6,6,1,1,6,6,6,6.00,22,8,22,22,631,403.00,279.00
11,16,11,16,1,1,6,11,8.00,15,1,8,22,631,700.00,451.00
11,6,1,11,1,16,11,6,6.00,15,22,8,1,631,586.00,460.00
6,11,1,6,11,16,11,11,0.00,22,1,15,15,631,657.00,510.00
1,6,6,6,16,11,16,11,6.00,1,1,8,22,631,731.00,546.00
11,16,6,6,1,16,6,11,0.00,8,1,15,8,631,590.00,460.00
6,16,6,6,1,1,6,6,2.00,22,8,15,22,631,431.00,282.00
1,1,1,1,1,1,1,1,0.00,8,8,1,15,631,96.00,64.00
11,11,11,16,16,16,16,1,2.00,15,8,1,1,631,784.00,607.00
11,16,16,6,11,1,1,11,4.00,22,8,8,15,631,549.00,378.00
11,16,1,1,1,11,16,16,2.00,1,15,15,8,631,723.00,533.00
1,16,11,1,11,1,6,1,2.00,1,1,15,15,631,366.00,283.00
11,16,6,11,1,6,11,6,6.00,8,8,15,15,631,585.00,422.00
11,16,16,16,1,1,16,1,0.00,15,1,15,1,631,706.00,508.00
6,16,1,1,16,11,6,16,8.00,1,8,8,8,631,608.00,449.00
1,11,16,16,6,1,1,6,2.00,8,8,15,8,631,558.00,362.00
6,1,11,11,6,1,11,16,0.00,8,15,1,1,631,735.00,501.00
6,6,6,1,1,6,6,6,8.00,15,1,8,22,631,375.00,264.00
16,16,16,6,6,16,16,1,10.00,1,15,8,15,631,758.00,591.00
11,16,6,6,1,16,6,11,2.00,15,15,1,1,631,581.00,460.00
6,1,16,11,1,16,11,1,2.00,22,8,15,22,631,661.00,476.00
16,16,1,1,6,1,1,1,8.00,8,1,15,1,631,164.00,139.00
11,1,1,6,11,11,16,6,2.00,8,22,22,15,631,631.00,472.00
11,16,11,1,6,11,16,16,0.00,22,8,15,22,631,856.00,610.00
6,11,1,6,1,1,1,16,8.00,22,8,1,8,631,505.00,314.00
1,16,11,16,6,11,1,6,6.00,1,8,22,22,631,611.00,417.00
11,6,1,11,6,6,16,11,4.00,8,15,1,15,631,678.00,499.00
6,6,16,16,1,6,11,1,6.00,8,8,15,15,631,625.00,446.00
16,11,16,11,16,16,16,11,4.00,8,15,8,15,631,950.00,714.00
6,6,16,1,6,16,1,11,2.00,1,8,22,22,631,563.00,419.00
11,11,11,1,11,6,1,16,0.00,22,8,22,22,631,595.00,404.00
16,6,16,11,16,16,11,6,6.00,22,1,15,15,631,782.00,587.00
11,6,1,16,1,16,11,11,2.00,1,22,1,22,631,724.00,557.00
1,1,1,1,1,1,1,1,8.00,22,1,22,1,631,110.00,86.00
1,1,1,1,1,1,1,1,6.00,15,15,15,1,631,110.00,73.00
1,1,1,1,1,1,16,16,6.00,8,22,1,15,631,605.00,411.00
11,1,6,6,16,1,11,11,6.00,22,1,1,8,631,566.00,410.00
1,11,6,1,6,1,11,16,0.00,1,22,22,15,631,624.00,427.00
11,6,6,6,6,1,6,16,6.00,22,22,1,22,631,595.00,401.00
1,11,1,16,16,1,1,11,10.00,15,8,15,15,631,603.00,378.00
1,11,11,11,16,16,16,16,6.00,22,15,8,1,631,964.00,716.00
1,1,16,6,16,16,1,1,10.00,1,22,22,1,631,450.00,363.00
16,6,6,11,16,16,6,11,2.00,1,22,15,15,631,688.00,541.00
11,6,16,1,16,16,16,16,4.00,8,22,15,15,631,929.00,696.00
11,16,1,1,6,16,6,6,0.00,22,8,22,22,631,478.00,378.00
11,1,11,16,11,6,11,16,0.00,8,15,1,1,631,856.00,592.00
1,11,16,16,6,16,16,16,2.00,15,15,8,8,631,1010.00,744.00
11,1,11,16,11,6,6,1,0.00,22,1,22,22,631,521.00,375.00
6,16,16,11,6,6,11,11,6.00,15,1,22,1,631,762.00,559.00
16,11,11,6,11,11,1,16,2.00,1,15,8,22,631,700.00,473.00
11,16,11,1,6,16,1,1,8.00,8,15,22,22,631,406.00,334.00
16,1,11,16,11,11,11,6,0.00,1,22,8,22,631,707.00,530.00
1,16,6,1,6,11,1,1,2.00,1,22,1,22,631,290.00,237.00
16,6,16,11,16,16,11,11,8.00,1,22,8,1,631,835.00,638.00
6,6,11,6,11,6,1,11,10.00,22,15,1,1,631,486.00,346.00
1,1,1,1,1,1,1,16,6.00,8,8,1,1,631,412.00,256.00
1,11,11,16,11,11,1,1,0.00,22,1,15,22,631,475.00,358.00
11,1,6,1,16,16,16,1,2.00,15,8,1,1,631,584.00,485.00
16,6,11,6,6,16,11,11,10.00,1,8,22,22,631,727.00,552.00
6,6,6,11,1,1,1,16,6.00,8,15,1,1,631,605.00,378.00
6,11,11,11,6,16,6,16,10.00,15,1,8,8,631,806.00,575.00
11,16,6,1,11,6,1,16,2.00,1,15,1,15,631,556.00,373.00
16,1,1,6,11,16,16,6,6.00,1,15,22,8,631,650.00,514.00
1,1,16,11,1,1,1,1,6.00,22,15,1,8,631,340.00,228.00
6,6,6,6,1,6,1,1,4.00,1,8,22,22,631,262.00,191.00
6,1,16,6,6,16,11,1,10.00,15,22,1,15,631,622.00,464.00
1,1,16,11,1,11,11,1,8.00,15,22,8,22,631,621.00,435.00
1,16,11,16,11,16,6,16,8.00,8,22,22,1,631,894.00,634.00
1,11,6,16,11,6,16,11,2.00,15,1,8,8,631,776.00,572.00
16,6,6,11,1,1,1,11,8.00,15,22,22,1,631,505.00,324.00
1,1,1,1,1,1,1,1,0.00,15,1,15,1,631,96.00,72.00
16,1,16,6,1,6,16,1,6.00,15,8,15,22,631,649.00,459.00
1,1,16,11,16,1,11,1,2.00,22,22,15,15,631,603.00,411.00
16,6,6,11,16,11,6,1,8.00,8,1,1,22,631,466.00,374.00
16,1,1,1,16,6,6,16,4.00,15,1,8,22,631,570.00,406.00
1,11,1,6,6,6,6,11,10.00,15,22,22,1,631,484.00,347.00
11,1,11,16,1,11,16,1,8.00,15,1,1,8,631,674.00,495.00
11,11,11,1,16,11,16,1,8.00,22,8,15,8,631,657.00,501.00
16,6,6,11,1,11,6,11,10.00,15,15,8,1,631,590.00,448.00
1,16,16,11,6,1,16,11,2.00,15,1,8,8,631,801.00,576.00
6,6,16,1,1,16,6,16,8.00,8,8,1,15,631,687.00,502.00
16,11,6,6,6,16,1,11,2.00,1,15,8,15,631,548.00,424.00
11,11,1,1,1,16,11,11,4.00,8,15,8,15,631,585.00,455.00
6,6,6,6,1,11,1,11,0.00,1,1,22,8,631,509.00,340.00
1,11,11,16,1,1,1,1,10.00,8,15,22,22,631,411.00,266.00
6,11,16,6,16,16,16,1,2.00,15,8,1,1,631,749.00,588.00
1,16,6,1,1,6,1,16,2.00,1,8,15,8,631,530.00,338.00
1,6,16,6,11,6,6,16,0.00,1,1,22,22,631,758.00,518.00
11,16,6,1,6,6,1,1,0.00,22,15,1,1,631,258.00,207.00
6,6,6,11,16,6,1,11,10.00,22,15,8,8,631,555.00,384.00
11,1,1,16,11,16,1,11,6.00,22,22,22,1,631,648.00,478.00
6,11,16,16,11,11,11,11,2.00,1,8,8,1,631,831.00,613.00
11,16,1,1,6,11,6,11,4.00,8,22,15,8,631,497.00,380.00
1,6,16,16,1,11,6,6,4.00,22,1,1,15,631,618.00,449.00
11,1,6,11,16,1,6,16,8.00,8,15,8,1,631,697.00,457.00
1,11,6,1,6,1,16,1,2.00,8,15,1,15,631,483.00,345.00
11,11,16,16,16,1,11,6,2.00,22,15,15,15,631,741.00,520.00
11,6,11,11,1,1,1,16,10.00,15,22,22,1,631,652.00,408.00
11,6,16,6,1,6,1,11,0.00,22,22,1,8,631,502.00,353.00
11,11,6,16,1,1,11,6,10.00,1,22,8,1,631,565.00,405.00
16,6,11,16,1,1,1,16,4.00,15,1,8,15,631,753.00,458.00
16,16,16,6,6,16,16,1,10.00,1,15,22,1,631,758.00,591.00
11,11,6,6,16,11,11,16,8.00,8,15,22,22,631,776.00,572.00
16,11,16,16,6,16,6,16,4.00,1,1,22,22,631,968.00,657.00
11,11,11,1,16,11,16,1,8.00,15,1,1,8,631,629.00,496.00
6,6,6,6,6,6,1,1,10.00,15,22,1,15,631,277.00,200.00
6,16,1,6,11,6,11,11,2.00,8,8,8,22,631,595.00,431.00
16,6,6,6,16,6,6,6,8.00,22,22,8,8,631,484.00,360.00
6,11,16,16,11,16,1,11,6.00,22,22,22,1,631,745.00,548.00
11,6,11,11,16,16,16,16,6.00,22,15,1,1,631,952.00,718.00
1,1,6,16,16,11,6,16,10.00,22,22,15,22,631,819.00,574.00
16,16,1,1,11,1,11,6,2.00,8,15,22,8,631,462.00,334.00
11,6,16,11,11,11,1,16,4.00,1,8,15,15,631,802.00,527.00
6,1,16,11,11,11,16,6,4.00,8,1,8,22,631,788.00,576.00
6,11,11,11,6,6,1,16,2.00,1,15,1,15,631,711.00,455.00
16,6,11,16,1,1,1,16,2.00,1,22,15,8,631,746.00,460.00
6,6,6,16,16,11,6,16,4.00,8,1,22,15,631,869.00,585.00
6,16,6,6,1,11,1,6,8.00,1,8,8,8,631,388.00,294.00
1,16,11,1,11,1,11,6,6.00,8,8,15,15,631,540.00,397.00
1,1,1,6,11,1,16,6,6.00,1,15,22,8,631,530.00,373.00
11,1,11,16,11,1,11,11,4.00,22,8,1,22,631,724.00,501.00
6,11,16,6,16,1,11,11,4.00,15,1,8,1,631,688.00,504.00
6,1,1,16,11,6,6,11,6.00,8,1,15,22,631,664.00,439.00
11,16,1,6,11,1,1,11,4.00,22,8,8,15,631,444.00,291.00
1,6,6,6,16,11,16,11,0.00,1,1,8,22,631,731.00,546.00
16,16,11,1,1,6,6,6,10.00,15,22,1,8,631,465.00,338.00
11,11,1,1,1,11,11,11,4.00,8,1,22,8,631,543.00,411.00
11,16,16,1,1,11,16,16,2.00,1,15,15,8,631,858.00,643.00
16,16,11,11,1,11,11,11,8.00,8,15,8,8,631,733.00,542.00
16,11,16,16,1,1,11,1,0.00,22,15,15,22,631,643.00,434.00
11,1,11,1,16,11,6,6,2.00,22,8,1,15,631,495.00,375.00
16,1,11,11,1,16,11,6,2.00,1,8,8,22,631,658.00,503.00
6,1,16,6,6,6,11,6,0.00,1,1,22,1,631,593.00,448.00
1,6,6,6,1,11,11,11,6.00,8,1,15,8,631,596.00,443.00
11,6,1,11,1,6,11,1,6.00,8,8,15,15,631,440.00,315.00
16,6,6,6,6,1,11,6,8.00,15,22,1,8,631,500.00,348.00
6,1,16,11,1,16,11,1,2.00,15,15,1,1,631,626.00,470.00
1,1,16,11,16,11,6,11,2.00,15,8,1,15,631,694.00,504.00
1,11,1,16,6,1,1,11,8.00,22,15,22,22,631,573.00,356.00
1,16,1,11,16,11,16,1,10.00,22,22,1,15,631,649.00,484.00
1,16,6,6,6,16,11,6,4.00,22,22,22,15,631,655.00,486.00
6,6,16,1,6,16,1,11,2.00,1,15,8,15,631,549.00,411.00
16,6,11,11,16,16,6,1,10.00,22,1,1,15,631,558.00,444.00
1,11,6,16,11,6,1,11,8.00,15,22,22,1,631,630.00,416.00
11,1,1,6,1,6,16,6,6.00,22,8,15,8,631,552.00,391.00
16,11,11,16,6,1,11,16,10.00,22,22,15,8,631,840.00,572.00
6,1,6,6,6,1,6,1,6.00,15,22,22,15,631,343.00,224.00
11,11,11,6,1,16,6,16,6.00,1,8,22,1,631,735.00,535.00
1,11,1,16,1,16,11,16,10.00,1,1,1,1,631,837.00,600.00
16,11,11,6,11,11,11,16,10.00,15,1,15,8,631,783.00,585.00
6,11,11,6,6,6,11,16,10.00,8,8,1,15,631,726.00,517.00
11,16,1,16,16,6,16,11,6.00,22,8,15,8,631,792.00,587.00
1,16,16,11,6,11,6,11,10.00,15,15,8,1,631,697.00,508.00
11,1,6,11,16,1,6,16,2.00,8,15,1,15,631,704.00,462.00
6,1,6,1,16,6,16,16,2.00,8,15,1,15,631,728.00,523.00
1,16,11,16,11,16,6,16,8.00,8,1,8,22,631,922.00,629.00
16,11,16,11,16,1,11,6,8.00,15,1,22,1,631,682.00,505.00
6,16,6,16,11,6,1,11,4.00,22,8,15,8,631,649.00,428.00
11,1,11,16,1,6,11,6,6.00,1,22,22,22,631,651.00,463.00
1,1,16,6,11,16,1,11,10.00,22,8,1,8,631,570.00,436.00
16,1,11,16,11,6,1,1,4.00,22,8,8,22,631,436.00,322.00
6,16,6,11,1,1,11,1,6.00,15,22,15,8,631,494.00,330.00
11,11,11,6,16,11,11,1,10.00,8,22,8,1,631,588.00,453.00
16,16,11,1,6,11,16,11,2.00,22,22,8,1,631,786.00,576.00
11,6,16,6,11,11,11,6,10.00,1,8,15,8,631,666.00,510.00
16,16,1,16,16,11,11,11,10.00,22,15,22,15,631,763.00,585.00
6,6,11,1,1,11,11,16,10.00,22,22,1,8,631,702.00,498.00
6,1,6,1,11,11,1,16,4.00,8,22,22,8,631,546.00,386.00
11,6,1,16,16,6,16,16,2.00,8,15,1,15,631,869.00,628.00
11,16,6,16,1,6,11,1,2.00,1,8,8,22,631,553.00,401.00
1,1,1,1,1,1,1,16,6.00,22,22,1,1,631,384.00,256.00
11,16,6,16,11,16,11,1,10.00,1,22,15,8,631,660.00,513.00
6,16,6,6,1,6,1,11,6.00,22,22,22,8,631,462.00,319.00
11,6,1,11,1,16,11,6,6.00,1,8,15,22,631,575.00,459.00
16,6,16,11,11,6,16,16,4.00,22,1,15,15,631,922.00,668.00
16,1,11,11,1,6,1,11,10.00,1,22,8,1,631,552.00,371.00
11,6,16,6,1,16,11,6,2.00,1,8,8,22,631,678.00,507.00
11,6,1,16,6,6,1,16,6.00,8,15,22,8,631,718.00,456.00
1,1,11,11,16,11,1,6,0.00,8,22,1,8,631,493.00,370.00
1,16,11,1,11,6,1,16,0.00,22,8,8,8,631,567.00,392.00
11,6,1,16,1,1,6,6,8.00,22,15,15,8,631,476.00,325.00
1,16,1,6,1,1,11,11,6.00,8,8,15,22,631,532.00,364.00
11,16,6,6,1,16,6,11,4.00,1,8,15,1,631,583.00,456.00
6,1,11,6,16,16,6,16,10.00,1,1,15,15,631,769.00,550.00
11,16,6,11,1,6,6,1,2.00,22,15,15,22,631,453.00,310.00
1,1,1,1,1,1,16,1,6.00,8,1,22,22,631,402.00,273.00
11,1,6,16,16,6,1,11,10.00,1,8,8,8,631,653.00,425.00
6,1,1,1,11,6,1,6,10.00,22,8,8,22,631,271.00,205.00
11,1,1,6,16,16,1,16,2.00,1,15,15,15,631,645.00,467.00
1,1,1,1,1,1,1,1,0.00,1,8,8,8,631,89.00,60.00
16,1,11,6,11,16,1,11,10.00,22,8,1,8,631,550.00,443.00
1,1,16,6,11,1,11,11,0.00,1,1,1,15,631,622.00,458.00
16,11,6,6,1,16,6,16,8.00,8,22,22,15,631,698.00,524.00
16,11,6,6,16,16,6,11,0.00,8,8,1,15,631,616.00,504.00
1,1,1,1,1,1,1,16,4.00,22,1,22,8,631,433.00,263.00
11,16,11,16,16,11,6,16,8.00,15,15,8,15,631,894.00,623.00
16,11,16,16,16,6,1,6,10.00,22,8,15,15,631,621.00,437.00
6,1,1,1,6,1,11,1,0.00,22,15,15,22,631,348.00,232.00
11,1,1,1,11,6,1,16,0.00,22,8,8,8,631,477.00,332.00
11,11,11,16,11,11,11,11,2.00,1,8,8,1,631,801.00,591.00
16,11,1,6,11,1,16,1,4.00,8,15,1,15,631,503.00,364.00
6,1,6,1,16,6,16,16,2.00,8,1,22,8,631,728.00,535.00
1,11,6,6,16,1,11,11,6.00,22,1,1,8,631,586.00,421.00
6,6,6,1,6,1,16,1,8.00,8,15,8,1,631,466.00,337.00
11,11,16,16,16,1,6,11,0.00,1,15,8,15,631,763.00,513.00
6,6,6,6,1,11,16,6,10.00,15,22,22,1,631,658.00,474.00
16,16,16,6,1,16,11,11,10.00,1,8,22,22,631,792.00,591.00
6,6,6,11,6,16,16,1,10.00,1,15,8,8,631,651.00,502.00
16,16,1,1,16,1,1,6,8.00,1,8,15,22,631,304.00,220.00
1,16,11,1,1,6,6,6,10.00,15,22,1,8,631,450.00,323.00
11,6,6,16,1,11,11,11,10.00,1,1,15,1,631,740.00,528.00
16,11,6,6,1,16,16,6,8.00,8,8,15,8,631,693.00,529.00
1,16,6,1,6,6,16,1,6.00,15,8,15,22,631,554.00,401.00
16,6,11,1,6,11,1,1,8.00,1,22,8,1,631,311.00,265.00
6,1,11,6,6,11,6,6,6.00,22,15,8,8,631,507.00,371.00
6,6,11,6,16,16,6,16,10.00,22,15,15,22,631,753.00,565.00
11,16,6,1,11,16,6,16,10.00,8,22,15,8,631,668.00,515.00
1,16,16,11,6,11,6,11,10.00,15,15,15,15,631,709.00,515.00
16,6,11,16,1,6,11,16,0.00,1,15,8,1,631,854.00,581.00
16,11,16,11,16,1,11,6,8.00,15,1,1,8,631,664.00,489.00
11,11,11,6,16,1,16,16,0.00,1,8,22,1,631,815.00,601.00
11,1,1,1,11,16,1,1,6.00,8,15,22,1,631,351.00,269.00
16,16,6,16,1,1,1,1,8.00,8,1,15,1,631,378.00,253.00
1,1,1,1,1,1,1,1,0.00,1,1,8,1,631,75.00,56.00
11,6,16,1,16,16,16,1,0.00,1,1,22,22,631,720.00,568.00
11,16,6,16,11,6,1,16,8.00,8,8,1,15,631,781.00,500.00
16,11,6,6,1,16,6,11,6.00,22,22,22,8,631,613.00,469.00
11,16,6,1,16,1,11,11,6.00,22,1,1,8,631,571.00,407.00
6,6,6,6,11,16,6,16,10.00,15,1,8,8,631,701.00,523.00
11,11,6,16,1,1,11,6,0.00,22,22,8,1,631,586.00,408.00
16,11,1,11,16,6,11,16,2.00,1,22,1,8,631,757.00,550.00
1,6,16,16,1,11,6,6,4.00,22,1,22,1,631,629.00,464.00
6,16,16,16,11,6,6,1,0.00,22,1,22,8,631,597.00,439.00
6,16,1,11,16,11,16,1,10.00,8,8,8,22,631,640.00,480.00
16,16,1,6,16,6,6,11,0.00,1,8,8,15,631,555.00,402.00
16,16,1,6,11,6,11,11,2.00,8,8,8,22,631,605.00,445.00
16,1,11,11,1,16,11,6,2.00,22,8,1,15,631,665.00,502.00
6,16,1,11,6,16,16,6,10.00,1,8,8,22,631,703.00,541.00
1,6,16,16,1,11,6,6,6.00,22,1,22,8,631,632.00,465.00
11,6,11,11,6,6,11,11,6.00,15,1,22,1,631,687.00,503.00
11,1,1,11,1,16,11,6,6.00,22,1,15,15,631,579.00,448.00
16,11,1,6,11,16,11,6,2.00,1,8,8,22,631,578.00,469.00
16,1,11,11,1,1,16,1,4.00,8,1,22,8,631,583.00,409.00
6,16,16,16,16,11,6,16,8.00,15,15,8,8,631,917.00,637.00
11,16,11,16,11,6,6,1,0.00,22,1,22,22,631,566.00,404.00
16,16,6,6,11,16,11,16,8.00,8,15,1,8,631,781.00,611.00
11,11,6,16,1,1,11,6,0.00,22,1,15,22,631,589.00,414.00
1,1,1,1,1,1,1,1,0.00,8,15,15,8,631,110.00,72.00
6,6,6,6,6,6,1,1,10.00,15,22,22,8,631,291.00,212.00
6,11,1,1,6,11,6,6,6.00,22,8,8,15,631,402.00,310.00
1,6,1,1,16,16,11,11,2.00,8,15,1,15,631,598.00,471.00
11,1,6,11,16,1,6,16,8.00,22,1,15,22,631,725.00,468.00
11,6,1,6,1,6,16,6,6.00,22,8,15,8,631,567.00,401.00
6,6,16,16,6,6,16,11,4.00,8,8,8,1,631,853.00,617.00
11,11,6,1,16,6,1,6,0.00,1,22,1,15,631,353.00,265.00
11,11,11,6,16,1,16,16,0.00,1,15,8,8,631,806.00,591.00
16,1,6,11,1,1,1,6,0.00,1,8,1,8,631,386.00,245.00
11,11,11,6,1,1,16,1,4.00,8,8,22,15,631,582.00,414.00
1,1,1,1,1,1,1,1,0.00,1,1,22,22,631,110.00,85.00
6,6,16,1,1,16,11,6,10.00,15,8,15,1,631,637.00,487.00
1,1,11,6,6,1,6,16,8.00,22,8,1,22,631,624.00,411.00
16,16,1,6,16,16,1,11,10.00,15,1,15,8,631,553.00,439.00
1,6,6,6,1,11,11,11,6.00,8,22,15,15,631,624.00,446.00
11,6,6,11,1,16,16,11,6.00,1,1,1,22,631,764.00,591.00
11,1,1,6,16,16,1,16,2.00,1,15,8,8,631,631.00,467.00
16,6,11,16,11,6,6,11,6.00,8,1,15,22,631,754.00,501.00
6,1,1,16,1,1,1,16,2.00,1,22,15,8,631,664.00,388.00
16,16,1,6,16,16,1,1,8.00,8,15,22,22,631,448.00,340.00
16,1,11,16,6,16,1,11,10.00,15,22,15,15,631,702.00,510.00
6,6,16,1,6,16,1,11,2.00,1,8,8,1,631,528.00,407.00
11,1,1,16,11,11,11,11,2.00,1,15,8,15,631,718.00,535.00
16,11,16,16,6,16,11,16,8.00,8,15,22,22,631,992.00,714.00
11,11,6,6,16,11,6,16,4.00,1,1,22,22,631,748.00,517.00
16,16,1,6,11,11,16,6,2.00,22,1,22,8,631,667.00,504.00
1,6,16,16,1,11,6,6,4.00,8,22,22,15,631,646.00,465.00
11,6,1,6,16,6,16,1,10.00,22,15,1,1,631,533.00,407.00
1,11,6,1,16,6,1,11,2.00,15,22,22,22,631,450.00,313.00
6,16,1,6,11,6,11,11,4.00,22,15,1,1,631,588.00,431.00
11,1,16,1,6,6,6,16,8.00,1,1,8,1,631,633.00,456.00
6,11,16,6,16,1,11,11,4.00,15,1,1,1,631,681.00,499.00
11,16,6,11,6,11,11,11,10.00,1,1,15,1,631,700.00,521.00
16,11,11,1,6,6,6,1,8.00,1,1,1,1,631,358.00,300.00
11,6,16,11,11,6,11,11,2.00,8,8,8,22,631,750.00,547.00
1,1,6,16,1,11,11,11,0.00,22,15,1,8,631,680.00,511.00
6,1,16,6,16,16,6,16,10.00,15,1,8,8,631,776.00,570.00
11,16,6,1,11,16,6,11,4.00,1,22,15,1,631,583.00,462.00
16,6,6,11,16,11,6,16,4.00,1,22,22,1,631,776.00,560.00
1,1,1,1,16,1,1,11,6.00,22,1,15,15,631,358.00,234.00
16,6,11,16,1,6,1,16,2.00,22,15,15,15,631,764.00,489.00
11,6,11,11,1,1,11,16,0.00,1,15,15,15,631,770.00,513.00
1,16,11,16,11,16,6,16,8.00,8,1,8,8,631,908.00,628.00
16,6,6,6,6,1,11,6,8.00,15,22,1,22,631,514.00,348.00
16,1,1,1,16,6,6,16,4.00,1,1,15,22,631,591.00,408.00
6,11,16,16,16,11,6,16,10.00,1,22,15,22,631,935.00,635.00
11,1,11,16,1,6,11,6,6.00,1,22,1,15,631,623.00,451.00
6,11,11,6,6,6,11,16,10.00,8,8,22,22,631,754.00,537.00
11,1,16,1,6,6,6,16,6.00,15,1,8,15,631,633.00,452.00
16,6,16,6,11,16,16,16,10.00,15,8,1,1,631,938.00,704.00
11,1,11,16,1,11,16,1,8.00,22,22,22,15,631,730.00,510.00
1,16,1,16,16,1,16,11,2.00,15,8,15,8,631,741.00,536.00
1,1,1,1,1,1,1,1,6.00,15,8,8,15,631,110.00,69.00
11,11,6,11,1,6,16,6,4.00,22,15,8,8,631,672.00,472.00
1,16,1,6,16,6,16,11,0.00,22,8,15,22,631,716.00,504.00
1,16,6,11,16,1,1,11,8.00,8,8,8,8,631,566.00,359.00
6,6,16,1,1,16,11,6,10.00,22,15,8,8,631,647.00,480.00
11,11,1,16,1,16,6,6,10.00,22,22,22,1,631,602.00,458.00
6,11,16,16,11,16,1,11,6.00,1,22,8,15,631,766.00,541.00
6,6,16,16,6,6,16,1,0.00,8,22,15,1,631,735.00,531.00
16,16,16,6,11,6,6,11,4.00,8,15,1,15,631,643.00,477.00
11,6,6,6,6,1,11,1,0.00,1,22,22,15,631,444.00,309.00
16,6,11,1,1,1,1,16,2.00,1,22,15,22,631,535.00,335.00
16,16,16,16,16,1,6,11,2.00,22,22,1,8,631,736.00,514.00
16,11,1,1,16,16,16,6,2.00,15,8,22,8,631,662.00,529.00
16,11,11,6,11,11,11,16,10.00,15,1,8,8,631,776.00,581.00
6,6,11,11,1,16,11,1,2.00,15,15,1,1,631,591.00,450.00
1,16,1,1,11,16,11,6,2.00,8,8,15,15,631,545.00,431.00
16,1,1,16,16,16,16,6,0.00,1,8,8,15,631,731.00,589.00
1,1,1,1,1,1,1,1,0.00,8,22,1,15,631,110.00,76.00
11,11,1,1,16,16,1,11,10.00,15,22,15,15,631,498.00,392.00
16,16,1,11,16,1,1,11,10.00,15,8,15,15,631,553.00,358.00
11,16,16,16,1,1,16,1,0.00,8,8,1,22,631,713.00,499.00
1,11,1,16,1,16,11,16,10.00,1,15,15,1,631,836.00,605.00
6,16,6,11,6,1,16,11,0.00,22,1,1,1,631,708.00,501.00
11,6,6,16,16,11,11,1,8.00,22,22,22,22,631,652.00,471.00
11,6,1,6,16,6,16,1,2.00,8,1,1,1,631,505.00,393.00
16,16,16,16,16,1,6,11,2.00,1,22,8,15,631,771.00,528.00
11,16,1,1,6,11,6,11,4.00,15,22,1,22,631,504.00,380.00
6,11,11,6,6,6,11,11,10.00,1,22,8,22,631,662.00,475.00
11,16,11,1,11,11,11,6,0.00,8,8,1,15,631,606.00,466.00
6,6,6,16,16,11,6,16,4.00,8,1,1,22,631,855.00,576.00
16,6,16,16,6,1,1,1,4.00,15,22,15,15,631,447.00,312.00
16,16,6,16,16,1,16,6,10.00,22,1,1,22,631,735.00,523.00
1,6,1,11,11,11,11,6,0.00,1,1,22,1,631,543.00,425.00
11,6,1,16,1,16,16,1,10.00,1,8,15,15,631,638.00,493.00
1,11,6,11,11,16,11,1,8.00,1,22,1,15,631,588.00,454.00
16,11,11,1,16,6,1,11,10.00,22,15,1,1,631,468.00,354.00
6,11,1,11,11,1,1,1,10.00,15,22,1,8,631,281.00,196.00
16,6,6,6,6,1,11,6,8.00,22,8,8,15,631,507.00,346.00
16,6,6,6,16,6,6,6,8.00,8,22,22,8,631,484.00,360.00
1,1,1,1,1,11,16,1,10.00,1,8,1,22,631,451.00,345.00
1,11,11,16,16,16,16,1,2.00,15,1,15,1,631,781.00,594.00
16,11,11,6,11,11,11,16,10.00,15,8,1,1,631,773.00,580.00
6,11,16,1,6,6,1,11,10.00,22,15,1,1,631,477.00,346.00
1,11,6,1,16,11,11,6,0.00,8,8,22,15,631,567.00,428.00
16,16,11,16,11,16,1,11,10.00,22,8,1,8,631,730.00,542.00
1,1,16,6,6,1,11,6,8.00,8,22,15,8,631,577.00,410.00
16,6,6,6,6,11,11,11,2.00,1,8,8,1,631,616.00,474.00
11,1,1,16,11,1,11,6,8.00,15,22,1,8,631,541.00,393.00
6,11,11,6,6,6,11,1,0.00,22,1,22,22,631,546.00,384.00
6,16,16,16,11,6,6,16,10.00,8,8,1,15,631,891.00,591.00
6,11,16,6,16,1,11,11,4.00,15,22,8,8,631,707.00,506.00
16,16,11,11,1,1,16,11,0.00,22,1,8,1,631,760.00,536.00
1,6,1,11,1,1,16,6,0.00,22,22,1,8,631,562.00,382.00
11,11,6,16,11,11,11,11,10.00,15,15,22,1,631,759.00,576.00
1,1,16,6,11,6,11,16,10.00,15,1,8,8,631,751.00,546.00
11,16,6,1,11,16,6,16,4.00,1,15,8,8,631,661.00,509.00
6,1,16,6,6,16,11,11,6.00,8,1,1,22,631,731.00,548.00
6,11,16,11,16,16,6,11,4.00,1,22,15,1,631,752.00,577.00
6,16,16,11,6,11,6,11,10.00,15,15,8,1,631,702.00,513.00
1,16,6,6,1,1,6,6,0.00,8,1,15,8,631,391.00,279.00
1,1,16,16,6,6,11,16,6.00,8,22,22,22,631,900.00,612.00
16,16,11,1,1,6,6,6,10.00,15,22,15,22,631,493.00,346.00
16,6,6,11,1,6,6,6,10.00,15,22,1,8,631,465.00,350.00
16,16,11,1,16,6,1,11,4.00,22,15,1,15,631,497.00,362.00
11,16,1,6,11,1,1,11,4.00,22,22,22,8,631,437.00,295.00
11,16,16,11,11,1,6,16,10.00,22,8,8,15,631,789.00,532.00
1,1,1,1,1,1,1,1,0.00,22,1,15,15,631,117.00,77.00
16,6,16,6,11,6,6,16,0.00,1,8,15,8,631,745.00,517.00
1,11,6,1,6,1,6,16,6.00,15,1,8,8,631,541.00,369.00
11,16,6,1,11,16,6,16,10.00,22,22,1,22,631,681.00,517.00
11,11,11,1,16,11,16,1,8.00,15,1,15,22,631,657.00,500.00
16,16,6,6,1,11,16,16,0.00,22,8,1,8,631,813.00,597.00
1,1,1,1,1,1,1,1,0.00,1,8,1,22,631,96.00,70.00
11,11,6,6,16,11,11,16,8.00,8,22,15,1,631,755.00,570.00
11,11,16,16,16,1,11,6,10.00,15,1,8,15,631,713.00,516.00
1,1,1,1,16,1,6,16,4.00,8,1,1,22,631,530.00,347.00
6,16,6,6,6,1,6,6,0.00,8,1,15,8,631,411.00,298.00
6,16,16,6,1,1,1,1,10.00,8,15,22,22,631,371.00,260.00
6,6,16,6,6,6,11,6,0.00,1,1,22,1,631,608.00,459.00
11,11,11,6,1,16,6,16,6.00,1,15,22,22,631,749.00,537.00
6,6,6,6,6,16,11,16,4.00,1,8,22,1,631,745.00,563.00
11,1,11,16,11,6,11,16,2.00,15,15,15,8,631,869.00,600.00
6,16,6,6,1,1,6,6,0.00,8,1,8,8,631,389.00,277.00
6,11,16,1,11,16,1,11,6.00,22,22,22,15,631,600.00,446.00
11,6,6,6,6,1,11,16,0.00,1,22,22,1,631,661.00,458.00
11,16,16,11,6,11,11,1,10.00,15,1,8,22,631,670.00,492.00
1,6,6,6,16,11,16,11,0.00,1,22,22,22,631,766.00,559.00
1,6,1,1,16,16,11,11,8.00,22,22,22,1,631,626.00,487.00
6,11,1,1,6,16,1,11,4.00,22,1,15,22,631,446.00,348.00
1,1,1,1,1,1,1,1,0.00,1,22,22,8,631,117.00,84.00
16,1,16,11,1,1,6,11,0.00,15,8,8,1,631,607.00,414.00
11,6,1,6,16,6,16,1,2.00,22,22,22,8,631,568.00,411.00
11,16,6,16,11,6,1,11,6.00,15,22,22,22,631,668.00,445.00
1,1,1,1,16,6,6,16,8.00,22,15,8,15,631,527.00,383.00
11,1,1,6,1,6,16,6,6.00,22,8,8,15,631,552.00,390.00
16,16,1,1,1,1,11,6,10.00,15,1,8,15,631,418.00,292.00
6,6,16,1,6,16,1,11,2.00,1,15,15,22,631,563.00,414.00
1,11,1,16,6,1,1,11,8.00,22,15,1,1,631,531.00,346.00
1,16,16,11,6,11,6,11,10.00,15,15,15,22,631,716.00,518.00
1,16,1,1,16,1,1,6,8.00,22,1,15,22,631,299.00,202.00
11,1,6,1,11,11,1,1,0.00,1,8,15,22,631,282.00,228.00
16,16,1,6,11,11,16,6,2.00,1,15,8,15,631,653.00,499.00
1,1,11,11,16,16,11,11,6.00,8,22,22,15,631,781.00,586.00
16,11,1,11,11,16,6,6,6.00,22,1,8,1,631,567.00,448.00
1,1,1,1,1,1,1,11,6.00,22,8,15,22,631,313.00,196.00
11,6,1,11,1,16,11,11,10.00,1,8,8,8,631,648.00,512.00
6,1,6,16,16,6,1,6,6.00,22,1,15,15,631,528.00,362.00
16,6,11,11,6,1,1,11,2.00,22,22,1,15,631,538.00,353.00
11,11,11,11,1,6,16,16,6.00,22,22,22,1,631,880.00,612.00
1,16,6,11,1,6,6,11,0.00,15,8,8,1,631,577.00,398.00
16,6,6,11,6,11,11,1,10.00,15,22,22,22,631,580.00,422.00
11,16,16,11,1,1,16,11,2.00,15,1,8,8,631,796.00,570.00
11,11,11,6,16,11,11,16,8.00,8,15,22,22,631,821.00,602.00
11,11,6,6,16,1,16,16,0.00,1,8,1,8,631,747.00,546.00
6,11,6,6,6,11,16,6,8.00,8,15,1,15,631,663.00,487.00
6,6,16,16,6,6,16,11,4.00,22,1,8,22,631,872.00,618.00
16,16,11,1,1,6,6,6,10.00,8,1,22,15,631,465.00,347.00
16,6,1,11,11,16,6,1,8.00,15,22,1,8,631,502.00,397.00
11,11,1,16,16,1,1,11,10.00,1,22,8,1,631,605.00,386.00
16,6,1,11,11,16,6,16,4.00,1,22,15,1,631,744.00,565.00
1,16,16,16,1,1,6,16,2.00,8,22,22,22,631,845.00,541.00
1,16,1,6,16,6,16,11,0.00,22,15,22,8,631,716.00,511.00
11,6,11,11,1,1,1,16,2.00,22,15,15,8,631,652.00,408.00
1,1,1,1,1,1,1,1,0.00,8,22,15,22,631,131.00,83.00
6,1,16,11,6,1,6,6,2.00,8,8,15,8,631,513.00,367.00
1,16,6,1,1,6,1,16,10.00,22,22,22,8,631,502.00,340.00
11,16,16,11,11,1,6,16,2.00,1,1,22,22,631,838.00,548.00
6,16,1,6,11,6,11,11,2.00,8,8,8,1,631,574.00,429.00
11,1,1,1,6,1,1,1,8.00,8,1,15,22,631,138.00,103.00
6,6,16,1,16,6,16,16,2.00,8,15,1,15,631,833.00,611.00
6,1,6,1,1,16,11,6,10.00,22,8,1,22,631,532.00,404.00
16,16,1,6,16,16,6,11,10.00,15,1,8,15,631,598.00,494.00
16,6,11,11,1,1,16,11,0.00,22,22,8,8,631,749.00,514.00
11,11,16,16,16,1,11,6,10.00,8,8,15,8,631,713.00,518.00
11,6,6,1,1,1,16,6,8.00,15,22,22,1,631,553.00,382.00
6,16,1,6,11,6,11,11,2.00,15,15,8,8,631,595.00,431.00
11,1,11,16,11,6,11,16,2.00,8,8,8,22,631,890.00,599.00
11,11,11,1,16,11,16,1,8.00,15,15,8,1,631,643.00,495.00
1,16,16,11,6,11,6,11,10.00,15,1,1,8,631,694.00,505.00
16,1,11,11,1,11,11,11,8.00,8,15,8,8,631,688.00,515.00
16,16,16,6,16,1,6,16,0.00,1,15,22,22,631,769.00,533.00
11,1,11,11,6,6,11,11,6.00,15,1,8,15,631,673.00,483.00
11,16,1,6,11,1,1,11,4.00,22,8,22,1,631,444.00,295.00
1,1,6,16,16,11,6,16,10.00,22,22,15,1,631,798.00,567.00
16,11,6,11,6,11,11,11,10.00,1,1,15,22,631,716.00,529.00
6,1,1,16,11,6,6,11,4.00,8,1,15,1,631,643.00,436.00
11,6,11,6,16,6,11,6,6.00,8,1,15,22,631,610.00,446.00
11,16,6,6,1,16,6,11,2.00,15,1,1,22,631,588.00,461.00
1,1,1,6,11,1,16,6,8.00,8,8,15,8,631,523.00,367.00
6,16,6,11,6,1,16,6,0.00,22,15,15,1,631,666.00,460.00
6,16,6,16,11,6,1,11,4.00,22,15,15,8,631,642.00,430.00
1,1,1,1,1,1,1,1,0.00,1,15,1,22,631,103.00,75.00
1,16,6,1,1,6,1,16,4.00,1,1,22,15,631,551.00,346.00
6,1,16,1,16,1,1,6,8.00,1,8,15,22,631,386.00,280.00
1,16,1,11,11,11,16,6,4.00,8,1,8,22,631,678.00,505.00
11,6,1,16,6,6,1,1,10.00,22,22,1,15,631,391.00,269.00
1,16,1,11,16,11,16,16,6.00,8,15,1,8,631,831.00,630.00
1,6,16,6,11,6,6,1,6.00,8,22,15,1,631,475.00,355.00
16,16,11,6,6,16,11,6,4.00,8,1,1,22,631,671.00,512.00
11,16,11,1,6,6,6,16,6.00,15,8,1,1,631,600.00,441.00
11,1,16,16,1,1,6,6,6.00,22,8,22,22,631,585.00,399.00
11,6,6,1,1,16,16,6,8.00,15,8,15,1,631,637.00,487.00
1,1,11,6,6,1,6,16,8.00,8,8,15,8,631,638.00,422.00
16,1,1,16,1,6,11,6,6.00,1,22,22,22,631,590.00,419.00
16,16,1,11,1,11,16,16,2.00,22,22,1,15,631,829.00,614.00
11,11,11,11,1,6,1,16,4.00,22,8,15,1,631,687.00,449.00
16,11,6,6,6,1,6,1,6.00,15,22,22,15,631,383.00,259.00
1,1,1,1,1,1,6,1,0.00,22,22,8,8,631,219.00,140.00
1,16,11,1,11,1,11,6,4.00,8,8,15,15,631,540.00,397.00
1,1,16,6,11,16,1,11,10.00,22,8,22,8,631,591.00,446.00
1,6,16,16,1,11,6,6,4.00,22,1,1,8,631,614.00,450.00
6,1,6,6,6,16,11,6,2.00,1,8,8,22,631,573.00,443.00
16,1,11,11,1,1,6,1,6.00,15,22,22,15,631,428.00,283.00
6,11,16,16,6,1,1,11,8.00,22,15,22,22,631,683.00,432.00
6,16,6,6,1,6,16,6,6.00,22,8,15,8,631,642.00,448.00
16,16,11,16,6,1,11,6,8.00,8,22,15,15,631,674.00,470.00
16,16,11,1,1,6,6,6,4.00,8,8,8,15,631,458.00,337.00
6,6,11,11,6,6,1,1,10.00,15,22,1,8,631,360.00,261.00
16,11,16,11,11,6,1,11,8.00,15,1,1,15,631,651.00,438.00
1,1,6,16,1,11,6,16,8.00,8,1,22,8,631,802.00,528.00
1,16,16,11,1,16,11,6,6.00,22,1,15,15,631,752.00,548.00
11,6,1,11,1,1,1,1,0.00,15,15,15,1,631,251.00,166.00
11,1,6,11,16,1,6,16,2.00,8,15,22,22,631,732.00,475.00
16,1,11,16,6,16,1,1,8.00,8,15,1,15,631,488.00,386.00
6,1,6,6,6,1,6,1,6.00,15,8,15,1,631,308.00,212.00
1,1,1,1,1,1,1,1,0.00,1,22,22,1,631,110.00,86.00
11,6,16,11,11,11,16,6,4.00,8,1,8,22,631,808.00,594.00
6,1,1,11,1,6,11,1,6.00,8,8,15,15,631,420.00,298.00
16,16,11,1,1,6,6,6,10.00,15,22,1,22,631,479.00,339.00
6,6,1,1,6,16,1,1,10.00,8,15,8,8,631,315.00,261.00
6,1,16,11,1,16,11,6,0.00,1,22,8,22,631,712.00,521.00
11,16,11,1,11,11,11,1,2.00,15,15,1,1,631,541.00,421.00
1,16,1,6,16,6,16,11,0.00,22,22,8,15,631,716.00,506.00
1,16,16,6,6,16,6,16,10.00,22,22,22,22,631,807.00,577.00
1,6,6,6,6,6,1,16,8.00,15,1,1,22,631,593.00,372.00
11,6,16,16,1,11,6,6,4.00,22,1,15,8,631,635.00,473.00
1,11,1,6,6,6,11,11,4.00,8,1,22,15,631,560.00,406.00
6,6,6,16,16,11,6,16,4.00,15,22,15,15,631,834.00,585.00
16,1,6,1,16,6,1,11,10.00,22,15,1,1,631,393.00,310.00
1,1,16,11,16,11,6,11,2.00,15,1,1,1,631,693.00,504.00
11,16,11,1,6,6,6,1,8.00,1,8,1,15,631,389.00,309.00
1,16,16,6,16,6,16,11,8.00,22,22,1,8,631,847.00,611.00
1,1,1,1,1,1,1,1,0.00,22,22,15,1,631,124.00,80.00
16,16,1,11,1,11,6,16,0.00,1,15,22,22,631,744.00,508.00
16,1,16,6,16,1,1,16,4.00,22,8,15,1,631,652.00,436.00
11,16,11,1,6,6,1,6,10.00,1,15,22,1,631,384.00,296.00
11,1,6,6,11,1,6,1,8.00,1,1,1,1,631,293.00,225.00
11,6,16,1,16,16,16,1,8.00,8,1,22,15,631,720.00,568.00
16,6,1,11,11,16,6,1,0.00,22,8,22,22,631,520.00,390.00
1,1,16,16,6,6,11,16,6.00,15,1,8,22,631,900.00,609.00
16,1,1,11,6,6,6,6,2.00,8,22,1,8,631,443.00,334.00
6,1,16,11,1,16,11,1,2.00,15,15,8,1,631,633.00,471.00
11,16,6,11,11,16,6,6,6.00,22,1,1,1,631,573.00,467.00
1,1,11,11,16,16,11,11,8.00,15,1,22,1,631,762.00,580.00
16,11,16,11,16,1,11,6,6.00,1,15,8,15,631,678.00,500.00
1,11,6,16,11,6,1,11,6.00,1,15,8,15,631,648.00,415.00
6,6,6,6,1,11,1,11,6.00,15,22,22,1,631,467.00,342.00
16,11,6,11,16,11,6,16,8.00,1,8,15,1,631,793.00,558.00
6,16,1,1,6,11,11,11,10.00,1,1,15,1,631,547.00,422.00
6,16,11,16,1,6,11,6,6.00,22,22,15,22,631,705.00,481.00
6,6,1,1,6,16,1,1,10.00,8,15,8,1,631,312.00,261.00
11,11,16,16,16,1,11,6,10.00,22,22,1,8,631,727.00,515.00
11,11,6,16,1,1,11,6,0.00,15,22,22,1,631,593.00,410.00
1,11,1,6,6,6,6,11,4.00,22,8,15,1,631,472.00,347.00
11,1,11,16,1,11,16,1,8.00,15,22,15,15,631,716.00,508.00
11,16,6,1,11,1,11,6,10.00,15,22,22,1,631,518.00,366.00
1,1,1,1,1,1,1,1,0.00,1,1,15,15,631,96.00,71.00
11,6,11,11,16,16,16,16,6.00,1,22,15,1,631,952.00,720.00
6,1,16,6,16,1,6,11,4.00,22,15,1,1,631,577.00,412.00
6,16,6,1,16,11,11,16,8.00,8,15,22,22,631,746.00,540.00
11,6,6,6,1,6,1,1,0.00,22,15,15,22,631,288.00,199.00
1,6,16,16,1,11,6,6,4.00,1,15,15,8,631,628.00,458.00
11,16,11,1,1,11,16,16,2.00,22,1,22,8,631,827.00,599.00
1,1,16,6,16,16,1,6,4.00,22,22,22,15,631,550.00,411.00
1,16,6,6,6,16,11,16,2.00,1,22,15,15,631,772.00,578.00
1,6,16,16,1,11,6,6,8.00,15,1,22,1,631,628.00,466.00
16,11,16,11,16,1,11,6,4.00,22,1,22,8,631,692.00,502.00
1,6,6,6,11,6,11,11,2.00,8,8,8,22,631,605.00,434.00
6,16,1,6,1,11,11,11,6.00,8,1,15,8,631,586.00,441.00
6,16,1,6,11,6,11,11,2.00,8,8,8,8,631,581.00,428.00
16,1,6,11,1,1,1,6,0.00,1,15,8,22,631,409.00,249.00
16,16,6,6,6,6,16,16,4.00,15,1,1,15,631,786.00,570.00
1,1,16,11,16,11,6,11,2.00,15,8,8,22,631,708.00,509.00
11,1,11,11,6,6,11,11,6.00,15,1,15,15,631,680.00,488.00
16,11,1,11,1,16,16,1,10.00,1,8,22,1,631,611.00,483.00
16,16,1,1,1,1,11,6,10.00,15,1,15,8,631,418.00,295.00
16,11,11,6,11,11,11,16,10.00,15,1,15,22,631,797.00,588.00
1,1,6,16,16,11,6,1,6.00,22,8,8,8,631,490.00,380.00
1,1,1,1,1,1,16,16,2.00,22,15,22,15,631,633.00,420.00
16,6,16,11,11,1,6,16,10.00,22,22,22,8,631,767.00,518.00
11,16,6,6,16,6,6,6,8.00,22,22,8,8,631,509.00,373.00
11,11,6,16,1,1,11,6,0.00,1,8,15,15,631,587.00,410.00
1,1,1,1,1,1,1,1,0.00,8,22,15,15,631,124.00,77.00
11,1,6,11,11,16,1,6,0.00,1,1,8,1,631,500.00,388.00
11,11,6,1,16,6,6,6,6.00,22,1,8,1,631,430.00,322.00
6,16,6,11,6,1,16,11,0.00,22,8,15,22,631,741.00,508.00
16,16,16,6,6,6,11,6,0.00,1,1,22,1,631,648.00,495.00
1,1,1,6,1,16,6,6,6.00,15,8,22,1,631,451.00,343.00
11,11,11,11,11,16,16,6,0.00,1,8,15,1,631,798.00,613.00
16,11,1,6,1,16,6,16,6.00,1,8,22,1,631,670.00,496.00
11,11,11,6,16,1,16,16,0.00,22,8,8,8,631,820.00,586.00
11,11,11,1,11,6,1,16,0.00,1,8,1,8,631,581.00,391.00
6,1,16,6,1,11,6,6,2.00,1,8,15,15,631,528.00,394.00
11,6,16,11,11,11,1,16,4.00,1,22,22,1,631,781.00,527.00
11,6,6,1,1,16,1,1,0.00,22,1,15,22,631,336.00,269.00
6,6,1,1,6,16,1,1,2.00,22,15,15,22,631,350.00,268.00
16,11,16,16,1,1,11,1,8.00,8,15,8,22,631,622.00,433.00
6,1,16,6,6,6,11,6,0.00,15,15,1,1,631,600.00,436.00
6,1,16,11,1,16,11,1,2.00,1,1,22,1,631,619.00,482.00
11,11,1,16,11,16,1,6,4.00,8,1,15,15,631,567.00,424.00
11,6,1,1,1,6,16,11,0.00,1,15,8,15,631,583.00,419.00
11,16,11,16,16,11,6,16,8.00,1,8,22,22,631,936.00,626.00
6,1,16,6,6,16,11,1,4.00,15,15,8,8,631,615.00,462.00
6,1,11,6,16,16,11,16,0.00,1,22,22,15,631,814.00,612.00
11,6,6,6,6,1,6,16,10.00,22,15,15,22,631,616.00,405.00
11,1,6,11,11,16,6,6,6.00,8,1,22,8,631,552.00,445.00
11,11,1,1,1,11,11,11,4.00,22,1,8,1,631,536.00,409.00
6,11,1,6,11,16,11,11,0.00,22,22,8,15,631,671.00,516.00
1,16,16,6,6,16,6,16,10.00,8,22,8,1,631,762.00,569.00
1,16,16,6,6,16,16,11,6.00,22,8,15,8,631,887.00,653.00
1,1,1,1,16,11,16,11,6.00,1,8,8,15,631,631.00,476.00
1,6,6,6,16,11,16,11,0.00,1,22,8,15,631,745.00,550.00
11,6,1,16,1,16,6,6,10.00,1,1,8,22,631,579.00,438.00
11,6,11,11,1,1,1,16,2.00,22,15,8,1,631,638.00,403.00
11,11,6,1,16,6,1,6,0.00,1,1,15,15,631,349.00,266.00
16,6,16,11,16,6,1,16,10.00,22,22,15,1,631,748.00,508.00
11,6,1,1,11,1,16,16,4.00,1,8,15,22,631,660.00,464.00
6,6,6,16,16,11,1,16,4.00,1,8,15,15,631,817.00,527.00
11,6,16,11,11,11,6,16,4.00,8,1,22,15,631,854.00,586.00
11,11,11,6,1,16,11,6,4.00,8,1,1,22,631,636.00,479.00
1,6,11,6,6,1,16,1,4.00,8,8,15,8,631,558.00,403.00
11,6,1,6,16,6,16,1,2.00,15,22,1,1,631,533.00,411.00
1,1,1,1,1,1,1,6,4.00,15,22,1,15,631,193.00,124.00
11,6,1,16,11,11,1,16,4.00,22,22,22,1,631,733.00,506.00
1,1,1,1,1,16,16,1,2.00,15,1,1,1,631,472.00,395.00
16,16,16,6,11,6,1,11,2.00,1,15,8,15,631,593.00,420.00
1,6,1,11,11,11,11,11,10.00,15,15,15,15,631,649.00,490.00
1,16,11,1,11,1,11,6,6.00,8,8,22,1,631,537.00,400.00
6,6,6,6,11,1,1,16,10.00,22,22,15,1,631,553.00,360.00
11,6,1,1,6,16,11,16,4.00,1,15,22,22,631,679.00,520.00
1,6,16,1,11,11,1,1,8.00,8,22,22,15,631,396.00,304.00
6,6,6,16,1,11,6,6,4.00,22,1,22,8,631,563.00,415.00
11,16,11,16,16,1,6,6,6.00,22,8,22,22,631,625.00,439.00
1,1,1,1,1,16,6,16,4.00,15,22,15,15,631,551.00,425.00
1,16,16,11,11,1,11,11,4.00,22,8,1,22,631,742.00,517.00
6,1,16,11,1,16,11,1,2.00,15,8,15,1,631,633.00,474.00
1,1,11,6,6,1,6,16,8.00,15,15,1,1,631,603.00,408.00
1,1,1,1,1,1,1,16,4.00,22,15,15,1,631,405.00,254.00
1,6,16,11,16,11,6,16,8.00,15,8,15,1,631,824.00,579.00
6,11,11,11,6,6,1,16,4.00,22,1,22,8,631,718.00,464.00
11,6,11,6,16,6,11,6,4.00,15,22,15,15,631,631.00,450.00
16,6,6,11,16,11,6,1,8.00,1,1,15,1,631,452.00,373.00
1,11,6,1,16,6,1,1,8.00,8,15,8,1,631,256.00,203.00
1,11,6,1,6,1,16,11,10.00,22,15,1,1,631,622.00,431.00
16,11,6,1,11,6,16,16,8.00,1,15,22,22,631,774.00,554.00
6,16,16,16,11,6,6,1,0.00,22,1,1,22,631,590.00,422.00
11,6,11,11,6,11,11,11,2.00,1,8,8,1,631,701.00,529.00
11,1,1,16,11,16,16,11,6.00,8,8,22,8,631,795.00,629.00
16,6,16,11,11,6,16,16,4.00,15,8,15,22,631,929.00,670.00
16,6,11,1,6,6,16,1,6.00,1,8,15,22,631,575.00,434.00
16,16,16,6,11,6,6,1,8.00,22,8,15,8,631,527.00,396.00
11,1,11,16,1,11,16,1,0.00,8,22,15,1,631,695.00,507.00
1,16,1,1,16,1,1,6,8.00,1,1,8,15,631,282.00,191.00
11,6,11,11,11,1,1,16,6.00,15,8,15,22,631,710.00,441.00
1,1,1,11,6,11,1,6,6.00,22,8,1,8,631,385.00,298.00
1,16,11,1,11,1,16,6,6.00,1,15,22,8,631,635.00,471.00
11,6,6,6,6,1,11,16,0.00,1,22,22,22,631,682.00,463.00
16,16,16,16,16,1,6,11,2.00,22,22,1,15,631,743.00,515.00
16,1,11,11,16,16,16,6,0.00,1,8,1,22,631,791.00,606.00
16,1,1,16,1,16,11,6,2.00,1,8,8,22,631,612.00,496.00
6,6,6,6,16,1,11,11,6.00,8,1,15,8,631,580.00,424.00
1,6,6,6,1,11,11,11,6.00,22,1,1,8,631,596.00,443.00
11,11,11,16,11,6,1,6,4.00,8,1,8,15,631,580.00,386.00
11,11,6,11,1,6,16,6,2.00,15,22,22,22,631,700.00,480.00
1,16,16,6,6,6,1,1,0.00,22,15,8,8,631,402.00,288.00
11,16,6,1,6,16,6,16,10.00,22,22,8,15,631,666.00,502.00
6,6,11,6,11,11,16,1,8.00,22,1,15,22,631,669.00,485.00
6,16,6,16,1,6,16,6,6.00,22,8,15,8,631,722.00,512.00
1,1,1,1,16,6,1,16,8.00,22,15,8,15,631,482.00,332.00
6,16,1,11,6,16,16,6,10.00,22,8,8,22,631,724.00,542.00
11,1,1,6,16,16,1,16,2.00,1,15,1,15,631,631.00,463.00
11,11,11,1,11,6,16,6,6.00,1,15,22,8,631,665.00,500.00
1,1,1,6,11,1,1,1,0.00,22,8,8,8,631,180.00,131.00
1,1,1,1,1,1,1,6,6.00,15,1,15,8,631,193.00,126.00
11,11,11,11,1,1,6,6,8.00,22,15,15,8,631,504.00,345.00
6,1,1,1,11,6,16,6,10.00,15,22,15,15,631,551.00,396.00
16,16,6,16,16,1,1,6,10.00,22,8,15,15,631,536.00,360.00
11,11,11,1,11,11,1,16,8.00,8,15,22,22,631,627.00,434.00
1,1,1,1,1,1,16,11,4.00,15,15,8,8,631,530.00,357.00
6,16,11,16,6,1,16,11,8.00,1,15,1,15,631,796.00,566.00
6,6,11,1,1,6,11,6,6.00,22,22,15,1,631,538.00,376.00
11,16,6,1,16,16,6,11,4.00,1,22,15,1,631,598.00,477.00
6,1,16,6,11,16,6,16,10.00,15,1,8,8,631,761.00,556.00
16,6,1,6,16,16,6,11,10.00,8,22,22,15,631,599.00,483.00
16,16,1,6,11,11,16,6,2.00,15,1,8,15,631,653.00,497.00
16,11,6,1,11,6,16,16,0.00,22,15,15,22,631,788.00,552.00
1,1,1,1,16,11,16,16,0.00,1,22,15,22,631,734.00,536.00
16,11,16,11,11,6,16,11,2.00,1,22,1,22,631,865.00,629.00
16,6,16,11,16,16,6,11,8.00,15,1,1,1,631,743.00,572.00
1,6,1,11,16,6,1,6,0.00,1,1,8,1,631,423.00,291.00
11,11,6,1,11,11,11,11,10.00,15,15,22,1,631,636.00,475.00
16,6,1,16,6,1,1,1,4.00,22,1,22,22,631,358.00,238.00
1,1,1,1,1,1,1,1,0.00,15,22,15,22,631,138.00,87.00
6,6,6,6,16,1,11,11,6.00,15,1,22,1,631,587.00,427.00
6,11,11,6,11,1,1,11,4.00,22,8,8,15,631,499.00,330.00
1,1,1,1,1,1,1,1,8.00,8,15,1,22,631,110.00,76.00
11,1,6,11,6,11,16,6,8.00,22,1,8,22,631,692.00,503.00
6,11,6,6,11,16,6,6,6.00,22,1,8,1,631,520.00,418.00
11,1,1,16,11,11,11,11,4.00,8,1,22,22,631,746.00,538.00
11,11,11,16,11,6,1,6,2.00,1,8,8,1,631,566.00,387.00
11,6,16,6,1,6,1,11,10.00,22,15,15,1,631,510.00,362.00
6,16,6,11,6,1,16,11,0.00,1,22,8,1,631,715.00,506.00
16,6,6,6,16,1,11,11,6.00,22,1,1,8,631,586.00,425.00
6,11,1,11,11,16,16,6,0.00,1,8,15,1,631,693.00,544.00
6,11,1,1,6,16,1,11,4.00,1,8,8,15,631,435.00,342.00
6,16,1,11,16,11,16,1,0.00,22,22,22,1,631,661.00,493.00
11,6,1,1,11,1,1,16,10.00,1,22,1,15,631,469.00,300.00
16,11,11,11,11,16,11,1,8.00,22,22,15,1,631,674.00,516.00
11,11,6,6,1,16,6,11,2.00,22,8,15,22,631,601.00,457.00
11,16,11,6,1,16,6,16,6.00,1,8,22,1,631,745.00,544.00
16,6,11,16,6,1,11,16,10.00,22,22,15,8,631,830.00,563.00
16,11,6,6,6,1,11,6,8.00,15,22,1,8,631,515.00,358.00
16,11,11,6,11,11,11,16,10.00,8,1,15,8,631,790.00,586.00
1,6,6,6,1,11,11,11,6.00,15,1,15,8,631,603.00,443.00
11,11,1,16,11,1,16,11,0.00,1,15,8,22,631,740.00,526.00
16,16,1,6,16,6,6,11,10.00,8,8,8,15,631,548.00,403.00
6,16,16,16,11,6,6,1,0.00,1,15,8,15,631,583.00,433.00
11,11,1,16,16,1,16,11,0.00,22,1,22,22,631,762.00,548.00
1,16,1,1,11,6,6,6,4.00,8,15,1,8,631,371.00,277.00
16,6,1,16,6,1,1,1,4.00,22,1,8,8,631,331.00,234.00
6,6,6,11,16,6,1,11,10.00,1,22,15,15,631,586.00,389.00
6,16,1,11,16,11,16,1,0.00,8,1,15,1,631,619.00,479.00
1,11,1,16,11,16,6,1,8.00,8,1,22,15,631,527.00,402.00
16,6,1,11,16,1,16,11,2.00,15,22,22,15,631,713.00,503.00
6,1,6,6,6,1,1,1,10.00,8,15,8,22,631,227.00,153.00
6,6,1,1,6,16,6,1,6.00,15,22,22,15,631,405.00,323.00
16,6,11,16,1,1,1,16,2.00,1,22,1,8,631,732.00,460.00
16,16,11,1,1,6,6,6,10.00,15,22,15,8,631,479.00,344.00
6,11,11,11,6,6,1,16,2.00,1,15,15,1,631,711.00,453.00
6,16,6,11,6,1,16,11,0.00,22,15,1,15,631,727.00,501.00
11,16,1,16,11,1,16,11,0.00,1,15,8,15,631,743.00,530.00
11,11,1,16,16,6,16,11,6.00,22,8,15,8,631,777.00,581.00
11,16,6,11,1,6,6,1,2.00,8,22,15,8,631,432.00,309.00
16,16,11,16,6,1,11,6,8.00,1,1,15,15,631,659.00,473.00
11,1,11,16,11,1,11,11,10.00,15,1,1,1,631,723.00,500.00
16,11,16,11,11,6,1,11,6.00,22,8,1,22,631,644.00,436.00
16,16,1,1,1,1,11,6,10.00,15,1,15,1,631,415.00,295.00
16,16,11,11,6,6,1,16,2.00,1,15,1,15,631,731.00,470.00
6,11,11,1,1,6,6,6,10.00,15,22,1,8,631,440.00,314.00
1,1,1,6,1,11,6,16,8.00,15,15,22,22,631,610.00,425.00
11,1,6,6,11,1,1,6,10.00,1,15,15,22,631,361.00,236.00
1,1,1,1,1,1,1,1,0.00,22,22,1,8,631,117.00,83.00
11,11,1,16,16,6,6,11,10.00,8,8,8,22,631,690.00,473.00
11,11,16,16,16,1,11,11,10.00,15,8,15,15,631,808.00,571.00
11,11,1,16,16,1,1,6,10.00,15,22,22,1,631,500.00,329.00
6,11,1,11,11,16,6,6,10.00,1,22,8,15,631,529.00,437.00
11,6,1,16,1,1,1,1,10.00,22,8,8,15,631,324.00,213.00
6,6,16,16,6,1,1,11,6.00,22,22,22,1,631,645.00,421.00
16,16,6,6,1,11,1,16,6.00,15,1,8,15,631,638.00,430.00
11,6,11,11,11,1,16,16,0.00,22,8,15,22,631,851.00,597.00
1,1,11,11,1,16,1,6,2.00,1,1,22,22,631,523.00,373.00
16,16,6,1,11,11,1,6,0.00,8,22,22,8,631,404.00,323.00
6,11,1,16,11,16,1,16,0.00,22,8,15,22,631,788.00,546.00
16,16,6,6,1,11,16,11,6.00,22,22,22,1,631,775.00,561.00
1,6,16,16,6,1,1,11,0.00,8,22,15,22,631,668.00,417.00
1,1,1,1,1,1,1,1,0.00,22,1,22,15,631,124.00,84.00
11,6,11,11,6,6,1,1,4.00,8,8,8,15,631,358.00,266.00
6,11,1,6,11,16,11,11,0.00,22,22,8,8,631,664.00,519.00
16,16,11,11,1,16,16,11,0.00,15,22,8,1,631,879.00,653.00
1,6,16,6,11,6,6,16,0.00,22,1,22,15,631,730.00,512.00
1,16,6,6,6,16,11,6,4.00,1,8,15,8,631,606.00,466.00
1,11,6,1,1,6,16,6,2.00,15,22,8,15,631,589.00,407.00
11,11,6,11,16,6,1,11,10.00,22,22,1,1,631,549.00,399.00
16,6,11,11,6,1,1,11,0.00,15,8,8,1,631,552.00,356.00
1,16,6,11,1,1,6,11,6.00,22,1,22,1,631,566.00,380.00
11,1,1,11,16,6,1,11,4.00,22,15,1,15,631,519.00,365.00
16,6,6,6,16,16,1,16,2.00,1,15,8,22,631,695.00,505.00
16,16,16,6,11,6,6,1,6.00,1,8,22,22,631,527.00,398.00
6,11,1,6,1,1,1,16,6.00,8,22,15,1,631,512.00,319.00
16,6,6,11,16,6,1,11,2.00,1,1,8,1,631,593.00,398.00
11,11,6,1,16,6,1,6,6.00,22,15,1,15,631,357.00,268.00
6,1,16,6,1,11,6,6,2.00,1,8,15,1,631,518.00,396.00
1,1,11,6,6,1,6,16,8.00,15,22,22,1,631,617.00,415.00
16,16,1,6,6,6,11,6,0.00,1,1,22,1,631,498.00,378.00
6,1,16,6,16,6,6,11,10.00,8,8,8,22,631,620.00,452.00
11,11,6,6,16,11,11,16,0.00,15,8,1,8,631,741.00,565.00
1,1,1,1,1,16,11,1,4.00,15,15,22,1,631,412.00,344.00
11,1,11,11,6,16,16,1,10.00,1,8,15,15,631,698.00,528.00
11,6,6,16,16,11,16,11,0.00,1,1,8,22,631,844.00,631.00
1,6,6,6,16,11,11,16,8.00,1,1,1,1,631,731.00,536.00
1,6,1,1,16,6,6,16,4.00,1,22,15,22,631,565.00,392.00
16,1,1,1,16,16,11,11,8.00,22,1,15,22,631,619.00,493.00
6,16,1,6,11,6,11,6,8.00,8,1,15,1,631,503.00,377.00
11,1,1,1,6,1,1,16,2.00,8,8,8,22,631,465.00,283.00
1,1,1,16,11,6,6,11,6.00,8,1,15,22,631,659.00,433.00
16,11,6,11,6,11,11,11,10.00,1,8,22,22,631,716.00,532.00
6,11,1,6,6,1,1,16,8.00,1,1,15,1,631,555.00,333.00
6,11,6,6,6,11,16,6,8.00,22,1,8,15,631,670.00,485.00
6,6,11,11,6,6,1,1,4.00,8,8,8,22,631,360.00,264.00
1,16,16,6,16,6,16,11,10.00,1,1,22,1,631,828.00,623.00
1,1,1,1,1,1,16,11,0.00,1,22,22,8,631,537.00,365.00
11,11,11,16,11,6,16,1,8.00,8,15,8,1,631,706.00,518.00
1,16,1,6,16,6,16,11,6.00,8,1,22,8,631,688.00,507.00
16,11,1,6,11,1,16,1,2.00,22,22,22,22,631,552.00,374.00
6,6,6,11,1,16,11,11,10.00,1,15,22,1,631,687.00,528.00
16,6,11,11,6,1,1,11,6.00,1,22,8,1,631,552.00,358.00
1,16,6,1,6,11,1,1,8.00,22,22,22,1,631,311.00,244.00
1,6,16,1,6,6,6,16,6.00,15,8,1,1,631,608.00,448.00
11,16,6,1,16,6,1,11,10.00,22,15,1,1,631,433.00,329.00
11,16,1,11,16,16,6,11,10.00,15,1,8,15,631,668.00,522.00
6,1,1,1,11,6,1,6,10.00,22,22,22,15,631,292.00,212.00
1,16,6,6,6,16,11,6,4.00,22,8,15,15,631,634.00,471.00
6,6,6,6,6,1,1,1,10.00,15,22,15,15,631,256.00,166.00
16,16,11,11,6,1,6,6,2.00,8,8,15,8,631,518.00,374.00
6,1,6,16,16,16,1,1,6.00,8,15,22,1,631,486.00,377.00
16,1,16,6,11,1,6,16,0.00,22,8,1,22,631,689.00,470.00
6,6,16,1,1,16,11,6,10.00,1,15,22,22,631,654.00,492.00
16,11,6,16,16,1,11,6,10.00,15,22,22,1,631,643.00,461.00
11,11,16,1,11,6,16,16,8.00,1,15,1,22,631,848.00,618.00
1,1,16,6,16,16,16,16,8.00,15,1,1,1,631,916.00,688.00
1,16,6,1,1,6,1,16,2.00,15,22,15,15,631,509.00,337.00
6,16,1,6,11,6,11,11,2.00,1,8,15,22,631,595.00,436.00
16,6,16,11,11,6,16,16,4.00,8,8,8,22,631,915.00,666.00
1,1,16,16,16,16,6,1,10.00,15,22,15,8,631,639.00,483.00
16,16,1,6,16,16,1,11,10.00,1,8,22,22,631,581.00,439.00
16,6,1,6,16,16,6,1,10.00,1,22,15,8,631,472.00,380.00
6,16,6,6,1,16,11,11,10.00,15,1,8,15,631,673.00,507.00
16,6,1,6,16,16,6,6,6.00,22,8,8,8,631,532.00,422.00
6,11,1,1,6,11,6,11,10.00,15,1,8,15,631,463.00,357.00
11,11,6,11,1,6,16,6,6.00,22,8,15,8,631,672.00,472.00
11,16,1,16,16,6,16,11,2.00,15,22,8,15,631,799.00,591.00
6,11,16,11,11,1,6,16,8.00,22,22,22,8,631,767.00,519.00
11,16,1,6,11,16,11,11,0.00,15,22,8,1,631,670.00,533.00
16,6,1,11,16,16,16,1,2.00,15,8,1,1,631,634.00,515.00
1,11,11,1,16,16,6,11,10.00,15,1,8,15,631,613.00,470.00
1,1,1,1,11,1,1,11,4.00,8,8,15,15,631,350.00,219.00
16,11,11,16,6,1,11,16,2.00,22,22,8,15,631,840.00,571.00
1,6,16,16,1,11,6,11,0.00,22,15,15,1,631,720.00,514.00
6,16,6,11,6,1,16,6,4.00,22,1,22,8,631,662.00,462.00
11,6,11,11,6,16,16,11,6.00,8,8,22,1,631,852.00,637.00
6,1,11,6,16,16,6,16,8.00,22,15,15,22,631,741.00,557.00
16,6,6,11,16,11,6,1,0.00,22,15,8,8,631,487.00,379.00
11,16,6,1,6,6,1,1,8.00,22,22,15,15,631,293.00,218.00
16,16,1,6,6,6,11,16,10.00,8,8,1,15,631,676.00,483.00
6,11,11,6,11,11,16,6,2.00,8,22,22,15,631,756.00,553.00
16,16,1,16,11,6,1,11,8.00,15,1,1,1,631,617.00,418.00
16,11,16,6,1,1,11,6,10.00,15,1,15,22,631,607.00,426.00
1,1,16,6,11,16,1,16,8.00,15,8,15,1,631,704.00,499.00
1,1,11,6,6,1,6,11,10.00,22,8,1,8,631,490.00,344.00
16,11,6,11,6,11,11,1,10.00,15,22,22,22,631,595.00,432.00
11,16,11,11,6,11,11,11,10.00,1,1,15,1,631,735.00,555.00
6,16,1,6,11,6,11,11,2.00,22,1,22,22,631,616.00,437.00
6,16,16,16,11,6,6,1,0.00,8,8,8,22,631,590.00,431.00
11,11,1,16,16,11,16,1,8.00,15,1,1,8,631,649.00,498.00
1,1,1,1,1,1,1,1,0.00,15,15,8,1,631,103.00,69.00
16,16,16,16,16,1,6,11,2.00,22,22,22,22,631,771.00,531.00
1,1,1,1,1,1,1,1,0.00,1,1,8,22,631,96.00,72.00
16,1,16,1,6,6,11,11,6.00,8,8,22,22,631,659.00,478.00
6,1,16,6,6,16,11,1,8.00,1,8,8,8,631,594.00,467.00
6,16,6,6,1,6,1,6,4.00,1,8,22,22,631,391.00,267.00
6,16,1,11,6,16,6,16,4.00,8,22,22,8,631,746.00,546.00
1,1,1,1,1,1,1,1,0.00,8,22,22,15,631,131.00,84.00
16,16,11,1,1,6,6,6,10.00,8,22,22,15,631,486.00,353.00
1,16,11,16,11,1,6,16,2.00,22,22,22,8,631,812.00,531.00
11,6,1,16,11,11,1,16,4.00,8,8,1,22,631,758.00,497.00
1,1,1,6,11,1,16,6,6.00,8,1,22,8,631,523.00,371.00
11,11,1,1,1,11,11,11,4.00,1,15,22,8,631,550.00,416.00
1,1,1,1,1,16,16,6,6.00,1,1,22,1,631,548.00,429.00
11,11,11,1,16,11,16,1,8.00,15,1,22,1,631,643.00,512.00
6,11,11,11,1,1,16,11,0.00,22,22,8,8,631,754.00,514.00
16,16,16,1,6,11,11,6,0.00,8,8,22,15,631,667.00,512.00
1,6,1,1,16,16,11,11,8.00,22,15,8,15,631,619.00,478.00
11,16,1,11,11,16,6,11,8.00,1,1,15,22,631,681.00,504.00
16,11,16,11,11,6,1,11,8.00,15,1,15,15,631,665.00,445.00
1,1,16,6,16,16,1,16,2.00,1,22,1,1,631,705.00,510.00
16,16,6,6,11,16,11,16,8.00,8,8,8,22,631,795.00,613.00
16,16,1,6,16,6,6,11,10.00,8,8,15,22,631,562.00,407.00
6,1,16,11,6,1,1,16,2.00,22,15,15,15,631,694.00,437.00
11,6,11,11,16,11,16,6,4.00,8,1,8,22,631,773.00,571.00
16,16,1,6,11,11,6,1,0.00,22,1,22,22,631,426.00,332.00
1,1,1,16,1,6,6,11,4.00,22,1,22,15,631,615.00,409.00
1,11,1,16,1,11,11,16,10.00,1,1,1,22,631,832.00,566.00
16,11,11,6,11,11,11,16,10.00,8,8,15,8,631,783.00,586.00
11,6,6,1,1,16,16,6,8.00,15,1,15,8,631,633.00,487.00
16,6,6,16,11,16,6,16,0.00,8,8,1,22,631,868.00,618.00
16,16,16,16,16,1,6,11,2.00,15,8,22,22,631,792.00,536.00
11,1,16,16,6,1,6,6,10.00,22,22,1,22,631,586.00,397.00
11,1,6,1,11,11,1,16,8.00,15,22,15,22,631,551.00,397.00
11,6,16,1,11,11,16,6,6.00,22,1,15,22,631,749.00,558.00
1,6,6,6,16,11,16,11,0.00,8,1,1,22,631,731.00,541.00
1,6,11,6,6,16,11,6,4.00,1,1,8,22,631,626.00,470.00
6,11,1,6,11,16,11,11,6.00,8,22,1,8,631,643.00,511.00
1,1,16,16,6,6,11,16,0.00,15,22,8,1,631,858.00,593.00
16,16,16,6,6,16,11,6,0.00,1,22,8,22,631,742.00,558.00
11,16,11,1,11,11,16,1,10.00,1,15,8,8,631,636.00,506.00
11,16,1,1,1,11,6,11,4.00,8,15,1,15,631,468.00,362.00
1,1,1,1,1,1,16,1,6.00,15,1,8,15,631,388.00,264.00
6,6,6,6,1,1,1,1,6.00,22,15,1,8,631,220.00,142.00
16,1,16,11,16,1,6,11,6.00,22,1,1,8,631,652.00,454.00
16,11,6,6,11,16,6,16,10.00,22,15,15,22,631,721.00,554.00
6,6,11,6,1,16,6,16,8.00,8,8,1,15,631,706.00,512.00
11,11,6,6,16,16,1,16,2.00,1,22,15,15,631,693.00,505.00
1,1,16,6,16,11,11,16,8.00,8,15,22,22,631,826.00,606.00
16,16,1,6,16,11,16,11,0.00,1,1,1,22,631,724.00,560.00
1,6,6,11,6,11,6,11,6.00,8,1,8,15,631,625.00,436.00
1,11,1,11,16,6,6,6,10.00,22,8,22,22,631,493.00,360.00
1,16,6,6,6,16,11,1,4.00,22,22,22,15,631,590.00,443.00
1,1,1,1,1,1,1,1,6.00,15,1,22,1,631,103.00,79.00
16,11,11,16,11,16,6,16,8.00,8,1,8,22,631,927.00,646.00
1,16,16,6,11,11,11,16,10.00,15,1,15,8,631,828.00,616.00
16,11,11,11,1,1,1,1,0.00,15,15,15,1,631,335.00,236.00
6,11,16,16,16,11,6,16,10.00,1,8,8,15,631,935.00,632.00
1,1,11,16,16,11,1,6,0.00,8,22,22,8,631,594.00,421.00
1,1,11,6,6,16,11,11,0.00,22,8,1,8,631,683.00,510.00
6,6,11,6,11,11,16,1,8.00,22,8,1,22,631,662.00,480.00
11,6,6,6,6,6,1,16,8.00,15,22,15,15,631,589.00,387.00
11,1,6,11,16,1,6,16,2.00,15,1,15,22,631,732.00,471.00
16,16,1,1,1,1,11,6,10.00,8,15,1,15,631,418.00,295.00
1,1,1,1,1,1,1,1,0.00,1,8,15,1,631,89.00,66.00
16,11,11,6,6,11,6,6,6.00,22,8,8,8,631,540.00,404.00
1,11,6,6,11,16,16,11,8.00,8,1,15,1,631,768.00,585.00
11,1,1,1,6,1,1,1,8.00,22,1,1,1,631,120.00,103.00
1,16,16,11,6,6,1,1,0.00,22,15,8,8,631,442.00,313.00
11,16,6,1,1,1,1,1,0.00,15,15,15,1,631,215.00,156.00
1,16,1,6,16,6,16,11,0.00,22,8,15,8,631,702.00,504.00
11,1,1,6,16,6,16,6,6.00,22,22,22,22,631,632.00,448.00
16,6,16,11,11,16,1,1,8.00,8,15,22,22,631,526.00,406.00
16,1,11,16,6,1,16,6,0.00,1,1,15,15,631,696.00,502.00
16,11,16,16,6,6,6,6,8.00,22,22,8,8,631,649.00,463.00
16,6,6,6,16,16,6,16,4.00,1,1,22,22,631,768.00,558.00
1,11,11,16,16,16,16,1,2.00,1,22,15,15,631,802.00,602.00
1,1,16,6,16,16,1,16,2.00,15,8,1,1,631,705.00,509.00
16,16,6,6,1,11,16,16,0.00,22,8,15,15,631,834.00,602.00
6,1,1,1,11,6,1,6,10.00,22,8,15,22,631,278.00,205.00
16,6,1,16,6,1,1,1,4.00,8,22,15,1,631,365.00,230.00
16,16,16,6,11,6,6,1,0.00,22,1,1,22,631,520.00,385.00
16,11,1,6,11,1,1,11,4.00,22,8,8,15,631,439.00,292.00
11,11,1,16,16,1,1,1,6.00,15,22,22,15,631,409.00,264.00
11,6,1,1,11,1,1,16,4.00,22,22,15,22,631,469.00,306.00
11,6,6,16,16,11,16,16,2.00,22,22,8,15,631,931.00,698.00
11,11,11,11,1,6,11,1,8.00,1,1,1,1,631,513.00,391.00
16,11,16,16,16,11,6,16,10.00,1,1,15,22,631,966.00,650.00
6,6,16,11,11,6,16,16,4.00,1,8,15,22,631,914.00,662.00
11,16,16,1,1,11,16,16,2.00,1,1,1,22,631,854.00,630.00
6,11,16,11,6,16,11,11,6.00,8,15,15,8,631,815.00,610.00
6,11,1,6,1,16,16,6,0.00,1,8,1,22,631,626.00,482.00
11,16,11,1,6,11,6,1,8.00,1,1,1,1,631,403.00,342.00
11,16,11,6,6,1,6,16,8.00,15,15,15,1,631,657.00,449.00
1,1,11,1,6,6,6,1,8.00,22,1,1,1,631,334.00,245.00
11,16,11,16,1,1,6,6,6.00,1,1,1,15,631,580.00,386.00
16,1,11,6,11,1,11,11,0.00,22,8,22,22,631,643.00,444.00
16,6,11,16,1,6,6,11,8.00,15,1,8,22,631,710.00,468.00
6,6,6,1,1,6,11,16,0.00,1,15,15,15,631,620.00,435.00
1,16,11,16,11,1,11,16,4.00,1,15,8,8,631,871.00,582.00
1,1,16,6,11,6,6,16,2.00,22,8,1,22,631,699.00,486.00
1,1,1,1,1,1,16,6,10.00,15,15,15,1,631,464.00,312.00
16,1,1,16,16,16,16,6,0.00,1,22,8,22,631,752.00,601.00
11,1,16,11,16,11,6,11,2.00,15,8,1,15,631,704.00,517.00
16,16,6,6,1,11,16,16,0.00,22,8,8,8,631,820.00,599.00
11,11,11,1,11,6,1,16,0.00,22,8,15,22,631,588.00,401.00
6,11,16,11,6,16,11,6,8.00,1,8,8,8,631,729.00,558.00
6,16,6,6,1,11,1,11,6.00,8,1,1,22,631,515.00,352.00
16,1,1,16,16,16,16,6,0.00,8,22,22,15,631,766.00,602.00
16,16,6,6,16,11,11,6,0.00,1,22,8,22,631,637.00,484.00
11,6,16,1,11,11,1,16,4.00,22,8,15,1,631,617.00,453.00
16,16,1,11,1,11,16,11,8.00,15,22,15,22,631,768.00,558.00
11,6,1,1,11,6,16,1,4.00,15,22,15,15,631,506.00,373.00
16,6,6,11,16,11,6,1,8.00,1,1,22,1,631,459.00,377.00
11,1,1,1,6,1,1,1,10.00,22,8,8,15,631,145.00,106.00
6,11,1,11,11,1,1,1,8.00,8,1,15,1,631,278.00,193.00
11,11,1,16,16,1,16,6,0.00,22,22,1,8,631,672.00,482.00
11,11,6,16,1,1,6,11,10.00,15,8,15,15,631,648.00,417.00
1,16,16,11,6,11,6,16,6.00,15,8,1,1,631,800.00,565.00
11,1,16,1,6,6,6,11,10.00,15,15,8,8,631,545.00,395.00
11,6,6,6,11,1,1,1,8.00,22,1,1,22,631,255.00,178.00
6,6,11,1,1,16,16,6,8.00,8,8,15,8,631,678.00,516.00
16,1,1,1,16,6,1,6,10.00,1,15,22,1,631,304.00,234.00
11,1,6,6,11,1,6,16,4.00,1,22,15,22,631,635.00,413.00
1,16,11,16,16,6,1,11,10.00,22,15,1,1,631,666.00,453.00
1,11,6,1,6,11,1,6,6.00,22,8,1,8,631,338.00,261.00
16,16,1,6,11,1,11,6,8.00,22,22,15,15,631,523.00,361.00
1,11,1,6,6,6,6,11,4.00,15,1,1,22,631,493.00,345.00
11,16,1,1,6,11,11,11,4.00,8,1,22,8,631,573.00,435.00
11,11,1,1,1,11,6,11,4.00,8,22,8,15,631,467.00,356.00
16,1,11,6,11,1,11,11,4.00,22,8,1,22,631,622.00,431.00
11,1,11,16,11,1,11,11,0.00,1,1,1,15,631,745.00,502.00
1,1,16,11,16,11,6,11,2.00,15,8,22,22,631,722.00,518.00
1,16,11,16,6,11,1,6,6.00,15,8,1,15,631,569.00,400.00
6,11,1,1,6,11,6,1,6.00,22,8,8,8,631,325.00,276.00
16,16,1,6,16,16,1,11,10.00,15,8,15,15,631,553.00,439.00
11,11,1,16,16,1,1,11,10.00,15,22,15,15,631,612.00,390.00
16,16,6,6,1,6,1,16,0.00,22,8,8,8,631,592.00,393.00
11,11,11,1,11,11,16,16,0.00,22,8,15,22,631,856.00,613.00
11,1,11,1,1,11,11,11,4.00,8,1,22,8,631,603.00,450.00
11,11,1,16,11,6,11,16,2.00,15,15,8,8,631,812.00,571.00
1,11,6,6,1,6,11,1,10.00,8,8,15,22,631,462.00,320.00
1,16,11,1,11,1,11,6,6.00,15,8,15,22,631,554.00,393.00
1,1,11,6,6,16,11,6,4.00,8,1,1,22,631,611.00,458.00
1,1,1,1,1,1,1,1,6.00,8,15,22,1,631,110.00,79.00
11,16,16,1,1,11,1,6,6.00,22,1,8,22,631,457.00,336.00
11,1,6,11,11,16,11,16,2.00,1,15,15,8,631,823.00,618.00
11,16,1,1,11,6,6,16,4.00,1,22,15,22,631,580.00,409.00
1,1,1,1,1,1,1,1,2.00,1,22,15,22,631,124.00,77.00
11,1,16,11,6,16,11,11,0.00,8,1,1,22,631,776.00,587.00
6,11,11,1,16,11,6,6,2.00,22,8,1,15,631,520.00,391.00
11,16,6,11,1,6,6,1,2.00,1,1,8,15,631,404.00,302.00
11,11,11,11,1,6,16,16,2.00,15,22,22,15,631,878.00,615.00
11,6,11,11,1,1,1,16,2.00,22,8,8,8,631,652.00,405.00
6,6,16,1,6,16,1,11,2.00,8,1,22,22,631,552.00,418.00
11,11,11,16,11,6,1,6,4.00,1,15,8,15,631,573.00,396.00
1,16,11,16,6,11,1,11,2.00,22,22,1,22,631,675.00,466.00
16,16,16,16,16,1,6,6,6.00,22,8,1,8,631,638.00,461.00
6,1,1,1,11,6,1,6,10.00,8,1,22,8,631,267.00,199.00
11,6,11,6,16,6,11,6,4.00,8,1,8,22,631,603.00,441.00
6,6,6,1,1,6,6,11,8.00,1,22,15,22,631,469.00,320.00
11,16,11,16,16,11,6,16,8.00,15,1,15,8,631,908.00,620.00
16,11,11,6,11,11,11,16,10.00,15,15,8,8,631,790.00,586.00
11,11,6,16,1,1,11,6,0.00,22,22,1,15,631,589.00,406.00
11,1,1,6,1,16,11,6,10.00,22,8,1,22,631,527.00,415.00
1,1,1,1,1,1,1,6,2.00,1,8,22,8,631,207.00,129.00
16,11,16,16,1,1,11,1,0.00,22,22,15,22,631,650.00,436.00
11,6,16,1,11,11,16,11,8.00,15,15,15,22,631,821.00,597.00
16,1,6,11,1,1,1,6,0.00,1,15,15,1,631,395.00,252.00
1,1,1,1,1,1,11,6,8.00,1,15,22,15,631,372.00,253.00
11,6,6,11,1,16,16,11,6.00,1,15,22,1,631,787.00,594.00
11,1,6,6,11,1,1,6,10.00,8,1,1,8,631,336.00,223.00
6,16,6,6,1,1,11,6,6.00,1,22,22,22,631,526.00,360.00
11,1,11,16,1,6,6,6,0.00,8,1,15,8,631,575.00,398.00
1,16,16,16,1,1,1,16,0.00,8,8,8,1,631,779.00,481.00
6,16,16,11,11,11,16,6,4.00,8,1,8,22,631,833.00,612.00
16,16,16,6,11,6,6,16,10.00,15,15,22,1,631,744.00,540.00
1,1,1,1,1,6,1,16,10.00,8,1,1,22,631,465.00,287.00
16,11,1,1,16,1,11,11,6.00,15,1,22,1,631,523.00,382.00
11,1,11,11,6,11,16,6,2.00,15,8,1,8,631,721.00,531.00
6,11,11,11,6,6,1,16,8.00,15,1,1,1,631,697.00,451.00
16,11,16,11,11,6,1,11,2.00,1,15,1,15,631,651.00,442.00
1,1,1,1,1,1,16,6,8.00,22,15,8,1,631,464.00,310.00
16,16,6,1,6,16,1,11,2.00,1,22,1,22,631,505.00,397.00
11,6,11,11,11,1,1,16,0.00,1,22,15,8,631,696.00,436.00
16,11,1,6,1,16,6,11,2.00,22,8,15,22,631,561.00,444.00
11,6,16,6,1,6,1,11,4.00,1,15,22,22,631,559.00,373.00
6,6,6,6,6,16,11,16,10.00,1,22,8,1,631,726.00,562.00
11,6,16,11,11,11,1,16,4.00,1,8,1,15,631,788.00,519.00
11,1,11,16,1,6,11,6,6.00,1,22,22,15,631,644.00,462.00
11,11,11,1,11,6,1,16,0.00,8,1,15,8,631,595.00,399.00
6,16,6,6,1,1,6,6,0.00,22,8,8,8,631,410.00,277.00
6,11,16,16,16,16,6,16,10.00,15,1,8,1,631,939.00,666.00
6,11,16,11,16,1,11,11,4.00,1,1,15,22,631,756.00,541.00
1,1,16,6,11,1,1,11,10.00,22,15,1,1,631,481.00,334.00
1,1,1,1,1,1,1,1,0.00,8,8,8,15,631,103.00,66.00
16,1,11,11,1,16,11,6,2.00,1,8,15,8,631,651.00,502.00
1,6,16,6,11,6,6,16,0.00,1,8,8,22,631,737.00,501.00
1,11,1,16,1,16,11,16,10.00,1,1,15,22,631,871.00,606.00
6,1,1,16,11,6,6,11,6.00,8,1,1,1,631,640.00,433.00
11,6,6,16,1,1,16,1,0.00,15,1,8,8,631,576.00,404.00
11,16,16,16,16,11,11,1,8.00,1,1,1,1,631,698.00,548.00
16,11,11,6,16,1,6,16,0.00,1,15,22,22,631,724.00,482.00
11,6,11,16,11,1,1,16,6.00,15,1,8,8,631,771.00,480.00
11,16,6,1,11,16,6,16,10.00,15,1,8,15,631,658.00,512.00
16,6,11,6,6,1,1,16,8.00,1,8,22,22,631,646.00,392.00
6,11,1,6,1,1,1,16,6.00,8,15,1,1,631,505.00,314.00
16,6,11,16,1,6,11,16,0.00,1,15,8,8,631,861.00,582.00
11,6,11,11,11,1,1,16,6.00,22,22,22,8,631,682.00,431.00
11,16,6,11,11,6,1,11,6.00,15,1,8,15,631,593.00,388.00
1,6,1,1,16,16,11,11,8.00,22,1,15,22,631,619.00,474.00
6,6,6,6,1,11,1,11,0.00,1,15,8,15,631,488.00,339.00
16,16,11,11,1,1,16,11,0.00,22,22,8,8,631,779.00,539.00
16,11,11,11,11,16,11,1,8.00,1,22,1,15,631,653.00,506.00
11,6,11,11,6,16,16,11,6.00,8,8,22,8,631,850.00,637.00
11,16,11,16,1,1,6,6,6.00,22,8,22,22,631,580.00,397.00
11,11,11,1,11,6,1,16,0.00,22,8,8,8,631,567.00,396.00
11,16,6,6,1,16,6,11,2.00,22,8,15,22,631,616.00,466.00
11,1,16,16,6,1,6,6,10.00,15,8,22,22,631,607.00,414.00
16,6,11,6,6,1,1,16,6.00,8,15,1,1,631,590.00,377.00
1,16,1,1,16,1,1,6,8.00,1,8,15,22,631,289.00,197.00
6,6,6,6,6,16,11,16,4.00,1,15,22,22,631,759.00,569.00
6,11,1,1,6,11,6,6,6.00,22,8,8,8,631,395.00,311.00
1,11,11,16,16,16,16,1,2.00,15,8,1,1,631,774.00,594.00
6,16,1,11,16,11,16,1,0.00,1,8,8,15,631,626.00,478.00
6,1,6,16,16,6,1,11,10.00,1,8,8,8,631,648.00,419.00
6,16,1,11,6,16,16,6,10.00,22,8,1,15,631,710.00,535.00
16,6,1,6,16,16,6,11,10.00,15,1,8,15,631,578.00,477.00
11,1,6,1,11,11,1,1,0.00,22,1,15,22,631,296.00,237.00
11,16,16,16,1,1,16,1,0.00,15,1,8,8,631,706.00,503.00
6,16,11,16,1,6,11,6,6.00,22,22,15,1,631,688.00,483.00
6,11,1,1,6,16,1,11,4.00,22,22,22,1,631,472.00,361.00
16,6,6,11,1,1,16,11,2.00,15,1,8,8,631,671.00,477.00
6,6,6,6,16,1,11,11,6.00,22,1,1,8,631,576.00,417.00
6,11,11,11,11,6,11,16,10.00,22,8,8,22,631,816.00,575.00
1,16,16,1,11,11,11,6,0.00,8,15,15,8,631,660.00,510.00
6,11,1,16,11,6,11,16,2.00,22,22,1,22,631,800.00,568.00
6,1,1,6,11,11,1,16,10.00,15,15,8,8,631,572.00,406.00
1,1,16,6,1,16,6,1,8.00,8,1,8,8,631,479.00,373.00
6,16,1,6,6,11,11,6,10.00,15,1,22,15,631,547.00,408.00
1,1,1,6,6,1,16,16,4.00,8,15,8,22,631,667.00,465.00
16,16,6,1,1,16,6,1,4.00,15,8,22,22,631,441.00,359.00
11,11,1,11,6,6,16,6,6.00,8,22,22,1,631,641.00,463.00
11,16,16,11,1,16,1,1,4.00,1,8,15,22,631,500.00,388.00
16,1,6,11,1,11,16,6,10.00,15,1,22,15,631,682.00,497.00
11,1,16,16,6,11,11,11,8.00,15,15,1,8,631,788.00,581.00
16,16,6,1,1,1,6,16,10.00,8,22,22,22,631,565.00,376.00
1,11,16,16,16,16,11,11,6.00,8,22,1,8,631,873.00,660.00
11,11,11,16,6,11,11,16,8.00,22,22,22,22,631,906.00,647.00
11,1,16,6,1,6,11,16,10.00,15,22,22,8,631,756.00,535.00
11,11,16,6,1,6,16,1,2.00,22,8,1,8,631,653.00,477.00
11,11,6,11,1,16,11,6,10.00,8,22,22,22,631,668.00,499.00
11,11,16,11,1,1,6,11,6.00,22,1,1,22,631,636.00,430.00
11,11,11,6,16,1,11,1,6.00,15,8,15,8,631,525.00,384.00
1,16,1,16,6,6,11,16,6.00,22,1,8,15,631,811.00,555.00
11,1,16,1,16,11,1,16,0.00,1,15,15,15,631,650.00,461.00
1,6,1,6,11,6,1,1,8.00,15,8,22,22,631,260.00,187.00
11,11,16,6,1,16,11,1,0.00,1,8,1,1,631,600.00,481.00
16,6,1,16,1,6,16,11,10.00,22,15,22,1,631,733.00,538.00
11,11,1,1,1,16,16,1,10.00,1,8,22,22,631,547.00,438.00
6,6,16,11,16,11,1,1,0.00,1,8,8,22,631,468.00,362.00
11,6,1,1,16,6,1,16,2.00,22,22,1,22,631,495.00,355.00
1,1,11,6,1,1,16,6,2.00,1,22,22,8,631,607.00,429.00
1,6,6,1,6,1,16,6,8.00,22,1,22,15,631,554.00,384.00
1,1,11,11,1,16,16,6,2.00,22,1,22,8,631,752.00,547.00
16,1,16,16,6,6,11,6,8.00,8,15,22,22,631,721.00,515.00
11,11,11,16,11,6,1,6,4.00,8,1,22,22,631,601.00,397.00
6,6,1,1,1,11,16,6,4.00,8,1,8,8,631,529.00,401.00
11,11,16,16,11,6,6,1,8.00,8,22,8,8,631,580.00,425.00
11,11,1,11,11,1,11,11,8.00,22,22,1,1,631,590.00,428.00
6,11,16,1,6,1,1,16,0.00,15,8,15,8,631,571.00,386.00
16,1,16,16,1,6,11,6,8.00,22,8,15,8,631,692.00,493.00
6,1,16,6,11,1,16,16,0.00,22,1,8,22,631,822.00,584.00
1,1,1,1,1,1,1,1,0.00,15,15,22,22,631,138.00,87.00
1,1,1,1,1,1,1,1,0.00,22,1,8,15,631,110.00,74.00
1,1,1,6,1,6,16,16,2.00,15,8,15,1,631,673.00,488.00
6,11,11,6,6,6,11,16,10.00,1,1,1,1,631,726.00,519.00
11,16,11,1,6,6,6,1,8.00,8,8,1,15,631,396.00,306.00
11,6,1,16,6,6,1,16,2.00,1,22,15,1,631,707.00,453.00
16,11,1,11,16,6,11,16,6.00,8,15,1,8,631,757.00,548.00
1,11,1,16,16,1,16,11,2.00,15,22,1,8,631,725.00,526.00
16,1,16,11,1,1,1,1,6.00,22,15,22,15,631,383.00,255.00
11,6,6,6,6,6,11,1,2.00,1,8,8,22,631,458.00,330.00
6,6,1,16,1,6,1,16,8.00,15,1,1,22,631,698.00,427.00
11,6,1,1,1,11,1,6,4.00,15,22,15,22,631,335.00,244.00
1,1,6,16,16,11,6,16,10.00,22,1,15,15,631,833.00,567.00
11,11,1,16,11,1,16,11,0.00,1,8,22,1,631,740.00,530.00
11,11,11,11,1,16,6,16,6.00,1,15,8,15,631,803.00,569.00
1,16,16,11,6,11,6,11,10.00,15,22,22,8,631,716.00,520.00
11,16,6,16,11,6,1,11,6.00,22,15,8,1,631,633.00,433.00
16,16,16,6,6,16,16,1,0.00,22,8,15,22,631,786.00,584.00
16,16,6,6,1,11,16,16,10.00,1,15,8,8,631,806.00,599.00
11,16,6,6,1,16,6,11,2.00,22,8,15,8,631,602.00,463.00
11,1,11,16,1,11,1,1,8.00,22,8,15,22,631,433.00,326.00
1,1,1,1,1,1,1,1,0.00,1,8,1,15,631,89.00,63.00
11,11,6,6,16,6,11,16,8.00,8,8,15,8,631,733.00,525.00
11,6,16,1,6,6,6,16,6.00,15,8,1,1,631,618.00,456.00
11,1,1,16,11,11,1,16,4.00,8,22,22,8,631,749.00,496.00
16,6,11,6,6,1,1,16,6.00,8,15,1,22,631,611.00,382.00
11,1,11,16,1,6,11,6,6.00,1,22,22,1,631,634.00,457.00
11,11,6,11,1,6,16,6,6.00,1,1,1,8,631,630.00,465.00
11,6,6,11,1,16,16,11,2.00,15,22,8,15,631,799.00,596.00
11,16,6,16,11,6,1,11,6.00,22,22,22,15,631,654.00,442.00
1,1,16,6,11,11,16,16,0.00,1,8,8,15,631,866.00,649.00
6,16,1,11,16,6,11,16,4.00,1,15,8,8,631,771.00,540.00
1,16,16,11,1,1,1,1,0.00,8,15,15,1,631,378.00,274.00
11,6,16,6,11,6,6,6,10.00,8,15,8,15,631,550.00,404.00
11,16,11,11,11,11,1,16,4.00,1,8,15,15,631,787.00,516.00
1,1,1,1,1,1,1,1,0.00,8,8,8,1,631,89.00,61.00
6,11,1,11,11,1,1,16,2.00,8,15,22,8,631,638.00,394.00
1,1,1,1,16,11,1,11,4.00,8,1,22,1,631,415.00,305.00
1,11,6,16,11,6,1,11,8.00,8,22,15,1,631,630.00,417.00
16,16,16,6,11,6,6,1,0.00,15,22,22,1,631,534.00,400.00
16,1,1,6,16,16,1,11,10.00,15,22,15,15,631,539.00,420.00
16,6,1,11,11,16,6,1,8.00,8,1,22,8,631,495.00,379.00
6,6,6,6,16,1,6,16,0.00,1,15,22,22,631,669.00,435.00
16,1,16,6,6,6,1,1,10.00,15,22,1,15,631,372.00,266.00
16,6,16,11,11,1,1,11,8.00,15,1,1,1,631,602.00,398.00
16,11,16,11,11,6,1,6,0.00,1,1,15,15,631,559.00,395.00
16,11,6,1,11,6,16,16,8.00,1,15,22,1,631,757.00,555.00
6,1,16,6,6,6,11,6,0.00,1,1,1,22,631,589.00,434.00
16,16,1,6,16,6,6,11,10.00,15,22,1,15,631,537.00,409.00
6,6,6,6,6,6,1,1,10.00,8,8,8,22,631,270.00,198.00
16,6,11,11,16,16,6,1,4.00,22,8,22,22,631,593.00,453.00
11,1,16,16,6,1,6,6,10.00,15,1,1,15,631,586.00,399.00
6,11,16,6,16,1,1,6,4.00,8,1,22,22,631,471.00,340.00
11,11,11,16,11,6,11,11,4.00,15,1,8,1,631,769.00,553.00
1,16,1,11,16,11,16,1,10.00,22,1,8,22,631,642.00,474.00
1,6,16,11,16,11,6,1,8.00,1,22,1,15,631,558.00,425.00
6,11,16,16,16,6,16,11,0.00,22,22,22,22,631,952.00,670.00
11,11,6,16,11,16,6,16,0.00,8,22,22,8,631,866.00,629.00
6,11,1,11,11,1,1,1,10.00,22,8,8,8,631,267.00,195.00
1,1,16,1,6,6,16,11,6.00,8,8,8,1,631,713.00,525.00
11,1,11,11,6,6,1,11,10.00,8,8,8,22,631,590.00,382.00
16,16,1,6,16,6,11,16,10.00,15,22,8,1,631,695.00,519.00
16,6,6,11,16,11,6,1,8.00,22,15,15,22,631,508.00,384.00
16,11,16,16,1,1,11,1,0.00,22,22,15,15,631,643.00,434.00
16,11,16,11,1,6,11,1,10.00,15,8,15,22,631,624.00,439.00
1,11,6,6,16,16,16,11,4.00,8,8,22,15,631,802.00,603.00
1,1,1,1,1,1,11,1,6.00,1,1,15,15,631,286.00,199.00
11,6,1,6,16,6,16,1,2.00,15,22,22,1,631,554.00,408.00
11,11,16,16,16,1,11,6,10.00,15,22,22,22,631,755.00,527.00
6,1,16,6,16,16,6,11,4.00,1,22,15,22,631,695.00,529.00
16,6,6,11,16,6,1,11,4.00,22,15,1,8,631,558.00,398.00
6,6,6,1,11,16,11,11,10.00,15,1,8,8,631,626.00,484.00
11,16,6,1,11,16,6,16,10.00,15,8,1,22,631,660.00,510.00
1,1,1,1,1,1,1,1,0.00,1,1,8,15,631,89.00,65.00
6,6,6,11,16,6,1,6,10.00,8,15,22,22,631,481.00,331.00
16,1,16,11,11,1,1,16,0.00,8,8,8,1,631,719.00,460.00
11,1,11,11,1,1,1,1,6.00,22,15,1,8,631,300.00,202.00
16,11,16,11,16,1,11,6,6.00,8,8,15,15,631,685.00,497.00
1,16,11,1,11,16,16,11,4.00,8,8,22,22,631,819.00,609.00
16,11,1,11,16,6,11,16,2.00,1,1,1,15,631,785.00,547.00
1,1,16,1,11,6,11,1,10.00,22,1,1,22,631,515.00,377.00
16,11,11,6,11,16,11,16,8.00,8,8,15,22,631,832.00,631.00
16,16,6,6,11,11,11,16,10.00,15,1,15,8,631,758.00,569.00
6,11,11,16,6,1,11,16,10.00,22,22,15,8,631,830.00,562.00
16,6,11,6,11,1,1,1,8.00,22,1,1,22,631,310.00,213.00
11,11,11,16,11,6,1,16,0.00,1,15,22,22,631,834.00,525.00
6,6,6,11,16,6,1,11,4.00,8,8,8,22,631,590.00,387.00
11,11,1,16,16,1,1,11,10.00,22,8,22,22,631,620.00,394.00
1,1,1,1,16,6,11,6,2.00,22,1,8,15,631,445.00,326.00
6,6,1,6,1,11,1,6,6.00,1,8,8,8,631,333.00,255.00
6,16,11,1,1,16,11,6,10.00,22,8,1,22,631,627.00,470.00
1,1,1,1,6,1,16,16,6.00,8,22,22,22,631,648.00,431.00
6,16,1,11,16,11,16,1,0.00,22,15,15,8,631,654.00,489.00
1,1,11,6,6,1,6,11,10.00,15,1,8,15,631,518.00,353.00
1,1,1,1,11,1,16,1,4.00,8,15,22,15,631,439.00,303.00
1,16,6,1,1,6,1,1,4.00,8,8,8,15,631,233.00,170.00
6,6,11,11,6,6,1,16,2.00,1,1,22,22,631,743.00,458.00
11,1,1,6,16,16,1,6,0.00,8,1,15,8,631,443.00,341.00
6,16,6,6,1,1,6,16,2.00,1,15,8,22,631,630.00,400.00
11,11,11,6,16,1,16,16,2.00,22,22,1,15,631,834.00,582.00
11,11,11,11,1,6,16,16,0.00,1,8,1,8,631,836.00,601.00
16,16,1,1,1,1,16,11,0.00,22,22,8,8,631,604.00,415.00
16,16,11,11,1,1,11,6,10.00,15,1,15,22,631,612.00,425.00
6,11,16,16,6,1,1,11,6.00,22,15,22,22,631,683.00,432.00
1,11,16,16,16,11,6,16,10.00,1,1,15,22,631,951.00,632.00
16,6,16,11,11,1,1,11,10.00,15,8,15,15,631,623.00,405.00
11,11,1,16,16,1,1,6,0.00,1,1,15,15,631,514.00,323.00
16,11,16,11,16,16,16,11,4.00,22,22,1,22,631,971.00,716.00
6,1,6,1,16,6,16,16,2.00,8,8,8,22,631,735.00,525.00
1,1,1,1,16,1,6,16,8.00,15,15,1,1,631,488.00,340.00
16,11,1,6,11,1,16,1,4.00,1,8,8,15,631,496.00,359.00
6,16,1,11,16,11,16,1,0.00,8,1,22,8,631,633.00,480.00
11,1,11,16,1,6,1,11,10.00,22,15,1,1,631,612.00,402.00
1,11,6,1,16,6,11,6,6.00,1,22,22,22,631,546.00,396.00
16,16,16,6,6,16,16,1,10.00,1,8,1,22,631,751.00,585.00
6,11,16,6,16,1,11,11,4.00,1,15,8,8,631,686.00,511.00
1,1,16,6,11,6,11,16,4.00,15,1,8,1,631,744.00,546.00
16,16,1,11,6,11,6,16,6.00,8,1,8,15,631,745.00,516.00
16,16,1,6,11,11,16,6,6.00,22,15,1,8,631,660.00,506.00
16,1,16,11,1,1,1,1,2.00,8,22,22,15,631,376.00,257.00
6,11,6,6,6,11,16,6,8.00,8,8,15,15,631,670.00,488.00
11,6,1,11,1,6,11,1,6.00,22,1,8,22,631,447.00,317.00
11,6,6,1,1,16,16,11,4.00,8,1,22,8,631,698.00,531.00
11,11,1,1,1,11,11,6,8.00,8,8,15,8,631,468.00,361.00
11,6,16,11,16,1,16,6,10.00,15,22,15,15,631,781.00,550.00
16,16,6,16,11,11,1,16,4.00,1,8,15,15,631,832.00,544.00
6,1,16,11,11,11,16,6,4.00,8,1,8,1,631,771.00,580.00
16,16,16,1,1,16,11,6,10.00,22,8,1,22,631,687.00,516.00
6,6,16,6,6,16,16,1,10.00,1,15,8,1,631,704.00,552.00
1,16,6,6,6,16,11,6,4.00,22,8,1,22,631,627.00,469.00
11,1,11,16,11,1,11,11,4.00,22,22,22,15,631,725.00,506.00
6,11,16,11,6,16,11,11,6.00,22,8,1,8,631,808.00,601.00
1,16,11,16,6,11,1,6,6.00,8,1,1,22,631,590.00,401.00
6,6,11,11,6,6,1,1,4.00,8,8,8,8,631,346.00,258.00
1,1,16,6,11,16,1,11,10.00,22,8,1,15,631,577.00,439.00
1,6,16,11,16,11,6,1,8.00,1,1,1,1,631,523.00,416.00
1,11,1,16,1,16,11,16,10.00,1,1,8,22,631,864.00,603.00
1,1,1,1,1,1,1,1,6.00,22,15,8,1,631,110.00,75.00
1,6,6,6,1,11,11,11,6.00,15,22,22,1,631,628.00,451.00
6,1,16,6,11,6,6,16,0.00,1,8,15,8,631,725.00,497.00
1,6,1,16,11,6,6,11,6.00,8,1,15,22,631,669.00,441.00
1,1,16,1,1,11,6,6,4.00,1,1,1,8,631,455.00,355.00
11,6,16,11,11,16,11,16,4.00,1,15,22,22,631,924.00,679.00
6,6,6,6,6,11,1,16,4.00,1,8,15,15,631,637.00,415.00
11,16,6,16,11,6,1,11,6.00,15,8,1,8,631,647.00,430.00
16,11,1,1,16,16,16,6,2.00,22,22,22,8,631,683.00,545.00
1,1,11,6,11,16,1,11,6.00,8,8,8,15,631,563.00,415.00
1,16,6,11,6,11,11,11,10.00,1,1,15,1,631,690.00,509.00
1,16,16,11,6,11,6,11,10.00,15,15,8,15,631,702.00,508.00
11,11,1,16,11,1,16,11,0.00,1,15,8,1,631,719.00,521.00
16,11,6,6,1,11,1,6,4.00,8,1,15,15,631,402.00,304.00
11,6,1,1,1,16,6,16,8.00,8,8,1,15,631,566.00,442.00
16,11,16,6,11,6,6,1,0.00,8,22,15,1,631,505.00,384.00
11,6,16,6,16,1,11,6,8.00,22,1,1,22,631,625.00,444.00
16,16,1,6,11,1,1,1,8.00,8,8,1,22,631,233.00,182.00
1,1,11,6,6,6,1,1,10.00,15,22,1,15,631,307.00,213.00
6,6,6,11,16,16,11,11,6.00,1,15,8,15,631,728.00,575.00
6,11,16,11,6,16,11,11,6.00,15,1,8,22,631,815.00,605.00
6,6,6,1,1,6,6,11,8.00,8,1,1,22,631,440.00,315.00
6,1,6,6,11,6,11,16,4.00,1,15,8,8,631,686.00,484.00
1,1,16,6,6,1,6,1,6.00,15,22,22,15,631,438.00,294.00
1,1,1,1,1,1,1,1,8.00,22,1,1,8,631,96.00,68.00
1,1,16,16,11,1,1,1,0.00,8,8,15,8,631,433.00,299.00
1,1,11,11,16,16,11,11,6.00,15,22,22,22,631,795.00,589.00
11,6,1,6,16,6,16,1,2.00,1,15,8,15,631,533.00,401.00
6,1,6,11,1,6,16,1,2.00,1,8,1,8,631,537.00,389.00
16,16,6,6,11,16,11,16,8.00,15,8,1,22,631,795.00,610.00
6,6,6,1,11,16,11,11,10.00,8,8,15,22,631,647.00,493.00
16,16,6,6,6,6,16,16,2.00,15,8,1,8,631,786.00,570.00
16,11,1,1,16,16,16,6,6.00,15,1,8,22,631,655.00,524.00
6,1,16,6,6,6,11,11,10.00,15,15,22,1,631,691.00,495.00
1,16,6,1,1,6,1,16,2.00,1,1,1,8,631,523.00,334.00
11,11,11,11,1,6,11,11,2.00,8,8,8,22,631,685.00,491.00
1,6,16,16,6,11,6,11,10.00,15,15,8,1,631,735.00,523.00
1,16,16,11,1,11,6,6,4.00,22,1,22,8,631,622.00,457.00
11,6,1,16,11,11,1,16,4.00,22,8,15,15,631,751.00,502.00
6,1,1,1,11,6,1,6,10.00,8,22,22,8,631,271.00,205.00
11,6,11,11,6,16,16,11,6.00,8,8,22,15,631,857.00,638.00
11,11,11,11,1,11,16,16,2.00,22,22,1,8,631,892.00,642.00
16,11,11,16,1,1,16,1,6.00,15,1,8,8,631,646.00,458.00
1,1,1,1,1,1,1,1,0.00,15,22,1,8,631,110.00,76.00
6,11,1,1,6,16,1,11,4.00,22,22,1,1,631,451.00,357.00
6,1,16,11,1,16,11,1,2.00,15,15,22,1,631,647.00,480.00
16,6,6,11,16,11,11,1,6.00,8,8,15,15,631,575.00,436.00
11,6,1,11,1,6,6,1,8.00,22,22,15,15,631,373.00,268.00
11,1,11,16,11,6,11,16,2.00,15,15,22,22,631,890.00,607.00
16,1,16,6,16,1,6,16,0.00,1,15,8,8,631,711.00,484.00
16,11,6,6,16,6,6,6,6.00,8,1,22,8,631,478.00,367.00
11,11,1,1,1,11,6,11,10.00,22,22,8,8,631,474.00,362.00
1,1,1,1,6,16,6,6,6.00,8,22,15,22,631,418.00,333.00
1,1,1,1,1,1,11,1,0.00,1,1,22,15,631,293.00,205.00
11,6,16,11,11,11,1,1,8.00,8,1,15,1,631,444.00,356.00
11,11,1,1,16,6,1,11,10.00,22,15,1,1,631,373.00,298.00
1,11,6,1,1,11,11,11,4.00,8,1,22,1,631,575.00,427.00
16,11,16,11,16,16,16,11,6.00,22,8,15,8,631,957.00,713.00
11,16,1,16,16,6,16,11,4.00,8,8,22,22,631,804.00,594.00
16,1,16,6,16,16,16,1,8.00,15,1,1,8,631,729.00,568.00
11,11,11,1,16,6,6,16,0.00,1,15,22,22,631,669.00,475.00
6,16,1,11,16,11,16,1,0.00,22,22,1,15,631,654.00,489.00
1,1,1,1,1,1,1,1,6.00,15,15,22,15,631,131.00,83.00
11,11,6,1,1,11,11,11,10.00,15,8,1,22,631,595.00,433.00
6,6,6,1,11,16,11,11,4.00,8,1,22,8,631,633.00,490.00
16,11,1,6,11,1,11,6,2.00,8,15,22,8,631,487.00,348.00
16,16,1,1,11,1,16,1,4.00,8,1,22,8,631,478.00,361.00
1,6,1,11,11,11,11,6,4.00,22,22,22,15,631,595.00,439.00
1,16,6,6,6,16,11,11,10.00,15,15,22,1,631,701.00,525.00
1,16,6,6,6,16,11,6,10.00,8,1,22,15,631,620.00,468.00
16,6,1,11,11,16,6,1,6.00,22,22,22,15,631,527.00,399.00
16,6,6,6,16,6,6,11,10.00,8,8,8,22,631,570.00,411.00
16,16,16,6,6,1,1,16,6.00,8,15,1,1,631,645.00,426.00
16,16,1,6,11,1,11,6,8.00,15,1,1,22,631,488.00,348.00
16,16,16,16,16,1,6,11,2.00,1,1,22,15,631,806.00,543.00
6,6,6,16,16,11,6,16,4.00,15,22,1,22,631,827.00,579.00
6,6,11,6,6,11,6,1,8.00,1,15,8,1,631,429.00,336.00
1,16,6,1,6,11,1,6,6.00,22,15,8,8,631,367.00,277.00
16,11,11,16,6,1,11,16,10.00,22,22,15,15,631,847.00,575.00
6,1,1,16,11,6,6,11,6.00,22,22,22,22,631,654.00,444.00
1,16,1,6,16,6,16,11,6.00,8,1,15,22,631,695.00,500.00
1,11,1,16,1,16,11,6,6.00,22,1,15,15,631,627.00,488.00
1,1,16,11,1,16,6,1,10.00,15,1,1,1,631,512.00,395.00
6,1,6,6,6,1,6,11,0.00,8,22,22,15,631,488.00,330.00
1,1,1,1,1,1,1,1,0.00,1,1,1,15,631,82.00,60.00
1,1,1,16,1,1,6,6,8.00,22,15,15,22,631,475.00,309.00
6,1,11,6,16,16,6,16,10.00,22,15,15,8,631,727.00,556.00
1,1,1,1,1,1,11,16,4.00,1,1,15,1,631,530.00,364.00
16,6,11,16,1,6,11,16,0.00,1,22,15,8,631,861.00,585.00
16,1,16,11,1,1,1,1,6.00,22,15,15,15,631,376.00,250.00
11,11,6,11,1,6,16,6,2.00,15,22,15,8,631,679.00,477.00
6,16,6,16,11,6,1,11,4.00,22,8,8,15,631,649.00,428.00
16,6,6,6,6,1,6,1,6.00,15,22,22,15,631,368.00,248.00
6,1,1,11,11,16,6,1,8.00,8,1,22,15,631,477.00,356.00
11,16,1,6,11,1,1,16,2.00,1,1,22,22,631,613.00,365.00
1,16,6,1,1,6,1,11,4.00,22,8,8,15,631,398.00,274.00
16,1,11,1,16,6,16,16,2.00,8,15,1,15,631,783.00,571.00
6,1,6,11,1,16,11,6,2.00,1,8,8,22,631,598.00,462.00
16,6,16,11,11,6,16,16,4.00,1,8,15,1,631,908.00,672.00
1,1,1,1,1,1,1,1,0.00,8,22,8,15,631,117.00,75.00
6,6,6,11,6,6,1,1,4.00,1,1,8,22,631,334.00,234.00
1,6,6,6,16,11,16,11,0.00,8,8,8,15,631,738.00,546.00
16,1,1,1,16,6,6,16,4.00,1,22,8,1,631,542.00,402.00
1,1,16,6,11,6,11,16,4.00,1,15,15,22,631,772.00,554.00
1,11,11,11,1,16,11,6,2.00,1,8,8,22,631,673.00,503.00
16,1,1,16,1,16,11,16,10.00,1,1,1,1,631,842.00,609.00
6,6,6,1,1,6,6,11,8.00,1,22,8,22,631,462.00,317.00
11,16,11,1,11,11,11,6,0.00,15,1,8,22,631,620.00,465.00
16,11,1,6,1,16,1,1,8.00,1,1,15,8,631,356.00,269.00
16,1,6,1,11,1,16,1,4.00,8,1,22,8,631,483.00,359.00
16,16,1,11,6,11,6,11,6.00,8,1,22,22,631,646.00,458.00
6,11,1,6,1,1,1,16,8.00,1,8,8,15,631,540.00,317.00
1,1,11,1,6,16,1,6,2.00,1,8,22,15,631,406.00,314.00
1,1,1,1,1,1,1,16,8.00,22,22,8,1,631,391.00,253.00
6,16,16,1,11,11,11,6,0.00,1,22,8,22,631,672.00,512.00
1,1,1,1,1,1,1,1,6.00,15,1,1,1,631,82.00,60.00
16,1,1,11,11,11,11,11,10.00,15,15,22,1,631,642.00,506.00
1,1,16,6,11,16,1,11,10.00,15,8,1,15,631,584.00,436.00
1,16,6,11,1,1,11,6,10.00,15,22,22,1,631,558.00,380.00
11,6,1,16,11,11,1,16,4.00,8,22,8,22,631,754.00,500.00
11,16,11,1,11,11,11,6,0.00,1,22,22,8,631,627.00,477.00
16,6,11,16,1,1,1,16,4.00,1,22,15,22,631,760.00,462.00
16,1,1,1,16,6,6,16,2.00,1,22,15,8,631,556.00,404.00
1,11,6,1,6,1,16,1,8.00,8,15,8,22,631,497.00,352.00
1,11,16,16,6,16,16,16,0.00,1,8,15,1,631,1008.00,747.00
16,11,1,11,11,16,16,6,0.00,8,15,1,1,631,703.00,557.00
11,6,1,16,11,11,1,16,4.00,8,8,22,8,631,765.00,505.00
11,6,11,11,6,16,1,11,6.00,8,22,22,8,631,636.00,471.00
11,1,11,16,1,6,11,6,6.00,22,1,15,15,631,637.00,456.00
1,16,11,1,16,6,1,11,4.00,15,8,1,8,631,467.00,341.00
16,6,11,1,6,6,1,16,2.00,1,1,22,22,631,603.00,390.00
1,1,1,6,16,6,6,1,6.00,15,15,15,22,631,346.00,251.00
16,11,11,16,6,1,6,6,0.00,8,1,15,8,631,590.00,403.00
11,16,11,16,16,11,11,16,10.00,8,8,1,15,631,946.00,670.00
6,11,11,6,6,6,6,16,8.00,15,15,8,8,631,667.00,460.00
16,16,16,6,6,11,6,6,6.00,22,8,8,8,631,605.00,450.00
6,11,1,1,11,11,6,1,0.00,8,22,15,1,631,340.00,294.00
11,16,16,11,11,1,6,16,10.00,1,15,15,8,631,803.00,533.00
11,16,16,1,1,11,16,16,2.00,22,22,22,8,631,893.00,642.00
11,16,16,11,11,1,6,16,10.00,22,22,1,15,631,768.00,523.00
11,11,6,16,11,1,16,11,0.00,1,15,15,8,631,768.00,550.00
11,16,1,11,11,16,6,11,8.00,1,15,15,22,631,667.00,510.00
16,6,11,1,6,6,16,1,6.00,15,8,8,15,631,575.00,426.00
11,6,11,11,16,16,16,1,8.00,1,1,1,1,631,708.00,563.00
11,6,6,16,16,11,11,16,6.00,22,15,1,1,631,857.00,635.00
1,6,6,6,1,11,11,11,6.00,8,1,15,15,631,603.00,443.00
16,11,16,11,16,16,16,11,4.00,8,8,22,1,631,952.00,722.00
11,1,1,11,6,1,16,11,0.00,22,15,15,1,631,646.00,454.00
1,16,11,16,11,16,6,1,10.00,1,22,15,8,631,605.00,467.00
6,16,6,6,1,16,11,16,8.00,8,1,8,22,631,757.00,565.00
11,6,16,1,11,11,16,11,8.00,22,1,1,22,631,800.00,582.00
16,6,1,16,6,1,1,1,4.00,15,22,15,22,631,379.00,235.00
1,16,11,16,11,16,6,16,8.00,8,22,15,8,631,894.00,633.00
16,11,11,16,6,1,11,16,10.00,22,1,8,22,631,868.00,581.00
6,11,11,6,6,1,11,6,8.00,15,1,8,8,631,541.00,384.00
1,1,1,1,1,1,1,1,0.00,15,22,8,1,631,110.00,76.00
1,16,1,6,16,6,16,11,0.00,22,15,8,8,631,702.00,504.00
11,16,6,1,6,6,1,1,0.00,22,22,22,22,631,307.00,223.00
1,1,6,1,11,11,11,6,0.00,1,22,8,22,631,522.00,389.00
11,16,11,16,16,11,6,16,10.00,22,22,15,22,631,894.00,627.00
16,11,16,11,6,16,1,11,4.00,22,22,22,1,631,665.00,508.00
6,11,1,1,16,1,11,6,8.00,15,1,22,1,631,442.00,320.00
1,1,1,16,11,1,1,11,0.00,15,8,1,15,631,554.00,343.00
11,6,11,11,16,16,16,16,6.00,22,15,22,15,631,978.00,725.00
16,6,11,16,1,1,1,16,0.00,8,22,22,15,631,753.00,466.00
16,11,6,6,16,16,6,11,2.00,1,22,15,8,631,630.00,507.00
16,6,16,6,11,16,16,16,10.00,15,1,15,15,631,945.00,707.00
11,6,6,6,6,1,11,16,0.00,1,22,1,15,631,654.00,449.00
16,11,6,1,11,6,16,16,8.00,1,15,1,1,631,736.00,547.00
1,6,6,6,16,11,16,11,0.00,1,1,22,8,631,731.00,554.00
16,1,11,11,1,16,11,6,2.00,1,1,22,22,631,665.00,509.00
16,1,1,16,16,6,11,16,8.00,1,8,8,22,631,847.00,577.00
11,6,16,11,11,6,16,16,4.00,1,8,15,22,631,919.00,667.00
16,16,1,1,11,1,11,6,2.00,22,22,22,15,631,490.00,340.00
1,16,6,1,1,6,1,16,2.00,1,8,22,22,631,551.00,345.00
1,1,1,1,1,1,11,16,0.00,8,22,15,22,631,536.00,356.00
1,11,6,16,11,6,1,11,8.00,15,22,22,8,631,637.00,421.00
16,1,6,1,1,16,1,16,10.00,8,8,1,15,631,551.00,412.00
6,11,11,6,6,6,11,1,8.00,1,1,15,8,631,504.00,383.00
1,11,6,1,6,1,16,1,8.00,8,1,15,1,631,469.00,355.00
11,1,1,1,6,1,1,1,8.00,8,15,8,1,631,127.00,99.00
1,11,6,1,6,1,6,16,0.00,22,15,8,8,631,522.00,360.00
11,16,6,1,6,6,1,1,6.00,22,22,1,22,631,286.00,220.00
11,11,1,1,1,11,1,6,4.00,8,1,15,15,631,305.00,237.00
11,6,1,16,16,1,1,11,10.00,15,8,15,15,631,603.00,379.00
1,16,1,6,11,1,16,16,10.00,22,22,15,1,631,734.00,506.00
11,6,1,1,16,6,16,11,0.00,22,22,22,22,631,677.00,479.00
1,11,6,1,6,1,16,1,2.00,8,8,8,22,631,490.00,357.00
6,16,1,6,11,6,11,11,8.00,8,15,8,1,631,581.00,429.00
16,1,16,6,1,1,16,11,2.00,15,1,8,8,631,716.00,511.00
16,6,6,11,6,6,11,11,6.00,8,8,22,1,631,653.00,475.00
16,1,6,11,1,1,1,6,4.00,22,1,22,8,631,393.00,257.00
1,6,16,16,1,11,6,6,0.00,1,15,8,8,631,621.00,455.00
11,16,16,11,11,1,6,1,4.00,22,22,22,15,631,555.00,380.00
1,16,6,6,6,16,11,11,10.00,22,22,22,8,631,718.00,529.00
1,1,1,1,1,1,1,16,0.00,8,15,8,15,631,426.00,256.00
16,11,11,6,11,11,11,11,8.00,22,1,15,22,631,729.00,533.00
16,6,11,16,1,1,1,1,10.00,15,22,22,22,631,421.00,271.00
11,16,16,11,6,11,11,16,2.00,1,22,15,8,631,876.00,644.00
6,1,16,6,16,16,6,11,4.00,1,22,15,15,631,688.00,525.00
11,11,1,16,16,1,1,11,10.00,15,8,15,1,631,599.00,389.00
11,1,16,16,6,1,6,6,10.00,15,22,15,15,631,586.00,406.00
16,16,1,6,16,16,1,11,10.00,15,8,22,22,631,567.00,441.00
1,6,16,6,11,6,6,16,0.00,1,8,15,1,631,723.00,503.00
1,16,11,16,6,11,1,6,6.00,8,8,15,8,631,583.00,408.00
11,11,11,6,1,1,16,1,4.00,22,8,1,8,631,568.00,400.00
6,1,16,6,16,16,6,11,4.00,1,8,15,8,631,670.00,524.00
6,1,11,11,6,1,6,6,2.00,8,22,15,1,631,474.00,331.00
11,6,11,11,16,16,16,16,6.00,1,22,15,8,631,950.00,722.00
6,16,6,6,1,16,11,1,10.00,22,15,1,1,631,538.00,427.00
16,11,16,11,11,1,16,6,6.00,1,15,22,8,631,765.00,560.00
1,1,1,6,11,6,1,11,8.00,15,1,1,1,631,422.00,289.00
11,6,6,16,16,11,11,16,4.00,1,8,15,22,631,919.00,641.00
1,1,1,1,1,1,1,1,0.00,1,15,1,15,631,96.00,68.00
16,1,11,16,6,16,1,1,8.00,8,8,15,22,631,492.00,391.00
16,16,6,6,11,16,11,16,8.00,8,15,22,22,631,816.00,618.00
11,6,6,1,1,16,1,1,8.00,1,1,15,8,631,301.00,247.00
16,6,6,11,16,11,6,1,8.00,22,1,1,22,631,480.00,377.00
6,6,16,1,1,16,11,6,10.00,22,15,15,15,631,661.00,487.00
6,6,6,16,16,6,1,11,10.00,1,8,8,8,631,658.00,430.00
6,1,6,1,1,6,6,11,8.00,15,1,8,22,631,435.00,309.00
6,1,6,6,1,16,16,6,8.00,8,8,15,8,631,653.00,493.00
11,6,6,1,6,1,6,1,6.00,15,22,22,15,631,323.00,217.00
11,16,16,16,11,6,6,1,0.00,22,1,22,22,631,616.00,438.00
6,16,6,16,11,6,1,11,6.00,22,22,22,8,631,642.00,435.00
6,6,6,6,6,6,1,1,10.00,15,22,8,1,631,270.00,204.00
1,16,16,11,6,11,6,11,10.00,15,15,1,15,631,695.00,505.00
1,11,6,6,16,16,11,11,6.00,1,15,8,15,631,698.00,538.00
1,1,11,11,1,6,11,1,10.00,15,8,15,22,631,529.00,362.00
6,11,1,1,6,1,16,1,8.00,8,15,8,1,631,431.00,312.00
11,1,6,6,11,1,1,6,10.00,1,8,15,1,631,343.00,229.00
16,6,11,1,6,6,16,1,6.00,15,15,15,1,631,575.00,425.00
11,6,16,1,16,16,11,1,2.00,1,22,22,1,631,625.00,502.00
6,1,16,6,1,11,6,6,0.00,22,8,22,22,631,563.00,397.00
6,16,16,6,6,1,11,6,8.00,1,1,8,1,631,589.00,444.00
6,11,11,16,11,6,6,1,0.00,22,1,22,22,631,546.00,390.00
1,1,11,11,16,11,1,11,10.00,15,8,15,15,631,628.00,429.00
11,11,1,16,16,1,1,6,0.00,8,22,22,8,631,514.00,328.00
11,1,6,1,16,6,6,16,4.00,1,22,15,22,631,600.00,421.00
16,1,16,11,6,6,11,11,6.00,15,1,22,1,631,727.00,529.00
1,11,6,16,16,11,16,1,10.00,22,22,1,15,631,724.00,525.00
1,16,1,11,11,6,1,11,8.00,15,22,22,1,631,530.00,360.00
1,6,1,1,16,16,11,11,8.00,15,1,8,22,631,605.00,473.00
6,6,6,1,1,6,6,11,8.00,22,1,15,22,631,464.00,322.00
16,6,11,6,6,1,1,16,6.00,8,15,8,8,631,604.00,383.00
16,16,16,6,6,16,16,1,10.00,1,15,1,1,631,737.00,591.00
6,6,16,1,1,16,11,6,10.00,22,8,1,8,631,633.00,475.00
11,16,6,16,6,16,11,11,6.00,8,1,1,22,631,800.00,602.00
6,11,16,11,11,6,1,11,6.00,22,22,22,8,631,627.00,433.00
1,11,6,1,16,16,6,11,0.00,8,22,22,15,631,596.00,456.00
16,11,6,6,16,6,1,11,10.00,22,15,1,1,631,486.00,365.00
11,11,11,16,6,11,11,11,10.00,1,1,15,1,631,800.00,577.00
16,11,6,11,16,11,16,1,8.00,15,1,1,8,631,664.00,511.00
6,16,6,6,1,11,1,6,8.00,22,15,15,1,631,397.00,301.00
6,16,6,11,6,1,16,11,0.00,1,8,8,8,631,699.00,504.00
1,1,1,1,1,1,16,11,2.00,1,1,15,8,631,509.00,361.00
16,16,11,6,1,11,11,11,4.00,8,1,22,8,631,693.00,520.00
11,16,1,16,16,6,6,16,10.00,22,22,8,15,631,785.00,546.00
1,1,1,1,1,1,6,16,8.00,1,22,15,15,631,478.00,305.00
6,6,16,6,6,6,11,11,6.00,8,8,22,1,631,692.00,508.00
1,11,6,6,1,6,11,1,10.00,15,1,15,8,631,448.00,320.00
11,11,6,16,1,1,11,6,0.00,15,8,15,22,631,589.00,414.00
1,11,6,6,1,6,11,1,10.00,22,22,1,8,631,462.00,318.00
6,6,6,1,1,6,6,11,8.00,8,15,1,1,631,429.00,312.00
11,6,16,16,6,6,16,11,4.00,8,15,1,15,631,863.00,617.00
6,11,1,16,16,1,1,11,10.00,15,8,15,8,631,601.00,380.00
11,16,6,1,6,6,1,1,0.00,22,15,15,22,631,293.00,217.00
6,16,16,16,11,6,6,16,0.00,22,1,1,8,631,877.00,593.00
1,16,6,6,6,16,11,6,4.00,1,1,22,1,631,603.00,468.00
1,16,16,6,16,6,16,11,8.00,22,22,22,15,631,875.00,623.00
11,1,11,11,11,16,6,16,0.00,8,22,22,8,631,806.00,590.00
16,6,6,16,11,1,1,16,0.00,8,8,8,1,631,734.00,461.00
6,6,11,6,11,11,16,1,8.00,22,22,15,15,631,683.00,488.00
1,1,1,1,1,1,1,1,6.00,1,8,8,1,631,82.00,59.00
11,11,11,16,11,6,1,6,4.00,15,8,1,1,631,556.00,383.00
11,1,16,1,6,6,6,16,6.00,8,1,22,22,631,661.00,465.00
16,11,6,6,1,16,6,16,8.00,8,15,1,8,631,677.00,518.00
1,1,1,1,1,1,1,1,0.00,1,15,8,1,631,89.00,66.00
1,1,1,1,16,11,6,16,8.00,1,8,15,1,631,573.00,416.00
6,16,11,1,6,16,11,11,0.00,22,8,1,8,631,693.00,522.00
1,16,11,16,11,16,6,1,8.00,8,1,8,22,631,598.00,463.00
11,6,1,1,11,1,1,16,10.00,22,22,15,22,631,469.00,306.00
1,1,6,16,16,11,6,16,10.00,1,1,1,1,631,832.00,561.00
6,1,11,6,16,16,11,6,0.00,1,22,8,22,631,667.00,507.00
6,16,6,6,1,11,1,6,8.00,1,1,15,8,631,402.00,297.00
6,16,6,6,1,1,6,6,0.00,8,8,8,8,631,396.00,278.00
6,11,16,11,6,16,16,11,6.00,8,8,22,8,631,910.00,681.00
11,6,11,11,6,16,11,11,6.00,8,1,1,22,631,741.00,570.00
16,1,11,11,1,16,6,6,10.00,8,15,8,15,631,570.00,448.00
11,16,11,6,11,6,11,6,2.00,1,8,8,22,631,618.00,453.00
1,16,16,16,1,1,6,16,2.00,8,15,22,1,631,831.00,533.00
16,16,6,16,16,16,1,1,6.00,8,15,22,8,631,526.00,423.00
11,16,1,16,16,6,16,11,6.00,22,8,8,15,631,792.00,587.00
6,11,1,11,11,1,1,1,10.00,22,8,15,8,631,274.00,195.00
1,16,11,1,11,1,11,6,6.00,8,1,22,8,631,533.00,403.00
11,11,1,1,1,11,11,11,4.00,8,8,15,15,631,550.00,410.00
16,6,1,6,16,16,6,11,10.00,15,1,15,8,631,585.00,475.00
16,6,6,16,11,16,6,16,0.00,8,22,1,15,631,847.00,621.00
16,6,1,16,11,6,1,11,6.00,22,22,22,8,631,615.00,413.00
11,16,6,16,6,1,1,1,4.00,22,1,1,22,631,381.00,260.00
11,6,16,6,1,6,1,11,10.00,8,8,22,8,631,545.00,371.00
11,6,11,11,6,16,16,11,6.00,1,22,8,1,631,845.00,636.00
11,6,1,16,6,6,6,11,2.00,22,22,1,22,631,628.00,436.00
16,16,16,16,16,1,1,16,6.00,8,15,1,8,631,832.00,535.00
1,11,6,6,1,11,6,16,8.00,15,15,8,8,631,637.00,453.00
11,16,11,16,16,6,11,1,10.00,15,8,15,22,631,669.00,481.00
6,6,11,6,11,11,16,16,0.00,1,15,15,15,631,855.00,628.00
16,6,11,16,1,6,11,1,8.00,22,15,15,15,631,606.00,423.00
16,16,11,11,1,1,16,11,6.00,1,8,1,22,631,751.00,534.00
16,1,1,16,16,16,16,6,0.00,22,22,8,8,631,759.00,595.00
11,16,1,6,6,16,11,11,0.00,22,8,1,8,631,648.00,509.00
1,6,1,1,16,16,11,11,6.00,22,15,15,15,631,626.00,480.00
1,11,6,1,1,6,1,16,2.00,1,22,15,22,631,520.00,331.00
6,1,11,6,16,16,6,16,10.00,22,8,22,22,631,755.00,559.00
11,11,6,1,16,6,1,6,6.00,22,15,15,22,631,378.00,274.00
16,11,16,16,1,1,11,1,0.00,1,1,8,1,631,580.00,434.00
6,11,16,11,6,16,11,11,6.00,8,8,15,8,631,808.00,608.00
11,6,6,1,1,16,16,6,8.00,8,1,1,22,631,626.00,480.00
6,16,16,16,11,6,6,1,0.00,22,22,8,15,631,611.00,432.00
1,11,6,6,11,16,16,11,8.00,22,1,8,15,631,780.00,581.00
16,16,1,11,6,11,6,11,6.00,8,1,1,1,631,604.00,452.00
16,16,6,6,11,16,11,16,8.00,8,8,8,8,631,781.00,611.00
16,6,6,11,1,1,16,11,2.00,15,1,15,22,631,692.00,484.00
1,11,6,6,1,6,11,1,10.00,15,8,15,15,631,462.00,320.00
11,6,1,1,1,11,1,6,4.00,8,1,15,22,631,307.00,229.00
6,6,6,16,16,11,6,16,8.00,8,15,22,22,631,862.00,588.00
11,11,6,6,16,11,11,16,4.00,8,1,22,15,631,779.00,571.00
6,1,6,6,6,1,11,6,8.00,15,8,22,1,631,479.00,334.00
1,1,1,1,1,1,1,1,0.00,15,15,1,22,631,117.00,76.00
1,16,6,6,11,16,6,1,10.00,15,22,15,22,631,503.00,392.00
16,11,16,11,16,1,11,6,8.00,15,1,1,15,631,671.00,486.00
1,16,16,11,1,1,16,1,8.00,8,15,8,1,631,656.00,478.00
1,11,6,1,6,1,1,1,0.00,15,15,15,1,631,205.00,147.00
16,1,1,16,16,16,16,6,0.00,15,22,1,15,631,752.00,593.00
11,1,11,11,11,1,1,16,0.00,22,22,22,22,631,686.00,432.00
1,16,1,6,16,6,16,11,0.00,8,8,8,1,631,678.00,499.00
11,16,6,1,11,16,6,16,10.00,15,1,1,22,631,658.00,509.00
6,6,6,1,11,16,11,11,10.00,15,8,8,8,631,633.00,487.00
11,1,11,11,11,1,1,16,10.00,22,22,15,1,631,658.00,422.00
16,11,16,11,16,1,11,6,8.00,22,1,1,8,631,671.00,491.00
11,6,6,6,6,16,11,16,4.00,1,15,22,22,631,764.00,575.00
1,16,16,16,16,6,1,6,10.00,22,8,1,1,631,594.00,419.00
16,16,11,1,11,1,11,6,6.00,8,8,15,15,631,555.00,412.00
1,16,6,16,16,1,16,6,10.00,15,22,15,15,631,741.00,515.00
11,16,16,11,11,1,6,1,2.00,1,8,1,8,631,492.00,372.00
6,1,11,11,1,6,16,16,10.00,22,22,22,8,631,843.00,585.00
6,6,11,6,11,1,11,6,10.00,15,22,22,1,631,573.00,402.00
11,11,16,16,16,11,16,1,8.00,22,15,15,15,631,841.00,605.00
16,6,16,11,11,11,16,6,4.00,8,1,8,22,631,813.00,599.00
6,1,16,11,16,16,11,11,2.00,1,22,1,22,631,815.00,616.00
11,11,16,16,16,1,11,6,10.00,15,8,1,8,631,706.00,508.00
16,11,1,1,16,16,16,6,2.00,15,22,22,1,631,673.00,544.00
11,16,11,6,11,6,6,11,10.00,15,8,15,15,631,607.00,441.00
11,11,1,16,16,1,1,6,10.00,8,15,8,15,631,500.00,322.00
11,1,11,1,16,11,6,6,2.00,1,8,15,15,631,488.00,378.00
11,6,16,11,11,11,1,16,4.00,22,8,1,15,631,767.00,519.00
11,1,16,1,6,6,6,16,6.00,1,1,22,1,631,647.00,464.00
6,1,16,6,6,6,11,6,0.00,15,8,1,1,631,593.00,435.00
11,16,1,1,6,11,1,1,8.00,1,22,8,1,631,272.00,234.00
1,16,11,1,1,11,16,16,2.00,1,15,15,8,631,803.00,593.00
6,1,11,11,11,6,11,16,4.00,15,15,8,8,631,782.00,552.00
11,1,11,16,6,1,6,6,2.00,8,8,15,8,631,558.00,378.00
1,1,1,16,1,1,11,1,8.00,1,1,1,1,631,407.00,287.00
1,1,16,11,16,1,6,11,4.00,15,15,8,15,631,644.00,443.00
1,1,1,1,1,1,1,1,2.00,8,1,15,8,631,96.00,66.00
16,1,11,6,11,1,11,11,0.00,1,22,22,1,631,624.00,452.00
16,6,6,11,16,11,6,1,8.00,22,22,8,1,631,487.00,384.00
16,6,6,6,16,6,6,6,8.00,22,22,1,22,631,491.00,359.00
16,16,1,11,1,11,1,16,4.00,15,1,8,15,631,678.00,454.00
1,1,1,1,11,1,16,1,4.00,15,15,22,1,631,432.00,297.00
11,1,6,11,16,1,6,11,0.00,8,22,22,15,631,601.00,407.00
1,1,1,1,1,1,1,1,0.00,15,15,22,1,631,117.00,80.00
16,1,1,1,16,6,6,16,4.00,1,22,15,8,631,556.00,404.00
11,6,1,16,11,11,1,16,4.00,8,22,22,22,631,768.00,505.00
16,16,1,1,11,1,11,6,2.00,22,8,8,15,631,462.00,327.00
6,11,1,11,11,1,1,1,10.00,8,15,22,8,631,302.00,198.00
16,6,6,16,11,16,6,16,0.00,8,22,1,22,631,854.00,620.00
6,6,11,6,11,1,1,1,8.00,22,1,22,8,631,307.00,220.00
1,16,16,6,16,6,16,11,8.00,15,22,8,1,631,849.00,617.00
11,1,11,11,6,6,16,16,10.00,1,1,22,1,631,852.00,612.00
11,16,16,11,6,11,11,1,10.00,15,22,1,1,631,663.00,493.00
6,6,6,11,16,6,1,11,10.00,22,15,22,22,631,583.00,393.00
16,16,1,6,11,11,16,6,4.00,8,1,15,1,631,643.00,495.00
11,6,11,6,16,6,11,6,2.00,8,22,22,15,631,631.00,457.00
1,6,1,11,11,11,11,6,0.00,22,22,1,8,631,567.00,430.00
11,11,6,16,1,1,11,11,10.00,15,15,22,1,631,679.00,471.00
1,1,1,6,11,1,16,6,10.00,15,8,15,15,631,537.00,367.00
6,1,1,1,11,6,1,6,6.00,1,15,22,8,631,269.00,199.00
1,16,1,1,16,1,1,6,8.00,1,1,22,1,631,282.00,199.00
6,1,16,6,6,6,11,6,0.00,1,8,15,22,631,610.00,439.00
6,11,1,6,1,1,1,16,8.00,15,8,1,22,631,526.00,316.00
6,6,6,1,11,16,11,11,10.00,1,8,22,22,631,647.00,494.00
11,6,16,1,11,11,16,11,8.00,8,22,15,1,631,809.00,603.00
6,6,6,16,16,11,6,16,4.00,1,15,8,15,631,848.00,579.00
16,6,11,6,1,16,11,6,10.00,22,8,1,22,631,647.00,483.00
1,1,1,1,1,1,1,1,10.00,15,8,15,8,631,110.00,71.00
16,6,6,6,16,6,6,6,8.00,22,22,22,22,631,512.00,366.00
11,6,1,6,16,6,16,1,2.00,15,22,8,8,631,547.00,411.00
11,16,6,16,11,6,1,11,8.00,1,8,15,1,631,668.00,437.00
6,16,16,1,16,11,6,16,6.00,22,22,22,8,631,753.00,547.00
1,16,1,11,16,11,16,1,10.00,22,15,15,15,631,656.00,479.00
6,6,11,6,11,11,16,1,8.00,22,22,1,15,631,669.00,483.00
6,16,16,16,11,6,6,1,6.00,22,15,1,15,631,597.00,427.00
16,6,6,11,16,6,1,11,4.00,22,1,22,22,631,607.00,409.00
6,1,1,16,11,16,16,6,0.00,1,8,1,22,631,706.00,560.00
16,1,1,16,16,6,6,11,6.00,8,1,15,22,631,689.00,465.00
11,11,11,11,1,6,6,16,6.00,15,8,1,1,631,725.00,490.00
11,1,16,1,6,6,16,16,2.00,22,22,1,15,631,814.00,572.00
11,6,16,6,16,1,1,1,8.00,22,15,15,15,631,391.00,274.00
6,6,11,6,11,11,16,1,8.00,8,8,1,22,631,648.00,486.00
16,6,1,1,1,11,1,6,4.00,8,1,15,15,631,315.00,235.00
1,16,11,16,6,11,1,6,2.00,15,8,1,1,631,566.00,401.00
1,11,11,16,16,16,16,1,6.00,22,8,1,8,631,788.00,596.00
1,6,6,11,16,11,16,1,0.00,15,1,15,8,631,648.00,480.00
11,16,1,6,11,1,1,11,4.00,22,8,8,8,631,437.00,290.00
16,6,16,6,11,16,16,16,10.00,8,1,1,22,631,931.00,701.00
6,11,16,11,6,16,11,11,6.00,15,1,8,15,631,808.00,603.00
6,16,1,6,11,6,11,11,2.00,8,22,1,8,631,588.00,431.00
11,11,6,16,1,1,11,6,0.00,22,8,8,22,631,589.00,408.00
16,1,11,11,1,16,11,6,2.00,22,22,22,8,631,693.00,515.00
11,16,16,11,11,1,6,16,10.00,1,8,8,22,631,817.00,533.00
6,6,6,6,6,16,11,6,4.00,22,22,22,15,631,630.00,470.00
1,1,1,1,1,1,1,1,8.00,1,15,15,1,631,96.00,72.00
11,11,1,16,16,1,16,1,10.00,1,8,15,15,631,593.00,430.00
16,11,1,11,1,16,1,11,10.00,15,8,15,15,631,573.00,426.00
6,1,1,16,1,1,6,6,6.00,22,8,22,22,631,480.00,317.00
11,16,11,11,11,6,6,11,6.00,8,1,15,22,631,694.00,479.00
16,16,1,11,1,11,1,16,4.00,22,8,15,8,631,664.00,454.00
6,6,11,6,6,11,6,6,6.00,22,15,8,1,631,519.00,382.00
1,11,6,16,11,6,1,11,6.00,22,22,22,8,631,630.00,420.00
16,6,11,1,6,11,1,16,10.00,1,15,8,1,631,579.00,413.00
16,11,6,11,6,11,16,1,6.00,15,8,15,22,631,669.00,488.00
16,6,11,1,6,6,11,11,10.00,1,1,15,1,631,591.00,447.00
11,16,11,6,11,6,6,6,10.00,22,22,15,22,631,565.00,394.00
1,1,1,1,1,1,1,1,0.00,8,15,15,1,631,103.00,72.00
11,16,6,1,6,16,11,1,10.00,1,22,15,8,631,525.00,426.00
6,16,6,6,1,6,1,1,0.00,22,15,8,8,631,292.00,207.00
16,11,16,16,1,16,16,1,10.00,1,8,15,15,631,808.00,606.00
16,16,1,11,1,1,11,1,0.00,22,15,15,22,631,468.00,311.00
1,16,11,16,11,1,6,16,4.00,15,1,8,22,631,840.00,537.00
1,1,16,16,16,1,1,16,6.00,8,15,8,15,631,801.00,504.00
16,16,16,6,6,16,6,11,0.00,8,22,22,15,631,726.00,547.00
16,11,6,6,16,16,16,1,10.00,1,15,8,8,631,666.00,539.00
11,16,16,11,6,11,1,16,10.00,22,22,15,1,631,758.00,525.00
11,6,1,1,11,1,11,6,10.00,15,22,22,22,631,455.00,311.00
16,6,16,6,11,16,16,16,10.00,15,1,8,1,631,938.00,708.00
16,16,1,11,1,11,6,1,8.00,8,22,15,8,631,426.00,334.00
16,16,11,16,6,1,11,11,4.00,22,8,15,1,631,737.00,524.00
16,6,1,6,11,16,6,11,8.00,1,15,8,15,631,563.00,460.00
6,1,16,11,1,16,11,1,4.00,22,1,1,22,631,640.00,470.00
16,16,1,6,11,1,11,6,6.00,15,15,1,1,631,485.00,352.00
6,16,6,11,11,6,1,11,8.00,15,22,22,1,631,567.00,388.00
1,11,6,1,1,1,6,6,0.00,8,1,15,8,631,336.00,238.00
16,11,1,11,16,6,11,16,2.00,1,22,15,8,631,771.00,555.00
16,11,11,16,6,1,11,16,10.00,22,22,15,1,631,833.00,572.00
6,11,11,11,6,6,1,1,4.00,8,8,8,15,631,368.00,272.00
6,6,16,16,16,11,6,16,10.00,1,1,15,22,631,946.00,630.00
1,6,1,1,16,16,11,11,8.00,1,1,1,22,631,584.00,466.00
1,6,11,6,6,16,11,6,4.00,15,1,15,22,631,647.00,474.00
11,11,11,6,6,1,6,1,6.00,15,22,22,15,631,428.00,290.00
6,1,6,6,16,1,16,16,0.00,1,8,1,8,631,721.00,521.00
16,11,6,1,11,16,11,6,4.00,22,22,22,15,631,630.00,489.00
1,16,6,6,6,6,16,16,8.00,1,8,1,22,631,771.00,559.00
1,16,11,16,6,11,1,1,8.00,22,1,1,22,631,460.00,345.00
6,6,11,6,11,1,1,6,6.00,22,8,1,8,631,359.00,253.00
16,11,1,11,1,11,16,1,10.00,8,8,15,8,631,583.00,439.00
11,11,11,6,1,1,16,1,4.00,1,8,15,15,631,568.00,413.00
1,1,1,1,1,16,6,16,4.00,8,8,1,15,631,546.00,417.00
1,1,1,1,1,1,1,6,4.00,1,1,1,22,631,207.00,123.00
6,16,11,1,16,6,16,11,8.00,1,1,22,1,631,743.00,561.00
1,16,16,11,1,6,11,6,6.00,22,22,15,1,631,693.00,487.00
16,16,6,16,1,16,16,6,8.00,8,8,15,8,631,788.00,600.00
11,6,1,1,16,16,1,1,6.00,8,15,22,1,631,371.00,292.00
1,1,1,1,1,11,11,1,0.00,22,8,8,1,631,363.00,293.00
1,1,1,6,1,1,11,11,8.00,22,15,1,8,631,480.00,331.00
11,1,6,16,16,16,6,1,10.00,22,8,1,15,631,548.00,440.00
16,6,11,6,11,11,1,1,0.00,22,1,15,22,631,394.00,302.00
6,6,11,6,6,6,6,16,8.00,15,8,15,1,631,664.00,459.00
1,1,11,6,6,16,6,6,6.00,22,15,8,8,631,537.00,404.00
1,1,1,1,1,1,1,16,6.00,8,1,22,1,631,440.00,261.00
1,16,1,11,6,16,16,6,10.00,22,8,1,15,631,705.00,527.00
6,1,11,6,16,16,6,16,4.00,22,8,15,8,631,734.00,555.00
11,16,1,16,16,6,16,11,8.00,22,15,15,22,631,813.00,589.00
16,6,11,1,6,6,16,1,6.00,15,1,22,15,631,582.00,433.00
16,6,1,11,11,16,6,1,8.00,8,8,15,22,631,499.00,384.00
1,11,16,1,1,6,6,6,10.00,15,22,1,8,631,485.00,352.00
16,16,6,16,16,1,16,11,2.00,15,22,22,15,631,828.00,587.00
16,16,11,1,1,6,6,6,10.00,15,1,15,22,631,472.00,341.00
1,1,11,11,6,11,1,6,8.00,1,22,15,1,631,477.00,342.00
1,1,1,1,1,1,1,1,4.00,8,22,1,15,631,110.00,76.00
1,6,16,16,6,6,16,11,4.00,8,15,1,15,631,853.00,606.00
6,6,16,16,1,11,6,6,4.00,22,1,22,8,631,637.00,471.00
11,1,11,11,1,16,11,6,2.00,1,8,8,22,631,653.00,495.00
16,16,11,6,1,6,1,11,10.00,1,22,8,1,631,507.00,354.00
11,6,16,11,1,1,16,11,0.00,22,22,8,8,631,794.00,549.00
11,6,16,1,16,16,16,1,2.00,15,22,22,22,631,755.00,571.00
11,6,1,6,16,6,16,1,0.00,22,8,22,22,631,568.00,409.00
16,11,11,6,1,1,1,16,8.00,1,8,22,22,631,641.00,389.00
6,11,1,6,11,11,11,16,10.00,15,1,15,8,631,703.00,522.00
11,11,11,6,16,1,16,6,2.00,1,8,8,22,631,678.00,491.00
11,6,1,16,11,11,16,6,10.00,22,8,1,15,631,705.00,539.00
6,11,1,1,6,1,6,11,4.00,8,22,15,15,631,414.00,276.00
1,11,1,6,6,11,1,11,4.00,22,22,22,1,631,448.00,338.00
16,6,6,11,16,6,6,16,4.00,1,22,15,22,631,765.00,519.00
16,1,1,1,16,16,6,6,10.00,1,22,1,1,631,475.00,391.00
1,11,6,6,11,16,11,16,8.00,8,8,15,22,631,772.00,582.00
6,6,11,6,11,11,1,1,10.00,8,15,22,22,631,391.00,292.00
6,11,16,6,1,1,16,1,8.00,22,15,15,15,631,641.00,447.00
16,1,1,16,16,16,16,1,0.00,1,8,8,15,631,666.00,532.00
6,16,1,11,16,11,16,6,0.00,1,8,1,22,631,691.00,528.00
16,16,16,6,11,6,6,1,0.00,8,8,8,22,631,520.00,388.00
6,16,1,6,11,6,11,11,2.00,8,22,15,1,631,595.00,434.00
11,11,16,16,16,1,6,11,2.00,22,22,1,22,631,735.00,501.00
16,16,1,16,11,1,16,11,0.00,1,15,8,15,631,748.00,538.00
6,11,1,6,11,16,16,11,0.00,8,8,1,15,631,726.00,561.00
16,11,6,11,6,11,11,11,10.00,1,1,22,1,631,702.00,522.00
11,11,11,6,1,16,6,16,8.00,22,1,1,15,631,714.00,532.00
16,6,11,11,16,16,6,1,4.00,1,8,22,1,631,551.00,448.00
16,6,6,11,16,6,11,16,8.00,8,15,22,22,631,817.00,573.00
11,11,6,6,16,11,1,11,4.00,22,15,1,15,631,520.00,401.00
6,6,11,11,6,6,6,16,0.00,1,15,22,22,631,774.00,506.00
16,1,16,6,16,1,1,1,4.00,8,8,8,15,631,353.00,266.00
1,6,1,11,6,6,11,16,6.00,8,22,1,8,631,695.00,490.00
1,1,16,16,11,11,11,11,10.00,15,15,22,1,631,816.00,595.00
1,16,16,16,1,1,11,1,0.00,22,15,15,22,631,643.00,430.00
11,6,16,6,16,1,1,1,8.00,8,22,22,8,631,384.00,286.00
1,16,11,16,6,11,1,6,0.00,8,1,1,22,631,590.00,401.00
1,1,16,11,16,1,11,1,4.00,22,8,1,8,631,568.00,400.00
11,11,11,1,11,6,1,16,0.00,22,22,22,15,631,574.00,398.00
16,16,1,6,11,11,16,6,2.00,8,8,8,8,631,646.00,497.00
6,1,16,6,6,16,11,1,4.00,8,15,22,1,631,615.00,474.00
16,16,6,16,16,16,1,1,6.00,1,8,22,22,631,526.00,421.00
1,11,1,6,6,6,1,1,10.00,15,22,1,15,631,241.00,183.00
6,6,16,16,6,6,16,11,4.00,22,1,22,22,631,886.00,630.00
6,16,16,16,11,6,6,1,0.00,8,15,1,15,631,583.00,425.00
1,16,6,6,1,6,1,16,2.00,22,8,22,22,631,605.00,382.00
1,1,1,1,1,1,1,11,4.00,8,15,22,8,631,313.00,192.00
1,16,6,16,16,16,1,1,6.00,8,15,22,1,631,490.00,399.00
16,1,16,11,16,1,11,1,2.00,8,1,1,22,631,576.00,417.00
1,6,6,6,11,11,1,1,0.00,22,1,15,22,631,329.00,250.00
1,1,1,1,16,6,16,1,6.00,15,8,1,8,631,461.00,348.00
1,1,1,1,1,1,1,1,0.00,8,1,15,15,631,103.00,71.00
1,1,1,1,1,16,11,11,4.00,15,22,15,8,631,559.00,426.00
11,6,1,16,6,6,1,16,8.00,1,22,8,1,631,700.00,449.00
1,1,1,16,6,1,6,11,0.00,1,15,8,15,631,602.00,381.00
16,11,16,16,1,1,11,1,0.00,22,1,1,22,631,615.00,426.00
16,6,1,16,6,1,1,1,4.00,22,15,15,22,631,365.00,234.00
16,6,6,6,6,1,1,1,8.00,8,8,1,22,631,238.00,172.00
11,6,16,6,16,1,11,6,8.00,15,22,1,8,631,625.00,451.00
6,1,1,1,11,6,1,6,4.00,8,1,15,1,631,253.00,193.00
1,1,1,1,1,1,1,1,0.00,1,22,1,8,631,96.00,71.00
1,1,1,1,1,1,1,6,0.00,8,8,22,1,631,193.00,126.00
16,6,11,1,11,11,16,6,4.00,8,1,8,22,631,683.00,513.00
16,16,1,11,1,6,11,16,0.00,1,15,15,15,631,750.00,515.00
16,6,11,1,16,6,6,11,10.00,8,8,8,22,631,550.00,405.00
11,16,1,11,11,16,11,11,8.00,1,15,1,15,631,696.00,563.00
6,6,11,1,6,1,1,11,8.00,1,15,8,15,631,413.00,273.00
1,1,11,6,6,1,6,16,8.00,1,15,8,8,631,631.00,412.00
16,1,6,11,1,1,1,6,0.00,15,8,15,1,631,379.00,249.00
11,6,6,16,16,11,11,1,10.00,15,22,22,22,631,645.00,469.00
11,16,16,11,6,11,11,1,8.00,1,1,1,1,631,628.00,497.00
11,11,1,16,16,1,1,11,4.00,1,15,8,8,631,606.00,382.00
1,1,16,6,11,6,11,16,10.00,15,8,15,15,631,762.00,551.00
1,16,6,6,6,16,11,6,4.00,22,22,22,8,631,648.00,485.00
1,1,1,6,11,1,16,6,6.00,1,15,22,15,631,537.00,374.00
16,11,1,6,11,1,16,1,4.00,8,8,15,15,631,510.00,362.00
11,6,1,11,1,6,11,1,6.00,8,1,22,8,631,433.00,317.00
1,16,16,6,6,16,11,11,0.00,22,8,1,8,631,778.00,577.00
1,1,11,1,6,16,6,16,10.00,22,22,8,15,631,656.00,482.00
11,1,11,11,6,16,11,11,6.00,8,1,1,22,631,730.00,562.00
6,11,1,1,11,11,1,1,0.00,22,1,15,22,631,291.00,230.00
11,1,11,16,11,1,11,1,2.00,8,1,1,22,631,546.00,390.00
1,1,16,11,16,6,11,16,2.00,15,15,8,8,631,827.00,589.00
11,1,11,16,11,1,6,11,4.00,22,8,1,1,631,664.00,445.00
1,1,1,1,11,6,16,6,6.00,15,15,22,22,631,553.00,387.00
1,1,1,1,1,1,1,6,0.00,15,22,1,22,631,200.00,129.00
1,11,1,11,11,11,1,6,10.00,1,1,8,8,631,450.00,323.00
16,6,11,11,1,1,1,1,0.00,15,15,15,1,631,320.00,226.00
6,1,6,6,6,1,6,11,10.00,15,8,15,15,631,488.00,326.00
6,6,6,6,1,11,1,6,4.00,8,1,15,15,631,382.00,280.00
11,6,1,1,1,11,1,11,0.00,1,15,8,15,631,383.00,286.00
1,11,6,16,6,6,1,11,8.00,22,22,1,15,631,601.00,399.00
1,16,1,11,16,11,16,1,10.00,15,22,22,1,631,649.00,483.00
11,6,1,16,11,11,1,16,4.00,8,22,22,15,631,761.00,505.00
16,1,1,11,6,1,11,6,6.00,15,15,15,22,631,496.00,350.00
6,16,6,6,1,11,1,6,8.00,1,8,1,1,631,374.00,289.00
1,1,1,1,1,1,1,1,4.00,1,15,1,1,631,82.00,61.00
1,16,6,1,1,6,6,11,10.00,8,8,8,22,631,475.00,331.00
11,16,1,16,16,6,6,6,6.00,8,1,8,15,631,580.00,416.00
16,16,1,6,6,11,16,11,6.00,22,8,15,8,631,722.00,537.00
11,16,11,6,16,16,6,16,10.00,22,15,15,22,631,788.00,591.00
6,1,11,6,11,6,6,6,10.00,8,15,8,15,631,480.00,345.00
1,1,16,6,16,16,16,11,8.00,22,1,1,1,631,853.00,637.00
1,11,6,6,11,16,1,16,2.00,1,22,15,15,631,668.00,474.00
6,1,1,1,11,6,6,6,10.00,15,8,22,22,631,366.00,265.00
11,1,16,16,6,1,1,6,10.00,22,8,15,15,631,541.00,351.00
11,16,11,11,16,16,6,1,10.00,22,1,1,15,631,583.00,455.00
16,6,6,1,6,6,1,1,0.00,22,15,8,8,631,247.00,200.00
1,11,1,16,16,1,1,6,8.00,1,8,15,22,631,504.00,309.00
1,16,1,1,16,1,1,11,2.00,15,22,22,15,631,381.00,257.00
1,11,6,6,1,6,16,6,10.00,15,22,15,15,631,636.00,438.00
16,16,6,16,16,1,11,1,10.00,15,8,15,22,631,589.00,416.00
16,16,6,6,1,1,16,1,8.00,8,15,8,1,631,531.00,383.00
1,1,16,6,6,6,16,6,4.00,22,1,22,15,631,714.00,503.00
16,11,6,6,16,16,6,11,0.00,1,8,1,22,631,630.00,504.00
6,11,16,1,6,11,11,6,0.00,8,8,8,15,631,628.00,478.00
6,6,11,11,6,6,1,1,4.00,8,8,22,15,631,367.00,271.00
1,16,11,16,6,11,1,6,6.00,8,8,15,15,631,590.00,407.00
1,16,11,1,11,1,11,6,6.00,22,8,1,8,631,533.00,383.00
16,6,6,16,16,11,11,1,8.00,1,1,1,1,631,573.00,466.00
11,6,1,6,16,16,6,11,10.00,15,1,8,15,631,573.00,468.00
11,1,11,11,1,11,16,16,0.00,22,8,15,22,631,876.00,628.00
16,16,6,6,6,6,11,11,6.00,15,1,22,1,631,632.00,463.00
11,6,1,6,16,6,16,1,2.00,22,22,22,1,631,561.00,409.00
6,11,16,16,11,16,1,11,6.00,15,22,22,22,631,773.00,550.00
16,1,6,11,1,1,16,11,10.00,15,8,1,22,631,670.00,469.00
6,6,6,1,11,16,6,6,0.00,1,15,8,8,631,461.00,377.00
1,1,16,11,1,11,16,6,4.00,22,22,1,22,631,781.00,543.00
1,1,1,1,1,16,6,16,6.00,1,22,22,15,631,560.00,422.00
11,1,11,16,11,6,11,16,2.00,22,15,22,1,631,862.00,603.00
1,11,6,6,1,11,6,6,2.00,1,22,22,1,631,464.00,346.00
6,1,16,6,11,16,16,11,8.00,22,1,1,1,631,843.00,628.00
1,1,16,6,11,6,11,1,8.00,22,22,15,15,631,583.00,404.00
16,6,6,11,16,11,6,16,4.00,1,15,8,8,631,776.00,550.00
16,16,1,11,6,11,6,11,6.00,8,1,8,8,631,618.00,453.00
1,16,1,16,11,6,16,1,2.00,1,8,22,1,631,611.00,456.00
6,11,1,1,6,16,1,11,10.00,1,8,22,22,631,456.00,347.00
6,6,6,11,1,16,11,11,4.00,22,22,22,1,631,715.00,535.00
11,16,6,16,11,6,1,11,6.00,22,22,22,8,631,647.00,443.00
11,6,11,11,16,16,16,1,8.00,22,1,8,22,631,757.00,567.00
6,11,6,6,6,11,16,11,6.00,22,15,1,1,631,737.00,540.00
16,1,11,1,11,1,11,6,6.00,8,8,15,15,631,510.00,369.00
1,16,1,11,6,6,6,6,2.00,15,1,8,22,631,465.00,334.00
11,16,1,16,16,6,16,11,6.00,1,1,8,1,631,783.00,584.00
6,11,11,6,6,1,11,6,8.00,22,8,15,8,631,562.00,389.00
11,6,1,11,1,6,11,1,0.00,1,22,15,15,631,447.00,321.00
1,1,1,1,1,1,16,6,6.00,22,15,22,22,631,495.00,322.00
11,6,11,6,16,6,11,6,4.00,15,8,1,1,631,593.00,440.00
11,1,16,1,6,6,6,16,6.00,8,1,15,1,631,633.00,455.00
1,16,11,16,6,11,1,6,6.00,22,8,15,8,631,569.00,407.00
11,6,1,6,1,16,6,11,10.00,15,1,8,15,631,528.00,423.00
16,6,11,11,16,16,16,16,6.00,22,15,1,1,631,957.00,727.00
1,6,11,6,6,16,6,6,0.00,8,22,22,8,631,559.00,423.00
1,1,11,11,16,11,16,6,4.00,8,1,1,22,631,741.00,545.00
1,11,1,16,16,1,16,11,10.00,15,1,8,15,631,738.00,528.00
16,6,1,6,16,16,6,11,2.00,15,22,22,15,631,606.00,482.00
11,1,6,1,11,11,1,6,2.00,15,22,8,15,631,354.00,283.00
11,11,6,11,1,6,16,1,0.00,22,1,15,22,631,614.00,425.00
11,6,1,1,11,1,1,16,10.00,1,8,15,22,631,504.00,303.00
1,16,1,1,16,1,1,6,8.00,22,22,15,1,631,289.00,204.00
11,1,11,16,1,6,11,6,6.00,8,15,1,8,631,616.00,447.00
11,6,1,16,6,6,1,16,6.00,1,22,22,22,631,735.00,451.00
11,11,1,1,1,11,11,11,4.00,22,8,15,15,631,564.00,414.00
11,6,1,11,1,16,11,1,10.00,15,8,22,22,631,531.00,408.00
1,11,6,6,1,6,11,6,6.00,22,1,15,15,631,527.00,363.00
6,11,16,11,6,16,11,11,6.00,22,8,8,8,631,815.00,604.00
16,6,16,11,6,16,16,6,10.00,22,8,1,15,631,840.00,622.00
6,16,1,11,16,16,11,11,2.00,1,22,1,22,631,720.00,573.00
1,1,11,11,16,11,11,6,2.00,1,8,8,22,631,653.00,488.00
16,1,11,11,1,16,1,6,0.00,8,22,22,8,631,509.00,397.00
1,1,1,1,1,16,16,16,8.00,1,22,15,15,631,717.00,535.00
6,11,11,6,6,6,11,16,10.00,1,1,22,1,631,747.00,537.00
6,1,16,6,6,6,11,6,0.00,8,8,1,15,631,596.00,434.00
1,16,16,11,1,1,1,1,0.00,15,15,15,22,631,406.00,271.00
1,1,1,16,11,6,6,16,2.00,8,1,1,15,631,758.00,494.00
11,6,1,6,1,16,6,16,8.00,8,8,1,15,631,641.00,481.00
16,1,11,6,11,1,11,11,0.00,22,8,8,15,631,622.00,435.00
1,1,1,1,1,1,1,1,0.00,22,22,8,22,631,138.00,88.00
1,1,1,1,1,1,1,1,2.00,8,1,15,15,631,103.00,71.00
11,6,1,16,6,6,1,16,6.00,1,8,8,22,631,732.00,445.00
11,16,16,16,11,6,6,11,6.00,8,1,15,22,631,804.00,549.00
6,1,1,11,6,11,11,1,10.00,15,22,22,22,631,505.00,368.00
16,1,11,16,6,16,1,1,8.00,1,8,22,22,631,506.00,391.00
6,11,1,6,1,1,1,16,8.00,8,15,22,22,631,547.00,326.00
16,1,6,1,16,6,1,11,6.00,22,22,22,8,631,428.00,318.00
11,16,6,16,6,16,1,1,8.00,1,1,15,8,631,477.00,379.00
16,6,1,16,16,1,16,11,2.00,15,22,22,15,631,753.00,546.00
16,1,1,6,16,1,11,11,6.00,22,1,1,8,631,526.00,392.00
6,11,1,11,6,6,6,6,10.00,15,22,1,8,631,440.00,334.00
1,1,1,1,1,1,6,11,2.00,1,1,22,15,631,386.00,247.00
11,1,1,6,16,6,16,1,2.00,15,22,22,22,631,560.00,405.00
11,6,16,6,1,6,1,11,10.00,1,22,22,1,631,531.00,370.00
16,6,11,16,6,1,1,11,6.00,22,22,8,1,631,606.00,398.00
1,1,16,1,16,6,16,16,2.00,8,15,1,15,631,813.00,596.00
6,1,6,11,16,11,6,11,2.00,15,8,1,15,631,629.00,466.00
16,16,1,6,11,11,16,6,2.00,15,22,22,1,631,678.00,514.00
11,11,16,16,16,1,11,6,10.00,8,22,15,15,631,734.00,522.00
16,16,11,16,1,1,6,6,6.00,22,8,22,22,631,585.00,403.00
16,6,11,6,6,1,1,6,8.00,22,22,8,8,631,374.00,256.00
16,6,6,6,16,6,6,16,6.00,8,15,1,1,631,655.00,467.00
16,6,6,16,11,1,16,11,2.00,15,1,8,8,631,756.00,544.00
16,6,6,11,1,16,6,16,0.00,8,22,22,8,631,756.00,555.00
11,11,11,1,16,11,16,1,4.00,8,1,22,8,631,643.00,508.00
16,11,1,6,11,1,16,1,8.00,15,1,1,8,631,489.00,355.00
1,16,16,11,6,6,11,11,2.00,8,8,8,22,631,755.00,546.00
6,16,1,6,11,11,6,11,10.00,15,15,8,1,631,533.00,416.00
16,16,6,6,11,16,11,16,8.00,8,8,15,8,631,788.00,612.00
16,16,16,6,6,16,16,1,10.00,1,15,8,22,631,765.00,592.00
11,16,16,11,11,1,6,16,10.00,1,22,8,15,631,796.00,528.00
11,6,1,16,1,16,6,6,10.00,22,22,22,8,631,590.00,448.00
11,1,11,16,16,11,1,16,4.00,1,8,15,15,631,847.00,551.00
11,6,16,11,6,11,16,1,8.00,22,8,15,8,631,742.00,535.00
6,1,11,11,6,1,6,6,4.00,1,15,22,1,631,478.00,338.00
1,6,6,6,1,11,11,11,6.00,8,8,15,15,631,610.00,444.00
6,1,1,1,11,6,1,6,10.00,22,1,15,8,631,260.00,200.00
16,16,6,6,6,6,16,16,4.00,1,22,8,22,631,807.00,577.00
16,1,1,16,16,6,11,16,6.00,22,8,1,22,631,819.00,582.00
11,1,11,16,11,1,11,11,10.00,1,1,22,22,631,773.00,518.00
6,11,1,6,11,16,11,11,0.00,15,1,1,8,631,629.00,503.00
11,11,11,1,16,11,16,1,8.00,15,22,8,1,631,650.00,495.00
16,1,1,16,16,6,11,16,8.00,1,1,15,15,631,854.00,581.00
11,16,6,11,1,6,6,1,2.00,1,1,22,22,631,425.00,311.00
1,11,1,6,6,6,6,11,4.00,15,22,22,8,631,491.00,349.00
1,6,16,16,1,11,6,6,4.00,22,1,15,15,631,632.00,460.00
11,1,16,1,6,6,1,1,0.00,15,15,15,1,631,320.00,248.00
1,16,16,11,1,1,6,16,6.00,15,8,1,1,631,735.00,490.00
1,1,11,6,1,11,6,6,2.00,1,22,22,1,631,484.00,358.00
6,1,16,11,16,16,11,11,6.00,1,15,8,15,631,808.00,613.00
11,1,11,1,16,11,11,16,8.00,8,15,22,22,631,751.00,546.00
16,11,1,11,11,16,6,16,8.00,1,8,15,1,631,768.00,564.00
6,16,1,1,16,11,16,6,0.00,1,8,15,1,631,608.00,477.00
16,6,6,1,16,6,1,6,0.00,1,1,8,1,631,323.00,257.00
11,11,16,11,11,6,16,16,4.00,1,8,15,22,631,929.00,677.00
11,16,11,16,16,11,6,16,8.00,15,15,15,8,631,894.00,624.00
16,6,1,11,11,16,6,1,8.00,8,22,22,8,631,516.00,394.00
11,16,16,11,11,1,6,16,10.00,22,1,22,15,631,810.00,541.00
1,1,1,1,1,6,1,6,6.00,1,15,8,22,631,234.00,163.00
6,6,6,16,6,6,11,11,2.00,15,22,15,1,631,690.00,504.00
11,11,11,1,11,6,1,11,8.00,8,15,8,15,631,461.00,332.00
1,1,11,11,1,6,1,16,8.00,1,15,22,1,631,678.00,422.00
6,11,16,1,1,1,11,1,8.00,8,22,1,22,631,492.00,356.00
6,6,11,11,11,6,1,16,0.00,22,15,22,15,631,716.00,464.00
11,11,11,6,6,1,16,1,8.00,22,8,1,1,631,576.00,416.00
1,16,11,11,1,16,6,6,10.00,22,15,22,15,631,628.00,457.00
6,11,16,6,6,1,16,6,0.00,1,8,22,1,631,690.00,512.00
6,6,6,1,11,6,6,6,10.00,1,8,22,15,631,405.00,301.00
6,6,16,16,1,16,11,11,8.00,15,15,8,15,631,832.00,614.00
6,6,6,1,6,1,11,6,10.00,15,15,1,22,631,457.00,308.00
16,16,11,11,16,1,1,6,6.00,8,22,8,8,631,482.00,339.00
6,16,6,16,16,16,1,16,2.00,22,1,8,15,631,841.00,582.00
16,16,1,6,16,16,1,6,10.00,1,1,8,8,631,459.00,375.00
1,1,6,6,6,11,11,11,6.00,15,15,8,15,631,617.00,447.00
16,16,1,6,6,11,16,6,10.00,1,15,22,8,631,645.00,491.00
11,11,16,11,6,16,1,6,0.00,15,8,22,1,631,569.00,445.00
16,11,1,11,11,6,1,16,2.00,22,15,22,22,631,673.00,442.00
1,1,16,16,11,11,11,1,2.00,1,15,8,22,631,670.00,490.00
6,16,11,6,6,16,16,6,2.00,15,1,15,15,631,770.00,575.00
1,1,6,6,16,6,1,11,0.00,1,15,22,22,631,514.00,336.00
6,11,11,11,1,1,6,6,4.00,8,22,15,15,631,499.00,342.00
11,6,11,16,6,1,11,16,6.00,1,1,8,22,631,874.00,569.00
11,6,16,11,6,1,11,11,2.00,15,22,8,8,631,707.00,496.00
6,11,6,16,16,1,1,11,6.00,22,22,8,22,631,625.00,404.00
6,11,1,1,16,1,16,6,4.00,22,8,1,15,631,540.00,381.00
11,1,11,6,16,1,6,11,10.00,22,22,22,15,631,570.00,393.00
6,6,1,6,1,1,6,11,8.00,15,1,15,8,631,448.00,297.00
11,1,1,11,6,11,11,6,10.00,15,22,15,1,631,551.00,425.00
16,16,16,1,16,16,11,1,10.00,15,8,8,15,631,660.00,525.00
6,1,6,11,1,11,11,1,0.00,8,22,1,15,631,505.00,369.00
16,1,11,6,6,16,1,11,10.00,8,22,22,22,631,570.00,433.00
6,6,11,11,6,16,16,1,4.00,15,1,22,15,631,722.00,532.00
11,11,6,11,6,6,1,11,6.00,15,22,22,1,631,547.00,376.00
16,11,11,16,1,16,6,6,0.00,15,22,1,15,631,647.00,507.00
6,6,6,6,16,1,1,16,8.00,8,8,15,1,631,596.00,375.00
1,16,6,16,11,6,6,6,2.00,1,22,1,15,631,577.00,414.00
11,16,6,6,1,16,16,6,10.00,22,22,8,8,631,724.00,544.00
11,1,16,1,16,1,16,1,0.00,1,1,22,22,631,600.00,456.00
1,11,16,1,1,11,6,11,2.00,15,1,1,15,631,571.00,423.00
16,11,6,16,6,16,16,6,8.00,8,1,1,1,631,764.00,598.00
11,11,6,11,1,6,1,16,4.00,22,8,15,8,631,659.00,424.00
11,6,6,6,11,11,1,11,4.00,15,22,8,15,631,502.00,380.00
16,6,11,6,1,6,6,11,10.00,22,15,1,15,631,552.00,391.00
11,11,16,16,16,6,16,11,4.00,15,22,22,8,631,936.00,677.00
11,6,6,16,16,6,16,11,10.00,22,15,22,8,631,821.00,598.00
6,6,1,11,16,16,16,1,10.00,1,1,1,1,631,603.00,488.00
1,16,11,1,11,16,1,11,8.00,22,22,8,1,631,537.00,413.00
16,11,1,6,11,1,6,1,8.00,22,1,22,8,631,327.00,237.00
16,6,6,11,16,6,11,6,8.00,22,15,15,8,631,619.00,453.00
6,1,1,6,16,6,1,6,4.00,15,1,1,1,631,323.00,250.00
1,1,1,1,11,11,1,11,10.00,22,22,15,1,631,390.00,301.00
6,16,11,11,11,11,6,6,2.00,22,15,1,22,631,614.00,447.00
1,1,1,11,1,16,6,1,6.00,15,22,8,1,631,436.00,323.00
11,16,1,16,11,11,11,6,8.00,1,22,8,15,631,640.00,503.00
11,1,16,11,6,1,11,16,10.00,22,15,1,15,631,775.00,543.00
16,6,16,11,11,1,1,6,0.00,1,1,15,15,631,524.00,352.00
11,6,6,6,11,16,6,16,6.00,15,1,22,1,631,713.00,531.00
1,16,11,16,16,16,6,6,0.00,22,22,15,1,631,703.00,535.00
1,1,11,11,6,11,6,16,10.00,15,1,22,1,631,763.00,520.00
6,16,16,1,16,6,6,11,10.00,1,15,1,22,631,628.00,457.00
11,11,6,1,6,16,11,1,8.00,15,15,8,8,631,510.00,418.00
16,11,6,16,6,1,11,1,2.00,22,22,22,22,631,572.00,381.00
16,6,6,1,1,6,6,6,10.00,15,22,1,8,631,385.00,283.00
16,16,11,16,11,16,6,16,0.00,8,22,22,8,631,916.00,660.00
11,1,11,11,11,1,1,16,0.00,8,8,22,22,631,714.00,436.00
16,11,16,16,6,16,6,16,4.00,1,1,8,1,631,933.00,649.00
1,1,1,1,1,1,1,1,0.00,1,1,22,1,631,89.00,70.00
6,1,16,6,1,1,1,1,6.00,22,15,1,8,631,305.00,203.00
6,11,16,1,6,11,11,6,0.00,8,8,22,22,631,649.00,487.00
16,1,1,1,16,6,6,16,4.00,1,22,15,15,631,563.00,405.00
11,1,6,1,11,11,11,11,0.00,22,8,1,8,631,588.00,443.00
1,1,11,1,6,16,1,1,0.00,22,1,15,22,631,344.00,273.00
6,11,1,11,11,16,16,11,6.00,1,1,1,8,631,745.00,593.00
11,6,6,11,16,1,1,1,10.00,22,8,8,15,631,317.00,234.00
1,1,11,11,16,6,11,11,6.00,8,8,22,1,631,693.00,507.00
16,1,16,6,6,16,11,11,6.00,1,15,8,15,631,748.00,566.00
6,6,6,11,6,16,11,11,6.00,8,1,1,22,631,700.00,541.00
6,11,16,11,1,16,11,11,10.00,1,8,22,22,631,807.00,602.00
6,11,16,16,16,11,6,16,10.00,1,1,15,1,631,935.00,636.00
11,11,11,6,1,1,16,1,4.00,8,8,15,15,631,575.00,410.00
1,1,1,1,1,1,1,1,6.00,15,22,15,22,631,138.00,87.00
11,1,6,6,11,1,1,6,10.00,1,22,15,1,631,347.00,232.00
16,16,16,6,11,6,6,1,0.00,8,15,22,1,631,520.00,401.00
1,1,16,11,16,1,11,1,2.00,15,1,1,8,631,554.00,406.00
11,11,11,1,16,11,16,1,8.00,8,1,1,15,631,629.00,498.00
16,1,11,11,1,6,1,11,4.00,22,8,15,8,631,559.00,372.00
6,16,6,16,11,16,11,6,2.00,1,8,8,22,631,713.00,557.00
11,6,11,6,16,6,11,6,4.00,8,1,15,8,631,596.00,447.00
11,16,16,16,1,1,16,1,0.00,15,1,8,1,631,699.00,507.00
11,16,1,6,16,16,1,11,10.00,15,22,15,15,631,539.00,437.00
16,16,16,11,6,11,11,1,10.00,15,22,22,22,631,710.00,510.00
16,6,1,11,11,1,6,6,2.00,8,8,15,8,631,443.00,315.00
1,16,1,6,16,11,6,16,10.00,1,1,15,22,631,706.00,485.00
1,16,1,1,16,1,1,6,8.00,8,8,15,15,631,275.00,193.00
11,6,1,11,1,6,11,1,6.00,1,8,15,22,631,440.00,320.00
16,16,11,11,1,1,16,6,4.00,8,1,15,15,631,693.00,491.00
11,6,1,1,1,11,1,11,0.00,22,22,8,8,631,381.00,297.00
16,11,11,16,16,1,11,6,10.00,15,22,22,1,631,693.00,494.00
11,11,1,1,11,6,16,16,8.00,1,15,1,22,631,703.00,507.00
1,11,6,16,11,6,1,11,8.00,15,22,1,22,631,630.00,414.00
16,6,1,16,6,1,1,1,4.00,22,1,22,1,631,337.00,233.00
6,16,1,1,16,11,6,11,10.00,15,1,8,15,631,508.00,395.00
1,1,1,1,1,1,1,1,0.00,22,8,1,8,631,103.00,70.00
6,1,16,11,11,11,16,11,8.00,8,15,8,8,631,853.00,628.00
16,16,11,11,16,11,11,6,4.00,8,1,8,22,631,713.00,535.00
11,6,1,1,11,16,16,16,0.00,8,15,1,1,631,744.00,584.00
1,11,16,16,6,1,1,16,10.00,22,22,15,1,631,763.00,484.00
11,6,1,16,6,6,1,16,6.00,8,1,8,15,631,725.00,448.00
16,16,1,11,6,11,6,11,6.00,8,15,1,8,631,597.00,457.00
1,1,1,1,1,1,1,1,0.00,1,8,1,1,631,75.00,54.00
11,6,6,6,6,6,1,16,8.00,15,1,15,15,631,610.00,388.00
6,11,6,16,11,6,1,11,6.00,22,22,22,8,631,635.00,428.00
11,16,1,1,6,11,6,6,6.00,22,8,8,8,631,415.00,332.00
1,16,16,6,6,16,6,16,10.00,22,8,15,15,631,779.00,572.00
6,1,1,1,11,6,1,6,10.00,22,22,8,15,631,278.00,210.00
6,6,6,1,11,1,6,1,2.00,1,1,15,15,631,291.00,217.00
11,16,6,11,1,11,11,11,10.00,15,8,1,22,631,690.00,509.00
16,6,11,6,6,1,1,16,6.00,15,8,1,1,631,590.00,382.00
1,11,1,16,1,6,6,6,6.00,1,8,15,1,631,508.00,353.00
1,11,6,1,16,6,1,11,10.00,15,1,1,8,631,424.00,302.00
16,1,11,11,1,16,11,6,2.00,15,1,1,8,631,644.00,496.00
16,1,11,16,6,16,1,1,10.00,15,8,1,22,631,488.00,388.00
1,1,1,1,1,16,16,11,8.00,15,8,8,22,631,642.00,478.00
16,11,1,11,16,6,11,16,8.00,8,22,15,8,631,764.00,554.00
16,16,16,6,11,6,6,1,10.00,1,1,1,1,631,478.00,390.00
11,6,6,16,16,11,11,1,0.00,8,22,15,1,631,610.00,468.00
1,6,16,6,11,6,6,16,6.00,15,22,15,15,631,709.00,497.00
16,16,6,16,16,1,16,6,4.00,1,8,15,8,631,721.00,527.00
11,1,11,11,16,11,1,6,0.00,8,22,22,8,631,524.00,395.00
1,1,1,1,1,1,1,1,0.00,15,15,1,1,631,96.00,71.00
16,1,16,6,11,6,16,16,8.00,1,15,1,22,631,853.00,627.00
16,11,6,1,6,6,11,11,6.00,8,8,22,1,631,577.00,423.00
1,16,6,1,6,11,1,1,8.00,8,1,15,8,631,276.00,228.00
6,16,6,6,1,1,6,6,0.00,1,22,8,1,631,400.00,284.00
1,1,1,1,1,1,1,11,10.00,15,15,8,15,631,299.00,187.00
11,1,1,16,11,6,16,11,0.00,22,15,22,1,631,743.00,552.00
6,16,6,11,6,16,11,11,2.00,1,8,8,1,631,711.00,557.00
11,16,11,1,11,11,11,1,10.00,1,22,15,8,631,555.00,435.00
6,16,6,6,1,16,11,6,0.00,1,22,8,22,631,617.00,467.00
16,6,11,11,16,16,6,16,10.00,22,22,22,8,631,822.00,622.00
11,16,16,11,11,1,6,1,10.00,22,1,1,15,631,513.00,370.00
16,1,16,11,1,1,16,6,0.00,1,8,1,22,631,691.00,490.00
16,1,1,16,16,16,1,1,6.00,22,15,1,8,631,502.00,386.00
11,11,11,1,11,6,1,6,4.00,8,1,22,22,631,392.00,292.00
11,11,11,16,11,6,1,16,0.00,22,15,8,8,631,785.00,510.00
6,1,1,1,11,6,1,6,4.00,8,1,22,8,631,267.00,199.00
11,11,1,1,1,11,11,11,10.00,22,8,15,15,631,564.00,414.00
16,11,16,16,1,1,11,1,0.00,22,8,22,22,631,643.00,436.00
1,1,1,1,1,1,1,1,0.00,1,15,8,15,631,103.00,68.00
1,6,6,6,16,11,16,11,0.00,8,1,8,1,631,726.00,546.00
16,6,1,6,16,16,6,11,10.00,22,15,22,22,631,605.00,483.00
1,11,1,16,6,1,1,11,8.00,15,1,8,15,631,573.00,348.00
1,6,16,11,11,16,6,16,0.00,8,22,22,8,631,841.00,602.00
16,6,6,16,16,11,6,1,8.00,1,1,8,22,631,519.00,414.00
6,1,6,6,6,1,6,11,6.00,8,1,15,22,631,509.00,330.00
6,1,1,16,11,6,6,1,6.00,15,22,22,15,631,444.00,318.00
1,1,1,1,1,1,1,1,6.00,15,1,8,15,631,103.00,67.00
6,11,16,11,6,16,11,6,0.00,8,8,22,15,631,757.00,566.00
11,11,11,1,16,11,16,1,8.00,22,8,1,22,631,657.00,495.00
16,16,1,6,11,1,11,6,8.00,15,1,1,8,631,474.00,346.00
6,16,16,11,6,16,16,11,6.00,8,8,22,8,631,925.00,693.00
11,6,11,6,6,6,11,6,0.00,1,1,22,1,631,563.00,424.00
1,1,6,16,16,11,6,16,10.00,22,8,1,8,631,805.00,561.00
6,1,11,11,1,6,16,1,2.00,1,22,15,22,631,629.00,438.00
16,11,16,11,16,16,16,11,4.00,8,8,22,8,631,950.00,722.00
11,16,16,11,11,1,6,16,10.00,22,22,22,1,631,775.00,532.00
1,1,1,1,1,1,1,1,0.00,1,8,8,15,631,96.00,64.00
16,11,1,6,11,11,16,1,8.00,22,15,15,15,631,601.00,460.00
16,1,16,6,11,16,16,16,10.00,15,1,8,15,631,923.00,692.00
1,1,16,6,11,16,1,11,10.00,8,8,1,15,631,591.00,435.00
1,1,1,1,1,1,1,1,10.00,1,1,15,1,631,82.00,63.00
16,6,1,6,16,16,6,6,0.00,8,1,15,8,631,518.00,413.00
1,1,1,1,1,1,1,1,0.00,22,1,15,22,631,124.00,79.00
6,1,11,6,16,1,11,6,6.00,15,1,1,8,631,534.00,388.00
1,6,11,6,6,16,6,16,10.00,22,15,15,22,631,718.00,529.00
16,11,6,1,11,6,1,16,10.00,22,22,15,1,631,523.00,376.00
11,11,1,16,11,1,16,16,8.00,1,15,1,15,631,846.00,586.00
6,6,11,1,6,1,16,11,0.00,1,15,8,15,631,653.00,469.00
11,16,11,16,1,1,6,6,6.00,8,1,22,15,631,594.00,399.00
16,6,1,11,11,16,6,1,8.00,22,8,22,22,631,520.00,390.00
16,11,1,1,16,16,16,6,2.00,15,8,1,1,631,638.00,528.00
11,1,11,11,11,1,1,16,0.00,8,8,8,8,631,686.00,431.00
11,1,11,11,6,6,11,1,2.00,15,15,1,1,631,526.00,380.00
6,1,16,11,1,16,11,11,6.00,15,1,22,1,631,772.00,573.00
1,1,11,11,16,16,11,11,6.00,1,1,8,22,631,764.00,578.00
1,16,11,16,11,16,6,16,8.00,8,15,8,15,631,901.00,630.00
16,1,1,1,6,1,1,1,8.00,8,1,15,1,631,135.00,100.00
11,16,6,6,6,6,16,16,4.00,15,1,8,22,631,795.00,569.00
1,16,16,11,6,11,6,11,10.00,15,15,22,1,631,711.00,519.00
16,16,6,16,16,16,1,1,6.00,8,15,8,1,631,517.00,418.00
11,11,11,6,1,6,11,6,8.00,15,8,22,22,631,601.00,420.00
11,16,11,16,1,1,6,6,6.00,22,8,22,1,631,559.00,395.00
16,6,11,1,6,6,16,1,6.00,15,8,1,8,631,561.00,421.00
1,1,1,1,1,1,1,1,0.00,22,15,1,1,631,103.00,78.00
16,1,16,11,6,11,11,11,10.00,1,1,15,1,631,745.00,560.00
16,11,6,6,6,6,11,11,6.00,8,8,22,1,631,617.00,451.00
16,16,1,11,1,11,6,6,6.00,22,15,8,8,631,492.00,388.00
6,6,11,6,6,11,1,16,4.00,22,8,15,1,631,637.00,442.00
1,6,11,6,6,16,11,11,10.00,15,22,15,15,631,726.00,532.00
16,16,1,6,16,16,1,6,4.00,8,1,1,22,631,459.00,379.00
1,16,16,6,6,16,6,16,10.00,22,8,15,8,631,772.00,568.00
11,16,1,16,16,6,16,11,6.00,22,22,8,15,631,806.00,592.00
11,16,1,16,16,6,16,11,6.00,22,15,15,1,631,796.00,589.00
1,1,11,16,6,16,16,6,2.00,8,22,22,15,631,821.00,600.00
1,11,1,16,6,1,1,11,8.00,1,8,15,15,631,587.00,347.00
16,11,1,11,1,16,16,1,10.00,22,15,22,22,631,660.00,497.00
1,16,6,11,1,1,6,11,0.00,8,15,1,15,631,559.00,367.00
11,1,6,11,16,1,6,16,2.00,15,8,8,1,631,697.00,462.00
11,1,11,16,11,1,11,11,4.00,22,8,8,1,631,710.00,502.00
11,1,6,11,11,16,6,6,6.00,22,1,1,22,631,552.00,446.00
16,16,16,6,11,6,11,6,0.00,1,1,22,1,631,663.00,510.00
6,1,16,6,6,6,6,1,0.00,8,22,15,1,631,450.00,330.00
6,16,6,6,1,1,6,6,6.00,15,22,15,22,631,438.00,285.00
11,6,16,1,11,11,16,11,6.00,8,1,15,8,631,786.00,595.00
16,11,6,11,6,11,11,11,10.00,1,1,1,15,631,695.00,521.00
16,1,11,6,11,1,11,11,0.00,1,1,15,1,631,600.00,444.00
1,6,16,11,16,11,6,1,6.00,22,1,15,15,631,572.00,422.00
11,6,1,11,1,16,11,6,8.00,1,1,8,22,631,563.00,454.00
11,16,6,1,6,16,6,11,8.00,1,15,8,15,631,568.00,443.00
11,16,1,11,11,6,1,1,0.00,22,15,8,8,631,336.00,255.00
11,6,11,6,16,6,11,6,0.00,1,1,22,1,631,593.00,454.00
6,1,16,6,6,6,11,6,4.00,8,1,15,1,631,593.00,440.00
11,16,11,1,6,6,6,1,8.00,22,22,8,8,631,424.00,307.00
16,6,6,6,16,6,6,6,8.00,1,1,1,1,631,436.00,346.00
1,6,16,11,16,11,6,1,8.00,1,22,22,8,631,572.00,438.00
11,16,16,11,11,1,6,16,10.00,1,1,8,22,631,824.00,537.00
11,6,1,1,11,1,16,6,6.00,1,15,22,8,631,515.00,372.00
1,1,1,6,11,1,1,16,10.00,22,22,15,1,631,503.00,325.00
6,11,11,6,11,1,11,11,6.00,22,1,1,8,631,621.00,445.00
6,6,6,6,1,6,11,16,10.00,8,8,1,15,631,666.00,466.00
11,6,1,1,11,6,16,1,4.00,22,22,8,15,631,506.00,376.00
1,16,16,6,6,16,6,16,10.00,8,1,22,1,631,785.00,584.00
16,16,1,6,1,16,11,11,10.00,1,8,22,22,631,652.00,510.00
6,6,6,11,16,16,1,11,10.00,15,22,15,15,631,622.00,469.00
6,6,11,6,6,1,16,1,8.00,8,15,8,1,631,556.00,403.00
1,11,6,16,6,6,1,6,4.00,8,8,8,15,631,513.00,337.00
16,11,1,6,11,1,16,1,4.00,8,1,1,1,631,475.00,354.00
6,6,6,11,16,6,1,11,10.00,22,15,22,8,631,569.00,391.00
6,6,11,6,11,1,1,11,10.00,15,8,15,15,631,503.00,326.00
1,1,1,1,1,1,1,1,8.00,22,1,8,15,631,110.00,74.00
1,11,6,1,6,1,16,16,0.00,1,15,15,15,631,695.00,487.00
6,11,16,11,6,6,1,1,4.00,8,8,8,15,631,418.00,308.00
6,6,11,1,6,11,11,6,0.00,8,8,22,15,631,577.00,430.00
6,11,16,1,16,16,16,1,0.00,22,8,22,22,631,758.00,576.00
1,1,1,1,1,1,1,16,6.00,15,15,1,22,631,419.00,254.00
11,11,11,1,11,6,1,16,6.00,22,8,15,8,631,574.00,398.00
11,6,6,11,1,16,1,11,6.00,1,1,1,8,631,593.00,421.00
1,1,11,6,6,1,6,16,8.00,15,8,15,22,631,645.00,418.00
1,16,11,16,11,16,6,16,8.00,8,1,8,1,631,901.00,627.00
6,16,1,6,11,6,11,11,10.00,22,15,22,22,631,630.00,440.00
1,11,1,16,6,1,1,11,0.00,8,8,8,22,631,580.00,347.00
11,16,11,1,6,6,6,1,8.00,1,1,1,22,631,389.00,303.00
16,16,1,6,11,1,16,6,8.00,22,1,1,1,631,573.00,413.00
1,1,16,16,6,11,1,6,0.00,1,1,1,22,631,602.00,408.00
6,6,6,6,1,11,11,11,4.00,15,1,8,1,631,598.00,446.00
11,1,11,16,1,6,11,6,0.00,1,15,22,22,631,644.00,464.00
16,1,16,6,16,1,6,16,0.00,1,22,22,22,631,732.00,497.00
11,1,11,1,16,6,1,6,0.00,1,1,8,1,631,343.00,274.00
11,11,6,11,6,6,11,11,6.00,15,1,22,1,631,658.00,484.00
6,6,6,6,1,11,1,11,0.00,1,8,8,22,631,502.00,339.00
11,6,1,16,6,6,1,16,6.00,8,8,22,22,631,739.00,454.00
6,1,16,6,6,16,11,1,4.00,1,15,1,8,631,594.00,469.00
1,11,1,16,1,16,11,16,10.00,22,22,22,15,631,829.00,611.00
1,1,1,1,16,1,16,16,0.00,8,1,22,8,631,643.00,461.00
6,16,6,16,11,6,1,11,4.00,22,8,15,15,631,656.00,430.00
16,6,16,16,1,1,11,1,0.00,22,15,15,22,631,628.00,424.00
16,11,16,6,11,1,16,16,10.00,15,1,8,15,631,848.00,613.00
16,16,1,6,16,6,6,11,10.00,8,15,15,8,631,541.00,406.00
11,16,16,1,1,11,16,16,2.00,1,8,8,22,631,858.00,632.00
16,16,6,1,6,16,1,6,2.00,22,22,15,15,631,438.00,359.00
16,16,6,16,16,1,16,6,10.00,8,1,22,22,631,742.00,534.00
1,16,16,16,1,1,6,16,2.00,15,22,8,15,631,817.00,528.00
11,11,6,11,1,6,16,6,2.00,8,15,22,8,631,672.00,479.00
1,16,6,11,1,1,6,6,8.00,8,8,1,22,631,453.00,307.00
11,6,16,6,16,1,1,16,0.00,15,8,8,1,631,657.00,437.00
6,6,11,1,11,11,11,6,0.00,1,22,8,22,631,592.00,439.00
11,16,11,11,6,6,1,1,4.00,8,8,8,15,631,388.00,288.00
11,6,1,1,11,6,16,16,6.00,8,15,1,8,631,681.00,496.00
11,6,1,16,6,6,1,1,4.00,8,1,22,1,631,371.00,265.00
6,16,11,16,6,6,6,6,2.00,15,1,8,22,631,615.00,430.00
16,1,1,11,1,6,11,6,6.00,22,22,15,1,631,513.00,376.00
1,1,16,6,11,16,1,11,10.00,22,8,15,22,631,598.00,443.00
11,6,1,11,1,16,11,1,4.00,8,1,22,8,631,515.00,399.00
16,11,1,6,11,1,16,6,6.00,22,1,15,15,631,582.00,406.00
11,6,16,6,1,6,1,11,10.00,1,22,8,22,631,538.00,365.00
16,16,6,6,6,6,16,16,4.00,15,1,8,1,631,783.00,573.00
1,1,1,1,1,1,1,1,6.00,8,8,22,1,631,103.00,74.00
16,11,6,1,11,6,16,6,10.00,1,15,22,1,631,617.00,465.00
1,1,16,11,16,11,6,11,2.00,22,8,1,8,631,680.00,503.00
1,16,16,11,1,1,6,1,8.00,1,1,1,1,631,438.00,331.00
11,16,11,1,6,6,1,1,0.00,15,15,15,1,631,315.00,247.00
6,11,1,16,1,1,11,6,0.00,22,22,1,8,631,527.00,374.00
11,11,6,1,6,11,6,6,6.00,22,8,8,8,631,445.00,344.00
1,1,1,1,1,1,1,1,0.00,8,15,22,8,631,117.00,79.00
6,11,6,6,6,11,16,6,6.00,15,1,8,1,631,653.00,485.00
1,1,11,11,16,16,11,11,8.00,22,15,15,8,631,774.00,580.00
1,1,1,16,1,1,6,6,6.00,1,15,8,15,631,482.00,301.00
1,1,11,1,6,6,16,1,6.00,15,8,15,22,631,559.00,400.00
16,6,16,1,11,6,11,16,4.00,1,15,8,8,631,737.00,546.00
6,11,1,6,11,16,11,11,10.00,15,8,1,22,631,650.00,509.00
6,6,6,1,11,16,11,11,0.00,15,22,8,1,631,644.00,495.00
16,16,11,11,1,1,6,1,8.00,1,1,1,1,631,403.00,304.00
11,16,11,1,6,6,16,11,0.00,22,22,8,8,631,744.00,530.00
6,6,16,16,1,1,11,1,0.00,22,15,15,22,631,618.00,412.00
1,11,1,16,1,16,16,11,6.00,22,8,15,8,631,792.00,601.00
1,1,1,1,1,1,1,1,0.00,1,15,22,1,631,103.00,79.00
6,6,6,16,16,11,11,1,8.00,1,1,1,1,631,563.00,451.00
11,6,11,6,11,11,16,1,8.00,22,15,15,15,631,681.00,492.00
16,11,1,1,1,16,6,16,8.00,22,1,22,15,631,595.00,466.00
16,16,11,16,11,11,16,11,8.00,15,22,15,22,631,933.00,676.00
1,1,1,11,6,16,1,6,6.00,22,8,1,8,631,435.00,341.00
16,1,11,6,11,1,11,11,0.00,8,22,22,8,631,629.00,450.00
16,6,6,16,11,16,6,16,0.00,1,1,1,15,631,875.00,617.00
6,1,1,1,11,6,1,6,4.00,1,15,8,15,631,262.00,200.00
6,6,6,6,1,11,1,11,6.00,22,8,15,15,631,481.00,344.00
16,11,1,6,11,1,16,1,4.00,22,8,15,22,631,531.00,368.00
16,6,11,16,11,6,11,16,2.00,15,15,8,8,631,877.00,610.00
16,11,1,1,16,16,16,6,2.00,8,8,1,8,631,634.00,523.00
11,16,1,11,16,16,16,16,6.00,22,15,1,1,631,883.00,688.00
11,6,11,1,6,11,6,11,4.00,8,22,8,15,631,557.00,409.00
11,11,11,6,16,11,6,16,4.00,8,1,22,15,631,769.00,544.00
6,6,6,16,1,6,11,6,8.00,15,8,22,1,631,594.00,434.00
1,1,1,1,16,1,1,11,4.00,15,22,22,22,631,366.00,238.00
1,1,16,16,6,6,11,1,2.00,15,1,8,22,631,620.00,437.00
6,1,1,16,6,6,16,11,4.00,8,15,1,15,631,704.00,525.00
6,6,16,1,11,6,1,6,10.00,22,15,15,15,631,431.00,311.00
16,6,11,11,6,1,16,16,0.00,22,8,15,22,631,841.00,587.00
16,16,6,6,1,11,1,11,6.00,22,22,22,1,631,496.00,376.00
6,6,1,1,6,16,1,1,10.00,8,1,8,22,631,315.00,242.00
1,6,6,6,16,11,16,11,0.00,1,15,8,22,631,745.00,548.00
6,6,11,6,11,11,1,1,8.00,22,15,15,15,631,391.00,291.00
16,16,1,6,11,1,11,6,8.00,15,22,15,15,631,516.00,360.00
6,6,11,6,11,11,16,1,8.00,22,15,1,15,631,662.00,480.00
6,6,16,16,6,6,16,11,4.00,8,15,15,15,631,872.00,622.00
11,6,1,1,11,1,1,16,10.00,22,22,15,8,631,455.00,302.00
11,16,6,1,16,11,6,16,8.00,1,8,15,1,631,648.00,483.00
6,11,16,6,16,1,11,11,4.00,1,8,22,22,631,707.00,519.00
6,11,1,6,1,1,1,16,8.00,15,1,8,1,631,519.00,316.00
11,1,1,6,1,6,16,6,6.00,22,8,1,8,631,538.00,385.00
1,1,16,6,11,16,1,11,10.00,22,8,15,8,631,584.00,444.00
11,1,11,11,6,6,16,16,10.00,22,22,8,8,631,849.00,600.00
16,6,6,6,16,6,6,6,8.00,15,22,8,1,631,474.00,358.00
1,16,6,6,6,16,6,6,2.00,8,1,15,8,631,511.00,401.00
1,16,6,6,6,16,11,6,4.00,8,15,22,8,631,627.00,476.00
11,6,6,11,11,16,6,11,6.00,22,1,8,1,631,647.00,509.00
11,1,11,11,11,1,1,16,6.00,15,1,8,15,631,693.00,429.00
6,11,11,11,6,6,1,1,0.00,22,1,22,22,631,396.00,279.00
6,16,16,16,11,6,6,16,2.00,1,15,1,15,631,891.00,591.00
1,11,1,16,6,1,1,11,10.00,1,8,15,15,631,587.00,347.00
16,11,1,11,1,16,16,1,8.00,22,15,22,22,631,660.00,497.00
1,1,1,1,1,1,6,11,4.00,22,1,8,1,631,337.00,240.00
1,6,16,1,1,6,6,6,10.00,15,22,1,8,631,470.00,338.00
16,6,6,6,16,6,6,6,8.00,22,22,15,15,631,498.00,364.00
16,16,1,1,1,1,11,6,10.00,15,1,22,8,631,425.00,302.00
1,1,11,11,16,11,1,6,0.00,8,22,15,22,631,521.00,379.00
16,16,16,6,6,16,16,6,10.00,15,22,15,15,631,851.00,633.00
16,16,6,16,16,1,16,1,10.00,1,15,8,8,631,656.00,480.00
16,16,1,11,16,11,6,1,8.00,22,22,15,15,631,492.00,384.00
16,6,1,1,11,1,11,6,2.00,8,15,22,8,631,432.00,311.00
6,6,6,1,1,16,6,11,0.00,8,22,22,15,631,541.00,408.00
1,1,1,1,1,1,1,1,0.00,15,8,8,22,631,117.00,75.00
11,11,11,1,16,11,16,1,6.00,15,1,8,22,631,650.00,500.00
16,16,6,6,6,6,16,16,10.00,15,1,1,8,631,779.00,569.00
1,11,11,16,16,16,16,1,2.00,22,8,15,1,631,795.00,593.00
16,16,1,11,1,11,1,16,4.00,15,8,1,1,631,650.00,451.00
16,1,6,1,16,6,6,16,4.00,1,22,15,22,631,605.00,429.00
16,1,16,11,1,1,1,1,6.00,22,8,22,22,631,383.00,255.00
16,16,11,11,1,11,11,11,8.00,8,15,8,1,631,735.00,543.00
1,11,6,6,11,16,16,11,8.00,22,1,1,8,631,766.00,578.00
6,1,11,6,6,16,1,11,4.00,22,22,22,1,631,536.00,414.00
16,11,16,11,16,16,16,11,4.00,8,1,22,22,631,957.00,718.00
16,16,1,11,11,6,11,16,2.00,15,15,8,8,631,752.00,543.00
11,1,11,16,6,11,6,11,6.00,8,1,8,15,631,735.00,503.00
6,1,11,1,6,16,1,1,10.00,8,15,8,22,631,342.00,281.00
6,6,1,6,16,16,6,16,10.00,22,15,15,22,631,681.00,523.00
16,1,11,16,6,16,6,11,6.00,8,1,8,15,631,765.00,554.00
16,16,1,11,6,11,1,1,8.00,8,15,22,22,631,400.00,291.00
1,1,1,1,1,16,11,1,6.00,1,1,22,8,631,391.00,327.00
6,1,6,6,6,1,6,1,0.00,15,22,22,22,631,350.00,226.00
16,16,1,11,6,11,16,11,8.00,15,22,15,22,631,783.00,573.00
11,6,16,1,11,11,6,11,6.00,8,1,8,15,631,596.00,457.00
16,1,11,16,6,16,16,16,0.00,8,15,1,1,631,951.00,723.00
1,11,16,16,6,16,1,1,8.00,8,15,22,22,631,551.00,417.00
16,16,1,6,11,1,11,6,8.00,15,22,1,8,631,495.00,358.00
16,16,11,1,1,6,6,6,10.00,22,1,1,22,631,465.00,333.00
6,6,11,1,6,1,16,6,10.00,22,8,1,22,631,602.00,419.00
6,6,16,1,1,16,11,11,8.00,1,15,1,15,631,696.00,525.00
16,1,1,16,16,16,16,6,0.00,1,8,22,22,631,752.00,599.00
11,6,16,1,16,16,16,1,0.00,22,8,1,22,631,727.00,555.00
16,11,11,6,6,6,11,11,6.00,8,8,22,1,631,667.00,490.00
16,1,16,6,11,11,11,16,10.00,15,1,15,8,631,798.00,598.00
16,11,11,6,11,11,11,16,8.00,1,8,8,8,631,783.00,582.00
6,16,6,6,1,11,1,6,10.00,15,1,15,8,631,388.00,298.00
6,11,11,6,1,16,11,1,10.00,1,22,15,8,631,580.00,447.00
6,16,16,16,11,16,1,11,6.00,22,22,22,1,631,755.00,554.00
11,1,11,16,11,1,11,11,10.00,15,22,1,8,631,703.00,495.00
16,6,6,6,6,1,11,6,6.00,22,1,1,22,631,500.00,345.00
11,1,6,11,16,11,16,1,0.00,1,8,8,15,631,636.00,480.00
16,16,16,6,6,1,6,16,8.00,15,8,15,1,631,704.00,491.00
1,11,6,6,1,1,1,16,8.00,1,8,22,22,631,591.00,348.00
1,16,1,11,16,11,16,1,10.00,8,8,8,1,631,614.00,473.00
1,1,16,6,16,11,11,6,0.00,1,8,8,8,631,649.00,498.00
16,6,16,11,16,1,11,6,8.00,15,1,1,22,631,663.00,474.00
1,1,1,1,1,6,6,6,6.00,15,15,15,8,631,317.00,224.00
16,11,16,16,1,1,11,16,8.00,15,8,15,1,631,874.00,592.00
1,1,11,6,6,1,6,1,0.00,22,15,15,22,631,388.00,252.00
1,1,1,1,1,1,1,16,4.00,1,1,8,15,631,447.00,256.00
16,11,1,11,11,16,16,6,6.00,8,8,15,8,631,713.00,559.00
1,11,6,1,6,1,16,1,8.00,1,22,15,15,631,497.00,353.00
1,1,1,16,6,6,11,16,10.00,22,15,15,8,631,767.00,531.00
16,16,1,6,11,11,16,6,10.00,15,22,15,22,631,688.00,513.00
11,6,16,1,11,11,16,11,0.00,8,22,22,15,631,821.00,607.00
6,1,16,6,6,6,6,6,8.00,22,22,8,8,631,529.00,370.00
16,6,6,6,16,6,11,6,0.00,1,1,1,1,631,527.00,410.00
6,1,11,6,16,16,11,6,0.00,8,8,22,15,631,667.00,506.00
6,11,16,1,11,11,6,16,10.00,22,15,15,22,631,723.00,517.00
16,11,16,11,11,6,1,11,8.00,15,1,8,8,631,651.00,442.00
11,16,16,16,1,1,16,1,0.00,15,1,1,1,631,692.00,504.00
11,1,11,1,16,11,6,6,2.00,22,8,1,1,631,485.00,376.00
16,16,16,11,11,16,11,1,8.00,1,22,1,15,631,718.00,557.00
16,11,11,6,11,6,6,1,0.00,8,22,15,1,631,455.00,343.00
6,11,1,11,11,1,1,1,10.00,22,22,1,15,631,281.00,198.00
11,11,11,11,1,11,16,16,2.00,22,8,8,15,631,892.00,645.00
1,16,1,11,16,11,16,1,10.00,22,22,1,1,631,635.00,484.00
1,1,1,1,1,1,1,16,2.00,8,15,8,8,631,419.00,253.00
11,6,11,11,6,16,11,11,0.00,22,8,1,8,631,748.00,573.00
1,1,1,1,1,1,1,1,0.00,1,1,15,1,631,82.00,63.00
1,1,11,1,1,1,6,1,0.00,22,15,1,8,631,305.00,203.00
16,1,11,11,1,16,11,6,8.00,8,1,15,1,631,648.00,500.00
6,16,6,11,1,1,1,16,2.00,22,15,8,15,631,632.00,387.00
11,6,11,16,11,6,1,11,4.00,22,8,15,8,631,669.00,441.00
1,6,16,6,11,6,6,16,0.00,8,1,15,15,631,737.00,507.00
11,6,1,1,1,11,1,6,4.00,1,8,15,8,631,293.00,227.00
16,6,11,16,6,16,1,1,8.00,8,15,22,22,631,511.00,401.00
16,1,11,11,6,1,1,11,6.00,22,22,22,1,631,535.00,352.00
11,11,11,1,11,6,1,16,0.00,22,8,8,15,631,574.00,396.00
1,16,11,16,11,1,6,16,2.00,22,8,1,1,631,798.00,525.00
11,11,6,6,1,1,6,6,0.00,8,1,15,8,631,386.00,277.00
6,16,11,1,16,11,16,1,8.00,15,1,1,8,631,639.00,506.00
11,6,1,1,1,11,1,6,2.00,8,1,15,15,631,300.00,226.00
6,6,6,1,11,16,11,11,10.00,15,8,15,22,631,654.00,496.00
1,1,1,1,1,1,1,1,0.00,22,1,1,1,631,89.00,67.00
1,1,1,16,6,1,1,1,4.00,22,1,1,22,631,322.00,209.00
16,11,16,11,1,1,1,1,0.00,15,15,15,1,631,385.00,276.00
1,11,6,1,6,1,6,16,10.00,15,1,8,8,631,541.00,369.00
11,16,6,1,11,16,6,16,6.00,22,22,1,22,631,681.00,517.00
16,16,11,11,1,11,11,11,6.00,15,1,8,22,631,740.00,542.00
16,16,6,6,6,6,16,16,10.00,8,15,8,8,631,793.00,573.00
16,16,11,11,16,6,6,11,6.00,8,1,15,22,631,714.00,499.00
6,1,1,16,6,1,16,11,0.00,22,22,8,8,631,684.00,488.00
11,1,1,1,6,1,1,1,0.00,1,22,22,1,631,141.00,115.00
11,16,11,1,6,6,6,1,8.00,22,22,15,22,631,445.00,311.00
16,6,6,11,1,6,16,6,2.00,15,22,8,15,631,669.00,469.00
16,1,6,11,1,1,1,6,0.00,15,15,8,8,631,381.00,249.00
11,1,11,16,11,6,11,16,2.00,1,15,8,8,631,876.00,597.00
6,6,16,16,6,6,16,11,2.00,22,8,1,15,631,865.00,612.00
11,1,11,1,16,11,6,6,10.00,8,15,1,15,631,488.00,375.00
16,16,11,11,1,11,11,6,10.00,15,22,1,15,631,682.00,497.00
6,6,6,6,6,6,1,16,8.00,8,15,8,8,631,584.00,379.00
6,11,16,6,1,1,1,1,10.00,8,15,8,1,631,321.00,235.00
11,1,11,11,6,6,16,16,10.00,22,22,22,22,631,877.00,610.00
16,16,6,6,11,16,16,11,8.00,22,1,1,1,631,798.00,612.00
1,11,1,1,11,1,11,6,2.00,8,15,22,8,631,432.00,304.00
11,6,6,11,1,16,16,1,10.00,1,22,15,8,631,655.00,500.00
6,16,6,6,1,16,11,11,6.00,1,1,1,8,631,645.00,507.00
11,11,1,6,11,6,11,11,2.00,8,8,8,22,631,585.00,429.00
6,16,11,6,16,1,16,16,0.00,1,8,1,8,631,802.00,595.00
11,1,11,1,16,11,6,6,2.00,22,8,22,22,631,523.00,390.00
11,6,16,1,16,16,16,1,0.00,22,8,1,15,631,720.00,555.00
1,6,16,6,11,1,11,11,0.00,1,1,1,15,631,637.00,471.00
16,1,11,6,11,6,6,16,0.00,1,8,15,8,631,700.00,471.00
1,1,1,1,16,1,11,16,0.00,22,1,1,1,631,540.00,395.00
16,16,6,16,16,16,1,1,6.00,1,22,15,15,631,526.00,424.00
1,1,16,6,16,16,1,16,2.00,8,15,22,1,631,726.00,521.00
6,16,6,11,1,16,11,6,2.00,1,8,1,22,631,636.00,490.00
16,1,11,16,11,6,1,11,4.00,22,8,15,8,631,664.00,444.00
1,1,1,1,1,1,16,11,0.00,15,1,8,22,631,530.00,356.00
11,6,11,11,11,1,1,16,6.00,22,22,8,8,631,668.00,429.00
16,6,6,6,16,6,6,6,8.00,15,1,8,15,631,463.00,351.00
11,6,1,1,11,6,16,6,0.00,1,8,15,1,631,533.00,402.00
16,11,1,11,11,16,16,1,4.00,8,1,22,1,631,641.00,512.00
6,16,1,1,16,11,6,16,8.00,1,15,22,1,631,608.00,455.00
6,11,16,16,11,16,1,11,6.00,22,1,15,1,631,759.00,540.00
6,6,1,1,6,11,6,11,4.00,8,22,8,15,631,462.00,352.00
11,16,1,1,6,16,1,1,10.00,8,15,8,22,631,354.00,280.00
6,1,16,6,1,11,6,6,10.00,15,22,15,22,631,563.00,395.00
11,6,16,1,11,11,16,11,0.00,1,22,22,1,631,809.00,609.00
16,16,6,1,6,16,1,6,2.00,15,15,8,1,631,419.00,349.00
1,16,16,11,6,11,6,11,10.00,1,1,22,22,631,743.00,529.00
11,16,11,1,16,11,6,6,2.00,22,15,8,15,631,554.00,416.00
1,1,11,11,16,16,11,11,6.00,1,8,1,15,631,743.00,574.00
16,6,16,11,11,1,1,6,0.00,1,1,15,8,631,517.00,351.00
11,1,1,6,1,6,16,6,6.00,15,8,15,15,631,552.00,390.00
16,16,6,6,6,6,16,16,4.00,22,8,15,8,631,807.00,577.00
11,1,11,16,1,11,16,1,8.00,15,1,8,22,631,695.00,499.00
16,16,1,1,11,1,11,6,4.00,15,1,1,8,631,434.00,318.00
11,6,1,1,11,6,16,1,10.00,22,1,15,22,631,499.00,369.00
1,1,1,1,1,1,1,1,2.00,22,22,15,15,631,138.00,87.00
11,1,11,11,11,1,1,16,0.00,1,8,22,22,631,721.00,437.00
6,11,1,6,1,1,1,16,8.00,8,8,8,1,631,519.00,315.00
16,1,11,11,1,6,11,1,2.00,1,8,8,22,631,523.00,373.00
11,16,11,1,6,6,6,1,8.00,1,1,8,1,631,375.00,312.00
16,6,11,16,1,6,11,16,0.00,1,8,15,15,631,882.00,586.00
6,1,16,6,11,11,16,6,4.00,22,1,22,22,631,776.00,559.00
11,6,1,1,6,6,11,11,6.00,15,1,22,1,631,508.00,378.00
11,16,6,1,11,16,6,16,4.00,8,22,22,8,631,675.00,518.00
11,6,1,16,11,11,1,16,10.00,15,1,8,8,631,751.00,501.00
6,6,6,1,11,1,1,1,8.00,22,1,1,22,631,210.00,144.00
6,6,11,6,11,11,1,1,8.00,8,22,22,15,631,391.00,298.00
6,6,6,1,1,1,11,6,10.00,15,1,15,22,631,442.00,298.00
16,16,1,1,6,6,1,1,10.00,15,22,1,15,631,245.00,202.00
11,1,16,16,6,1,6,6,10.00,15,8,15,22,631,600.00,409.00
1,11,6,6,1,6,11,1,10.00,15,8,22,22,631,476.00,328.00
6,6,6,6,6,6,16,16,4.00,1,15,8,8,631,746.00,538.00
1,1,16,6,11,6,6,1,10.00,15,22,1,15,631,467.00,330.00
16,6,1,16,6,1,6,1,4.00,22,22,22,22,631,419.00,288.00
11,6,1,6,16,6,16,1,2.00,15,1,1,22,631,533.00,395.00
11,16,11,1,6,6,6,1,8.00,22,8,22,22,631,438.00,317.00
11,1,16,16,6,1,6,6,10.00,8,1,1,1,631,595.00,400.00
16,11,11,11,11,16,11,11,8.00,22,1,1,1,631,778.00,604.00
1,11,6,6,11,16,16,1,8.00,1,22,1,15,631,643.00,506.00
16,11,16,16,6,16,6,16,10.00,22,8,15,15,631,926.00,655.00
1,1,1,6,1,1,1,11,2.00,15,22,15,1,631,373.00,230.00
1,1,1,1,1,1,16,11,0.00,1,15,15,15,631,530.00,361.00
6,6,6,11,1,16,6,6,10.00,1,22,8,15,631,525.00,420.00
1,16,11,16,6,16,16,11,6.00,8,8,22,8,631,910.00,678.00
11,6,11,11,11,16,6,16,8.00,8,1,8,22,631,837.00,590.00
11,1,11,16,11,1,11,11,10.00,1,8,15,15,631,752.00,509.00
16,11,1,11,1,16,16,1,4.00,22,8,1,22,631,632.00,489.00
16,6,1,11,11,1,1,6,0.00,1,1,15,15,631,419.00,262.00
1,1,1,1,1,6,6,16,6.00,22,15,15,1,631,475.00,342.00
16,16,1,6,11,1,11,16,6.00,22,15,1,1,631,638.00,462.00
1,1,1,1,1,1,1,1,0.00,15,1,8,22,631,110.00,74.00
1,1,11,6,6,1,6,16,8.00,15,8,1,8,631,617.00,411.00
1,16,16,11,1,1,1,16,0.00,1,8,15,8,631,725.00,444.00
1,6,16,6,11,6,6,1,0.00,15,15,15,1,631,475.00,352.00
16,16,11,1,1,6,1,1,10.00,15,22,1,15,631,312.00,228.00
1,1,1,1,1,1,1,16,6.00,22,22,22,22,631,426.00,262.00
6,1,16,6,16,16,6,11,4.00,8,22,1,8,631,673.00,519.00
1,1,16,16,6,6,11,16,6.00,1,22,15,1,631,879.00,603.00
11,6,1,11,1,6,11,1,8.00,15,1,8,8,631,426.00,312.00
1,1,1,1,1,1,1,1,8.00,1,22,8,15,631,110.00,74.00
16,11,6,6,1,11,16,16,0.00,22,8,8,15,631,812.00,592.00
6,11,1,11,11,1,1,1,10.00,22,8,15,22,631,288.00,200.00
16,6,1,11,11,16,6,1,8.00,8,22,22,22,631,520.00,392.00
11,11,6,6,16,11,11,16,8.00,8,8,22,15,631,772.00,571.00
11,11,11,16,11,6,1,11,10.00,1,22,8,1,631,672.00,451.00
11,6,16,6,1,6,1,6,4.00,8,1,22,22,631,446.00,322.00
6,16,6,6,1,16,11,1,10.00,15,15,1,1,631,531.00,423.00
6,1,16,11,1,16,11,1,2.00,1,22,15,8,631,640.00,481.00
1,6,11,6,6,1,11,6,6.00,22,1,1,1,631,518.00,365.00
1,11,6,6,11,16,16,11,8.00,15,1,1,8,631,759.00,577.00
11,11,11,1,11,6,1,16,0.00,22,15,15,22,631,581.00,399.00
6,1,11,6,16,16,6,16,10.00,22,8,8,8,631,727.00,554.00
16,16,11,11,1,11,11,6,8.00,8,22,15,8,631,682.00,502.00
16,16,11,16,6,1,11,11,8.00,8,15,8,8,631,744.00,517.00
11,6,1,1,11,1,1,16,10.00,22,1,8,22,631,483.00,306.00
16,1,1,11,6,6,6,6,2.00,15,22,15,1,631,443.00,335.00
1,11,6,1,6,1,16,1,8.00,15,1,1,8,631,469.00,345.00
16,1,1,16,16,16,16,6,0.00,1,22,22,1,631,749.00,596.00
1,1,1,1,1,1,1,1,0.00,8,15,22,15,631,124.00,78.00
6,1,16,6,6,16,11,1,4.00,1,15,22,1,631,608.00,472.00
11,1,6,6,11,1,1,6,10.00,1,8,22,22,631,371.00,241.00
1,11,16,1,11,11,16,6,0.00,1,8,1,22,631,726.00,557.00
16,6,16,16,1,1,16,1,0.00,15,1,8,8,631,681.00,484.00
1,11,6,1,6,1,6,16,6.00,1,1,22,22,631,583.00,378.00
1,16,6,1,1,6,1,16,2.00,22,22,1,22,631,495.00,337.00
16,1,1,16,16,6,11,16,4.00,22,8,15,1,631,812.00,579.00
16,16,1,11,1,11,1,16,8.00,1,1,22,22,631,713.00,454.00
6,11,1,1,6,11,6,6,8.00,1,8,22,22,631,402.00,309.00
6,6,6,11,1,16,11,11,4.00,22,8,8,8,631,690.00,529.00
11,11,1,16,1,16,6,6,10.00,1,22,8,15,631,584.00,455.00
11,6,16,16,16,1,11,6,10.00,15,22,22,1,631,723.00,516.00
6,6,11,16,1,6,11,16,0.00,1,15,15,15,631,865.00,577.00
1,1,6,16,16,11,6,16,10.00,22,22,1,1,631,790.00,565.00
1,1,1,1,1,11,6,11,2.00,15,1,15,8,631,413.00,319.00
1,16,16,11,6,6,11,6,10.00,15,22,22,1,631,708.00,507.00
11,11,16,16,16,16,6,11,10.00,15,15,8,1,631,810.00,615.00
16,16,16,6,6,16,16,1,10.00,15,8,15,22,631,779.00,585.00
1,11,6,6,1,6,11,1,10.00,1,15,8,8,631,441.00,321.00
16,11,16,16,1,1,11,1,0.00,15,22,1,8,631,615.00,433.00
16,6,6,6,6,1,11,6,8.00,22,15,15,22,631,528.00,353.00
16,16,11,11,6,1,1,11,6.00,22,22,22,1,631,565.00,377.00
1,1,11,16,16,1,16,6,4.00,1,8,15,22,631,725.00,517.00
16,6,6,11,16,11,6,1,6.00,22,22,15,15,631,508.00,387.00
11,11,1,6,11,1,16,1,4.00,8,1,22,8,631,498.00,360.00
1,1,16,6,16,16,1,16,2.00,22,15,1,1,631,691.00,513.00
11,1,16,6,1,6,1,11,10.00,1,22,8,1,631,507.00,350.00
11,6,1,16,6,6,1,16,2.00,1,1,22,22,631,753.00,454.00
16,1,11,6,11,1,11,6,10.00,1,15,22,1,631,547.00,402.00
11,1,6,6,11,1,1,11,0.00,1,1,1,15,631,470.00,293.00
6,6,6,1,1,6,6,11,8.00,15,1,1,8,631,429.00,314.00
1,1,1,1,1,1,16,11,10.00,15,8,8,1,631,520.00,357.00
1,1,1,1,1,1,1,16,6.00,22,8,8,15,631,419.00,258.00
16,6,11,16,1,1,1,16,2.00,1,1,8,22,631,774.00,462.00
6,1,16,11,11,11,16,6,2.00,8,1,1,22,631,781.00,574.00
1,1,16,11,16,1,11,1,4.00,8,1,8,22,631,568.00,406.00
1,1,1,1,1,1,1,1,0.00,22,15,15,22,631,138.00,86.00
1,6,11,6,6,1,11,11,2.00,15,1,8,8,631,586.00,419.00
16,6,6,11,1,1,16,6,6.00,15,1,1,8,631,599.00,423.00
16,16,1,1,1,1,11,6,10.00,15,1,15,15,631,425.00,295.00
6,6,16,16,6,6,16,11,4.00,8,15,1,22,631,865.00,615.00
1,1,1,1,1,16,16,6,0.00,8,22,15,8,631,572.00,443.00
16,16,11,11,1,1,16,11,0.00,15,15,15,1,631,774.00,541.00
1,16,16,11,1,1,1,1,0.00,22,22,8,8,631,399.00,266.00
6,16,11,6,11,6,6,6,10.00,8,15,8,15,631,525.00,382.00
11,16,1,11,11,16,6,6,8.00,1,8,8,8,631,536.00,446.00
6,16,6,6,1,11,1,11,8.00,1,15,8,15,631,508.00,354.00
1,1,1,1,1,11,6,1,2.00,8,22,15,8,631,284.00,232.00
11,11,11,6,1,6,6,16,6.00,22,22,1,22,631,651.00,455.00
1,1,1,1,1,1,1,11,4.00,8,8,15,15,631,320.00,191.00
1,16,6,6,6,16,11,6,2.00,15,22,22,15,631,648.00,482.00
1,11,1,16,16,1,16,11,4.00,22,22,22,15,631,760.00,531.00
6,16,6,6,1,6,11,6,6.00,1,22,22,22,631,561.00,393.00
1,16,6,1,6,11,1,1,8.00,1,22,8,22,631,297.00,238.00
1,1,1,1,1,16,11,1,4.00,1,1,1,15,631,377.00,322.00
11,11,6,1,16,6,1,6,0.00,8,22,22,15,631,371.00,279.00
16,11,6,6,16,16,6,11,0.00,1,1,8,1,631,623.00,501.00
16,1,1,1,1,1,11,6,10.00,15,1,15,22,631,387.00,264.00
16,16,1,11,6,6,6,6,2.00,15,1,8,22,631,480.00,354.00
11,1,16,16,6,1,1,6,8.00,1,8,15,22,631,569.00,363.00
1,16,1,1,16,1,6,6,10.00,15,1,22,22,631,379.00,265.00
6,1,11,11,1,6,16,1,2.00,1,15,8,8,631,601.00,435.00
16,16,16,6,6,16,16,1,10.00,1,8,1,8,631,737.00,585.00
11,1,11,16,11,6,11,16,2.00,15,15,8,22,631,876.00,598.00
1,11,6,6,11,16,16,11,8.00,22,1,8,22,631,787.00,583.00
6,11,6,6,6,11,16,6,8.00,22,1,1,1,631,653.00,485.00
16,16,6,6,1,11,16,16,6.00,22,8,22,22,631,848.00,606.00
11,16,11,16,1,1,6,6,0.00,22,8,15,22,631,573.00,392.00
6,6,6,6,6,6,1,1,10.00,15,22,1,8,631,270.00,200.00
6,6,1,16,1,6,11,1,2.00,1,8,22,8,631,468.00,350.00
11,16,16,11,11,1,6,16,10.00,22,22,1,22,631,775.00,524.00
1,11,11,6,16,1,16,16,0.00,1,8,1,8,631,782.00,575.00
11,11,6,6,11,16,16,11,8.00,22,1,1,1,631,778.00,595.00
16,1,1,16,16,1,1,16,6.00,8,15,1,1,631,690.00,439.00
16,6,11,6,6,16,16,6,0.00,1,8,1,22,631,736.00,559.00
6,6,6,1,1,6,6,11,8.00,15,1,8,8,631,436.00,314.00
11,16,16,16,1,1,16,1,0.00,15,1,8,22,631,720.00,504.00
16,6,11,11,6,1,1,11,6.00,22,22,22,22,631,566.00,368.00
1,1,1,1,1,1,1,1,0.00,1,22,15,22,631,124.00,77.00
1,16,11,16,11,16,6,16,0.00,1,22,22,15,631,915.00,636.00
11,16,11,1,11,16,11,11,10.00,1,8,22,22,631,727.00,554.00
6,6,6,11,1,11,11,6,0.00,1,22,8,22,631,592.00,433.00
16,6,16,16,16,11,6,16,8.00,15,15,8,8,631,907.00,635.00
11,1,11,16,11,6,6,16,0.00,1,8,15,8,631,845.00,549.00
1,6,16,6,11,1,11,11,4.00,22,8,1,22,631,672.00,468.00
16,11,16,11,16,16,16,11,4.00,15,8,8,22,631,957.00,711.00
1,6,16,11,16,11,6,1,8.00,1,1,22,22,631,565.00,429.00
16,16,1,1,11,1,11,6,2.00,8,22,1,1,631,445.00,329.00
1,1,16,11,16,11,6,1,0.00,22,15,8,8,631,557.00,408.00
11,16,6,1,6,6,1,11,2.00,15,8,1,15,631,414.00,297.00
1,1,1,1,1,1,16,1,0.00,8,15,22,22,631,416.00,278.00
6,16,1,6,11,6,11,11,0.00,22,8,1,8,631,588.00,429.00
1,1,11,1,6,16,11,11,2.00,8,8,8,22,631,650.00,484.00
6,16,1,11,6,1,1,16,2.00,22,15,15,15,631,619.00,384.00
11,6,11,11,1,16,16,6,10.00,22,8,1,15,631,770.00,569.00
1,11,6,6,16,6,1,11,10.00,22,15,1,1,631,471.00,342.00
16,6,16,11,11,1,1,16,2.00,8,15,22,8,631,743.00,466.00
1,16,16,16,1,1,6,6,0.00,1,22,15,15,631,598.00,419.00
11,1,6,11,16,6,1,11,4.00,1,15,1,15,631,571.00,381.00
6,6,6,1,11,11,1,11,8.00,22,1,15,22,631,454.00,335.00
1,6,1,1,16,16,11,1,8.00,8,22,22,15,631,486.00,403.00
11,6,16,1,16,16,16,1,6.00,1,15,8,8,631,706.00,572.00
1,1,16,6,11,6,11,16,2.00,22,8,22,22,631,783.00,558.00
16,11,1,16,11,1,16,11,0.00,1,15,8,15,631,738.00,530.00
16,1,11,11,1,16,11,16,0.00,1,8,1,8,631,826.00,610.00
16,11,1,1,16,16,16,6,10.00,1,8,22,22,631,662.00,529.00
6,6,6,11,1,16,11,11,2.00,15,8,1,8,631,676.00,526.00
6,11,16,11,16,11,6,1,8.00,1,1,8,22,631,571.00,437.00
1,6,1,6,1,1,1,1,8.00,1,8,22,22,631,196.00,121.00
16,16,6,1,6,1,6,16,6.00,22,22,1,22,631,566.00,385.00
1,11,1,11,6,11,6,11,6.00,8,1,8,15,631,600.00,421.00
11,6,6,16,16,1,16,16,0.00,1,8,1,8,631,886.00,612.00
11,11,11,6,16,11,11,1,8.00,1,1,1,1,631,553.00,448.00
16,1,16,11,1,1,1,1,6.00,22,15,15,22,631,383.00,248.00
11,16,6,16,1,1,11,6,0.00,22,22,1,15,631,604.00,415.00
11,11,11,6,11,6,6,6,10.00,8,15,8,15,631,515.00,375.00
1,6,1,1,1,1,1,16,6.00,8,15,1,1,631,415.00,261.00
16,11,11,6,11,16,11,11,8.00,22,1,15,22,631,764.00,573.00
1,11,16,11,1,11,1,11,2.00,22,8,8,15,631,624.00,427.00
1,16,11,1,11,11,11,6,0.00,1,22,8,22,631,617.00,463.00
16,16,1,6,11,16,16,6,2.00,15,8,1,8,631,681.00,541.00
16,11,1,1,16,11,16,6,2.00,8,22,22,15,631,641.00,492.00
6,16,6,6,1,16,11,16,2.00,1,15,15,8,631,748.00,567.00
11,16,16,1,1,11,16,1,10.00,1,22,15,8,631,670.00,522.00
16,6,11,16,1,1,1,16,2.00,1,22,22,8,631,753.00,461.00
11,6,11,11,6,16,16,11,6.00,8,8,15,8,631,843.00,633.00
6,6,6,6,1,16,11,1,10.00,1,22,15,8,631,515.00,406.00
1,1,1,1,1,6,16,6,4.00,1,1,15,15,631,481.00,341.00
11,1,11,11,6,6,11,11,6.00,22,22,22,1,631,700.00,491.00
6,11,16,16,11,16,1,11,6.00,15,1,22,1,631,773.00,542.00
16,6,1,1,16,6,6,16,4.00,1,22,15,22,631,580.00,415.00
16,11,1,6,16,11,16,11,0.00,22,22,22,22,631,772.00,568.00
11,6,6,1,1,16,16,6,8.00,8,1,15,8,631,626.00,484.00
1,1,1,1,16,16,16,1,8.00,8,8,22,22,631,559.00,445.00
11,1,16,1,6,6,6,16,6.00,15,8,1,8,631,612.00,445.00
11,16,6,1,11,16,6,16,10.00,15,1,8,1,631,644.00,514.00
1,1,1,1,1,1,1,1,0.00,22,8,22,15,631,131.00,84.00
16,6,6,11,16,16,6,6,10.00,1,22,22,22,631,601.00,483.00
16,1,11,16,6,16,1,1,8.00,8,15,1,1,631,486.00,387.00
16,6,11,1,16,11,16,1,8.00,15,1,1,8,631,619.00,486.00
11,11,11,16,1,6,11,16,0.00,1,15,15,15,631,880.00,587.00
1,1,1,1,1,1,1,1,0.00,22,15,22,8,631,131.00,84.00
11,1,11,16,11,1,11,11,8.00,15,1,1,22,631,738.00,504.00
11,6,6,6,6,6,1,16,4.00,22,8,1,22,631,589.00,386.00
1,11,1,16,1,16,6,16,0.00,1,8,15,8,631,805.00,557.00
1,6,16,6,11,6,11,16,10.00,1,1,1,1,631,761.00,556.00
6,1,6,6,6,1,6,16,0.00,1,1,8,22,631,629.00,398.00
1,6,1,6,16,11,16,6,6.00,15,22,22,15,631,658.00,484.00
11,1,11,16,16,11,1,1,8.00,8,22,22,15,631,506.00,376.00
6,6,6,1,6,6,11,6,6.00,1,22,22,22,631,506.00,359.00
11,1,11,6,11,6,11,11,2.00,8,8,8,22,631,645.00,466.00
6,16,1,11,11,1,1,16,0.00,8,8,8,1,631,634.00,395.00
16,1,1,1,16,6,11,6,8.00,22,1,8,22,631,467.00,350.00
6,11,6,6,6,11,1,16,4.00,1,22,15,22,631,640.00,427.00
1,11,16,16,6,16,11,11,4.00,22,8,1,22,631,857.00,629.00
11,1,11,16,11,1,16,16,0.00,8,15,1,1,631,875.00,612.00
11,6,11,6,16,6,11,6,8.00,22,8,15,15,631,624.00,446.00
16,6,11,11,11,11,11,16,10.00,15,1,15,8,631,848.00,614.00
16,11,11,6,6,1,1,11,6.00,22,22,22,1,631,480.00,330.00
6,11,1,6,6,16,11,16,4.00,1,15,22,22,631,734.00,554.00
6,6,6,6,1,1,1,16,8.00,1,8,22,22,631,586.00,343.00
11,6,1,16,1,16,6,6,10.00,8,22,22,15,631,586.00,447.00
16,16,1,6,11,11,16,6,2.00,1,22,8,15,631,660.00,505.00
6,6,6,1,11,11,1,1,8.00,8,22,1,8,631,273.00,239.00
16,6,6,6,6,1,11,6,8.00,15,22,22,15,631,528.00,357.00
11,6,6,11,1,16,16,11,10.00,15,15,8,1,631,787.00,593.00
1,16,16,11,6,11,6,11,6.00,1,1,1,8,631,708.00,512.00
11,16,11,1,11,11,11,11,6.00,8,1,15,8,631,671.00,510.00
1,6,6,6,1,11,11,6,0.00,1,22,8,22,631,547.00,393.00
1,11,6,6,6,6,1,11,6.00,8,22,8,8,631,462.00,314.00
11,16,1,6,11,1,1,11,4.00,1,22,22,15,631,465.00,299.00
16,16,16,11,6,11,6,11,10.00,15,15,8,1,631,712.00,525.00
1,16,1,6,11,1,11,6,8.00,22,1,1,22,631,480.00,330.00
6,6,16,1,6,16,1,11,10.00,22,22,22,8,631,563.00,421.00
11,16,16,11,11,1,6,16,2.00,1,15,8,15,631,803.00,530.00
6,6,6,1,11,16,11,11,10.00,15,8,15,1,631,637.00,490.00
16,6,6,16,11,16,6,16,0.00,8,15,1,15,631,854.00,620.00
6,11,11,6,6,1,6,11,4.00,22,22,22,1,631,555.00,380.00
6,11,1,1,6,16,16,6,8.00,1,1,8,1,631,584.00,469.00
11,11,6,16,1,1,11,6,0.00,22,22,8,8,631,589.00,408.00
11,1,11,16,1,6,11,6,6.00,1,8,15,22,631,634.00,457.00
1,1,6,1,1,16,16,11,4.00,22,22,1,15,631,694.00,513.00
1,1,1,1,1,16,16,1,6.00,22,22,1,15,631,514.00,420.00
1,1,11,6,11,1,1,1,8.00,22,1,1,22,631,280.00,187.00
11,16,11,6,6,6,11,16,6.00,8,22,1,8,631,743.00,535.00
1,1,16,16,11,6,6,6,10.00,8,15,8,15,631,616.00,441.00
1,1,16,6,16,16,1,16,2.00,22,1,15,22,631,740.00,522.00
1,6,1,1,16,16,11,11,8.00,1,22,15,15,631,612.00,476.00
16,1,6,1,1,16,1,16,6.00,8,15,1,8,631,537.00,411.00
11,6,1,16,6,6,1,1,8.00,1,1,15,8,631,378.00,262.00
11,6,1,16,11,11,1,16,4.00,8,22,22,1,631,747.00,506.00
16,11,16,11,16,1,11,6,8.00,15,1,22,8,631,685.00,504.00
16,11,1,16,1,16,16,1,10.00,8,8,15,8,631,658.00,506.00
11,6,6,1,1,16,16,6,8.00,1,8,15,15,631,633.00,486.00
1,6,6,6,1,11,11,11,6.00,22,15,1,1,631,607.00,440.00
1,11,6,1,16,6,1,11,10.00,8,1,15,8,631,445.00,310.00
1,1,6,11,16,16,11,16,6.00,22,8,22,22,631,835.00,621.00
1,1,1,1,1,1,1,1,6.00,8,15,8,8,631,103.00,67.00
16,11,6,1,11,6,16,16,10.00,15,15,1,1,631,750.00,546.00
1,11,6,1,16,6,1,11,8.00,1,15,1,22,631,438.00,308.00
6,1,11,11,1,6,16,1,8.00,8,8,1,22,631,608.00,428.00
11,6,16,6,16,1,1,1,2.00,1,8,1,8,631,342.00,269.00
16,1,16,11,11,11,16,6,4.00,8,1,8,22,631,798.00,588.00
1,1,1,1,1,1,1,6,6.00,1,15,1,22,631,202.00,123.00
11,1,16,1,6,6,6,16,2.00,1,22,15,8,631,636.00,455.00
16,6,11,16,1,1,1,16,6.00,15,8,1,1,631,725.00,452.00
6,11,16,1,6,6,11,11,6.00,22,1,1,8,631,651.00,474.00
1,11,6,1,6,11,16,16,0.00,22,8,15,22,631,786.00,553.00
16,1,1,16,16,6,6,16,2.00,22,8,1,22,631,774.00,529.00
1,16,11,16,11,1,11,16,8.00,1,1,22,22,631,913.00,598.00
1,1,11,6,1,6,11,1,10.00,15,8,15,22,631,489.00,333.00
1,11,6,1,6,16,11,11,0.00,22,8,1,8,631,628.00,476.00
11,1,6,11,16,16,11,1,4.00,1,8,22,22,631,597.00,466.00
6,1,16,6,6,1,6,16,2.00,8,22,1,15,631,657.00,441.00
16,11,1,11,16,6,11,16,2.00,15,22,22,15,631,771.00,556.00
11,16,6,11,1,6,16,16,2.00,22,22,1,15,631,834.00,586.00
11,11,11,11,1,6,6,1,2.00,1,1,15,15,631,446.00,329.00
16,6,16,6,11,16,16,16,10.00,1,1,22,22,631,945.00,715.00
16,11,16,16,6,16,6,16,4.00,15,1,8,15,631,933.00,649.00
1,1,6,16,16,11,6,16,4.00,8,1,22,15,631,854.00,572.00
6,11,1,1,16,1,1,6,8.00,1,8,15,22,631,284.00,195.00
6,11,1,6,11,16,16,11,4.00,8,8,22,22,631,754.00,571.00
16,11,16,11,16,16,11,11,0.00,15,22,8,1,631,864.00,650.00
11,6,6,1,11,11,1,16,4.00,1,8,15,15,631,582.00,399.00
1,1,16,11,1,11,6,1,4.00,15,22,22,22,631,540.00,376.00
11,16,1,11,16,11,16,1,0.00,1,8,8,15,631,631.00,486.00
6,16,1,1,6,11,6,11,4.00,8,22,8,15,631,492.00,371.00
11,6,1,11,1,1,11,1,0.00,22,15,15,22,631,433.00,282.00
16,11,16,16,1,16,11,6,6.00,22,1,15,15,631,792.00,587.00
1,11,6,1,6,1,11,6,8.00,1,1,8,1,631,429.00,319.00
6,11,11,6,6,1,6,16,6.00,22,22,1,22,631,635.00,430.00
6,1,1,1,11,6,1,6,6.00,15,1,8,15,631,253.00,198.00
11,6,11,11,11,1,1,16,10.00,22,8,15,15,631,696.00,435.00
6,16,16,16,11,6,6,1,0.00,22,1,22,1,631,590.00,440.00
1,11,11,16,16,16,16,1,2.00,1,22,1,22,631,795.00,598.00
16,6,16,11,16,16,11,11,2.00,15,8,1,1,631,828.00,636.00
16,1,6,16,16,6,1,11,10.00,1,8,8,8,631,658.00,433.00
11,16,1,16,6,6,1,16,8.00,15,1,1,22,631,738.00,462.00
11,6,6,6,16,6,16,11,6.00,22,8,15,8,631,727.00,524.00
16,6,11,11,6,1,1,11,6.00,22,8,15,15,631,566.00,360.00
6,6,6,6,1,11,1,11,0.00,22,8,1,15,631,467.00,341.00
11,1,11,1,16,11,6,6,2.00,1,15,8,15,631,488.00,377.00
16,6,11,6,6,1,1,16,6.00,8,8,8,8,631,611.00,383.00
11,11,11,1,11,6,16,16,0.00,22,15,1,1,631,802.00,577.00
11,1,1,6,16,16,16,16,10.00,15,1,15,8,631,798.00,624.00
1,1,1,1,1,1,1,11,10.00,15,15,1,15,631,292.00,187.00
1,11,11,16,16,16,16,11,10.00,1,1,15,1,631,906.00,694.00
16,11,6,11,6,11,11,1,2.00,15,8,1,1,631,539.00,417.00
16,11,6,11,1,6,16,6,2.00,15,22,8,15,631,684.00,480.00
1,1,16,6,11,6,11,16,4.00,1,1,15,8,631,772.00,556.00
1,1,1,1,1,1,1,1,0.00,1,8,22,1,631,96.00,73.00
11,1,11,16,1,16,1,1,6.00,8,15,22,1,631,465.00,366.00
16,16,6,16,16,6,11,6,6.00,1,22,22,22,631,696.00,517.00
1,16,1,16,6,6,1,1,6.00,15,1,1,15,631,361.00,260.00
16,6,11,11,6,1,6,6,2.00,8,8,15,8,631,498.00,352.00
1,16,6,1,1,6,1,16,10.00,1,8,15,15,631,537.00,339.00
1,1,1,1,1,6,6,11,4.00,1,8,15,15,631,397.00,275.00
16,16,6,16,16,1,16,1,8.00,22,1,1,22,631,670.00,473.00
1,1,1,1,1,16,6,11,0.00,15,1,15,15,631,455.00,364.00
16,11,11,11,11,16,11,1,8.00,1,1,8,8,631,632.00,498.00
11,6,1,11,1,1,16,11,2.00,15,1,8,8,631,621.00,445.00
16,6,6,16,11,11,1,16,4.00,8,22,22,8,631,791.00,536.00
11,16,6,6,1,16,6,11,2.00,22,8,15,1,631,595.00,465.00
16,11,16,11,16,1,11,6,8.00,15,1,22,22,631,699.00,502.00
6,6,11,11,6,6,16,16,0.00,22,8,15,22,631,866.00,611.00
1,1,1,1,1,1,1,1,0.00,1,8,15,22,631,110.00,77.00
11,11,6,6,1,6,16,6,2.00,8,1,15,8,631,611.00,439.00
6,16,6,6,1,1,6,6,0.00,15,22,8,15,631,424.00,280.00
1,16,11,16,11,1,6,16,2.00,22,15,15,1,631,805.00,528.00
6,16,6,11,6,1,16,11,0.00,22,8,1,22,631,727.00,502.00
1,1,1,16,1,1,6,1,8.00,8,22,22,15,631,391.00,245.00
1,1,1,1,1,1,1,1,0.00,22,22,1,22,631,131.00,84.00
16,11,6,6,1,11,1,11,0.00,1,15,8,15,631,508.00,364.00
6,6,16,11,16,16,16,11,4.00,8,8,22,22,631,939.00,695.00
1,1,1,1,1,1,16,1,2.00,1,8,15,22,631,395.00,272.00
16,6,11,16,1,6,11,16,0.00,22,8,1,15,631,847.00,582.00
1,1,1,16,1,1,6,6,6.00,1,22,22,1,631,489.00,309.00
6,1,16,6,1,11,6,6,4.00,22,15,15,8,631,549.00,392.00
6,16,6,6,1,11,1,6,8.00,1,1,1,22,631,402.00,295.00
1,1,1,6,6,11,6,11,0.00,22,8,1,22,631,484.00,376.00
16,1,1,6,11,6,11,11,2.00,8,8,8,22,631,560.00,421.00
6,16,1,16,16,6,11,16,8.00,1,1,22,22,631,888.00,591.00
1,11,16,11,16,16,11,11,2.00,1,22,1,22,631,840.00,631.00
11,11,6,11,16,16,6,6,10.00,1,22,1,1,631,573.00,477.00
16,6,6,16,1,1,11,6,0.00,22,22,1,8,631,572.00,402.00
16,16,16,16,16,6,6,11,10.00,8,8,8,22,631,810.00,564.00
16,16,1,6,16,1,6,11,2.00,22,22,1,22,631,516.00,368.00
16,6,1,6,16,16,6,11,10.00,8,15,8,15,631,578.00,478.00
6,6,6,6,1,11,1,11,0.00,22,1,8,15,631,481.00,341.00
11,11,16,16,11,11,1,16,4.00,8,22,22,8,631,866.00,577.00
11,6,1,16,16,1,11,6,10.00,15,22,22,1,631,575.00,423.00
16,6,16,11,16,16,11,6,4.00,8,1,15,1,631,758.00,590.00
11,6,11,6,16,6,11,11,2.00,1,22,1,22,631,675.00,495.00
1,1,1,16,11,1,1,11,10.00,15,8,15,1,631,554.00,351.00
11,1,11,16,1,6,11,6,6.00,8,22,22,8,631,644.00,457.00
16,11,16,16,16,1,11,6,8.00,8,1,1,8,631,697.00,514.00
1,1,1,1,1,1,1,1,0.00,1,15,8,8,631,96.00,64.00
6,6,6,6,6,16,11,16,4.00,22,15,8,8,631,747.00,563.00
6,6,11,6,6,11,6,6,6.00,1,15,22,22,631,529.00,389.00
16,16,6,1,6,16,6,16,4.00,1,22,15,22,631,679.00,510.00
1,1,1,1,1,1,1,1,0.00,1,1,1,22,631,89.00,67.00
16,11,1,11,11,1,1,1,10.00,22,8,8,15,631,284.00,213.00
11,16,16,11,6,11,11,1,10.00,8,15,22,22,631,691.00,501.00
6,11,16,6,1,1,1,1,10.00,15,22,22,22,631,370.00,246.00
6,6,11,1,6,1,11,11,8.00,1,8,15,22,631,565.00,403.00
16,16,11,11,11,16,11,1,8.00,22,8,8,15,631,682.00,520.00
1,11,6,6,1,6,11,1,10.00,1,8,8,22,631,448.00,316.00
11,1,1,6,16,16,11,16,10.00,15,1,15,8,631,728.00,569.00
11,1,6,6,11,1,1,6,4.00,8,8,15,8,631,343.00,229.00
16,11,1,16,6,1,1,1,4.00,22,1,1,22,631,352.00,240.00
1,16,6,6,11,11,6,16,6.00,22,1,8,8,631,684.00,495.00
1,1,1,1,1,1,1,1,0.00,22,8,1,15,631,110.00,74.00
1,1,16,11,16,11,6,11,2.00,15,15,22,8,631,701.00,514.00
16,16,1,1,1,1,11,6,10.00,8,15,22,8,631,432.00,304.00
16,16,1,1,11,1,11,6,2.00,15,1,15,22,631,462.00,327.00
6,6,6,11,16,6,1,11,10.00,22,8,8,15,631,569.00,384.00
11,16,1,6,11,1,1,11,4.00,22,15,1,1,631,416.00,292.00
11,16,11,11,6,1,6,6,2.00,8,8,15,8,631,513.00,369.00
6,1,16,11,6,11,11,1,10.00,15,22,22,22,631,655.00,461.00
16,11,16,16,6,16,6,16,2.00,15,1,8,8,631,926.00,653.00
16,6,6,11,1,1,16,11,4.00,1,1,22,22,631,693.00,492.00
6,6,11,6,11,6,16,1,8.00,22,15,15,8,631,634.00,451.00
11,16,16,16,1,1,16,11,2.00,15,1,8,8,631,836.00,595.00
16,6,6,11,1,1,16,1,0.00,15,1,8,8,631,541.00,376.00
11,1,11,16,11,1,1,16,0.00,8,8,8,1,631,754.00,472.00
6,6,11,1,6,1,16,11,8.00,22,22,15,22,631,695.00,470.00
6,6,11,1,6,1,16,11,8.00,1,1,8,1,631,634.00,466.00
11,11,6,1,16,6,1,6,0.00,1,15,1,15,631,346.00,262.00
1,1,1,1,1,6,11,16,8.00,15,8,1,15,631,543.00,391.00
6,11,16,11,16,1,16,11,0.00,22,22,8,8,631,849.00,601.00
16,6,16,11,16,16,11,11,0.00,1,22,1,15,631,833.00,638.00
16,6,6,11,16,6,6,11,4.00,22,15,1,22,631,617.00,453.00
1,1,1,1,1,1,1,1,0.00,8,8,15,22,631,117.00,76.00
6,1,16,11,1,16,11,1,2.00,22,22,22,8,631,668.00,484.00
1,1,11,11,16,16,11,11,6.00,1,15,8,22,631,760.00,585.00
16,6,16,11,16,16,11,11,2.00,1,22,1,15,631,833.00,638.00
6,1,1,16,11,11,11,11,2.00,1,8,8,1,631,708.00,528.00
11,1,16,11,11,11,16,6,4.00,8,22,8,22,631,814.00,589.00
1,1,1,1,1,1,1,1,6.00,1,1,1,8,631,75.00,54.00
11,11,11,16,16,11,16,11,0.00,1,1,8,22,631,889.00,668.00
11,1,11,11,11,1,1,16,0.00,8,15,15,22,631,700.00,434.00
16,11,16,16,1,1,11,1,0.00,22,8,8,1,631,608.00,429.00
6,6,16,16,16,11,6,1,8.00,1,1,8,22,631,596.00,459.00
1,6,16,11,6,6,16,11,4.00,8,15,1,15,631,813.00,580.00
11,6,1,1,1,11,1,6,4.00,8,1,15,8,631,293.00,225.00
6,1,16,6,11,1,16,1,4.00,8,1,22,8,631,613.00,457.00
16,11,1,6,6,6,11,6,0.00,1,1,22,1,631,483.00,367.00
11,1,1,11,11,1,1,1,10.00,22,8,8,15,631,269.00,190.00
6,11,1,16,11,11,11,11,2.00,1,8,8,1,631,726.00,539.00
16,6,16,11,11,6,16,16,10.00,15,22,22,22,631,950.00,674.00
11,16,16,11,6,11,11,1,4.00,1,8,15,22,631,670.00,494.00
11,11,11,6,11,1,16,6,6.00,1,15,22,8,631,670.00,490.00
1,1,1,1,11,6,1,16,0.00,22,8,8,8,631,467.00,316.00
1,11,6,6,1,6,11,1,10.00,15,15,8,8,631,455.00,317.00
11,16,6,1,6,6,1,1,0.00,22,8,15,22,631,286.00,212.00
11,6,6,6,6,1,16,11,4.00,8,15,1,15,631,648.00,452.00
6,6,16,16,6,6,11,16,0.00,1,22,22,15,631,915.00,623.00
11,16,6,11,1,6,6,1,2.00,22,15,15,15,631,446.00,309.00
11,6,11,11,1,1,1,16,2.00,1,1,15,15,631,694.00,415.00
1,11,6,1,6,1,6,16,6.00,22,15,22,22,631,550.00,366.00
16,11,6,6,1,1,6,6,6.00,22,8,22,22,631,433.00,289.00
1,1,6,11,11,16,1,6,10.00,15,15,1,1,631,469.00,374.00
11,11,6,6,16,6,11,1,4.00,22,15,8,1,631,510.00,375.00
1,16,6,11,6,11,16,11,8.00,22,8,15,22,631,806.00,575.00
16,16,11,6,11,1,1,1,0.00,8,22,8,15,631,347.00,247.00
1,11,16,11,1,11,1,6,4.00,1,1,15,8,631,532.00,377.00
1,1,1,16,6,11,6,16,10.00,8,15,8,15,631,761.00,518.00
16,1,16,1,1,16,16,1,2.00,22,22,1,22,631,686.00,510.00
11,11,16,16,16,16,11,11,0.00,1,1,1,22,631,897.00,674.00
16,16,16,16,11,6,16,6,0.00,15,22,22,1,631,873.00,633.00
11,16,6,16,6,16,6,1,6.00,8,8,15,15,631,550.00,436.00
11,6,16,1,16,6,1,6,0.00,8,15,1,8,631,417.00,323.00
6,6,6,16,1,16,16,1,0.00,1,22,15,15,631,697.00,518.00
11,6,11,16,11,11,11,1,0.00,15,8,8,22,631,652.00,478.00
16,16,16,11,11,1,1,16,2.00,1,8,8,15,631,770.00,484.00
11,11,11,11,1,11,16,1,4.00,15,22,8,22,631,706.00,503.00
16,1,6,6,1,6,16,1,6.00,22,15,22,8,631,556.00,387.00
6,16,6,11,6,16,11,11,10.00,1,8,22,8,631,728.00,562.00
11,11,16,1,16,1,1,1,4.00,8,22,1,1,631,331.00,267.00
1,11,16,11,16,6,16,1,10.00,22,8,15,8,631,742.00,535.00
16,1,16,1,6,11,16,11,2.00,15,8,8,22,631,782.00,569.00
16,11,1,11,11,11,1,16,0.00,1,8,8,22,631,712.00,469.00
16,11,16,1,11,1,16,6,6.00,1,8,8,1,631,661.00,513.00
16,6,1,1,1,6,16,16,8.00,1,8,8,8,631,649.00,474.00
16,1,6,1,16,11,1,16,6.00,15,22,8,8,631,550.00,416.00
16,11,6,1,11,6,11,16,0.00,8,22,22,1,631,677.00,495.00
6,1,11,6,11,11,16,1,10.00,8,22,8,1,631,633.00,474.00
1,11,16,16,6,11,6,16,2.00,1,22,1,8,631,872.00,593.00
16,16,1,16,6,1,6,16,6.00,8,1,1,8,631,756.00,483.00
11,1,6,6,16,11,1,6,10.00,1,8,15,8,631,415.00,324.00
16,16,11,1,6,11,16,1,10.00,1,22,8,8,631,633.00,494.00
16,1,16,1,6,6,1,6,6.00,8,8,15,8,631,383.00,295.00
6,1,6,11,11,1,6,1,10.00,15,15,22,15,631,391.00,265.00
16,11,11,11,6,11,6,1,10.00,8,8,8,22,631,515.00,387.00
16,11,6,16,6,6,16,1,6.00,22,8,8,1,631,653.00,477.00
1,1,6,6,16,11,6,11,8.00,1,22,8,1,631,542.00,421.00
11,16,1,16,6,6,1,11,10.00,1,22,1,22,631,619.00,399.00
1,6,1,1,11,1,11,11,0.00,15,8,1,8,631,471.00,328.00
16,11,6,6,6,1,11,6,0.00,22,8,15,22,631,536.00,363.00
6,11,16,6,1,16,11,16,6.00,15,1,15,1,631,825.00,614.00
1,16,16,6,16,6,16,6,2.00,1,1,8,1,631,744.00,574.00
6,1,6,6,16,11,1,11,4.00,15,8,8,1,631,502.00,375.00
6,16,6,16,1,1,1,11,4.00,22,1,22,22,631,622.00,375.00
1,11,6,1,11,1,16,16,2.00,1,8,8,1,631,686.00,500.00
6,1,6,16,16,11,11,16,6.00,22,8,22,8,631,876.00,626.00
6,1,6,11,16,11,6,6,0.00,15,15,1,22,631,527.00,410.00
16,1,16,11,6,11,1,1,0.00,22,1,1,1,631,419.00,326.00
11,1,1,1,6,11,6,16,4.00,15,8,15,22,631,560.00,413.00
1,11,16,1,11,6,1,11,6.00,22,22,8,15,631,511.00,358.00
1,1,1,1,16,16,6,1,6.00,15,8,22,1,631,391.00,320.00
1,6,6,11,11,16,1,1,0.00,1,22,8,8,631,397.00,328.00
1,1,1,1,1,6,6,16,8.00,15,22,22,1,631,482.00,341.00
16,16,11,1,6,6,1,11,2.00,1,1,22,22,631,503.00,348.00
11,6,11,6,6,1,6,11,8.00,15,15,22,15,631,541.00,376.00
6,11,11,11,11,1,6,11,4.00,8,22,8,8,631,612.00,417.00
6,1,6,16,6,11,11,16,6.00,1,8,15,22,631,874.00,597.00
16,6,11,6,16,1,11,1,8.00,22,1,8,22,631,522.00,372.00
6,11,16,1,6,11,11,6,0.00,8,8,22,15,631,642.00,488.00
6,1,11,6,1,6,1,1,6.00,8,22,15,8,631,297.00,209.00
1,6,16,11,1,6,11,1,4.00,22,8,22,8,631,594.00,412.00
6,6,6,6,6,16,1,6,0.00,15,1,15,15,631,422.00,337.00
11,1,1,11,16,16,1,6,10.00,1,8,8,22,631,493.00,387.00
16,11,16,6,11,1,16,6,2.00,1,15,15,15,631,725.00,530.00
16,1,11,1,1,16,16,6,6.00,22,15,22,8,631,701.00,523.00
1,6,6,6,1,11,11,11,2.00,22,8,1,15,631,610.00,441.00
11,11,6,1,16,6,1,6,0.00,8,8,15,22,631,357.00,271.00
16,16,6,6,11,16,11,16,8.00,1,1,8,1,631,783.00,606.00
16,1,6,1,1,16,1,1,8.00,1,8,15,8,631,318.00,253.00
6,6,6,16,16,11,6,16,4.00,8,15,8,15,631,841.00,578.00
11,11,1,16,11,1,16,11,0.00,1,1,22,15,631,761.00,532.00
16,16,6,16,16,11,16,16,2.00,1,15,15,8,631,968.00,714.00
11,16,16,1,1,1,16,6,10.00,15,22,15,15,631,686.00,489.00
1,1,1,1,1,1,1,1,0.00,1,1,1,8,631,75.00,54.00
16,1,16,6,6,6,6,11,4.00,15,22,15,15,631,611.00,434.00
11,16,11,6,11,6,6,6,2.00,22,15,8,8,631,537.00,387.00
16,6,11,1,16,16,1,1,6.00,22,22,15,22,631,425.00,356.00
16,11,16,11,16,16,6,11,0.00,8,22,22,15,631,781.00,597.00
16,11,6,6,16,1,11,6,8.00,15,1,22,1,631,542.00,395.00
6,11,1,6,1,1,1,16,6.00,15,8,1,1,631,505.00,314.00
11,1,16,1,6,6,6,16,8.00,1,8,22,22,631,661.00,464.00
11,6,1,16,1,16,6,6,10.00,1,22,1,1,631,563.00,446.00
1,1,1,1,1,1,1,1,0.00,1,1,22,15,631,103.00,78.00
11,6,11,11,1,16,11,6,2.00,1,8,8,22,631,668.00,505.00
1,6,16,6,11,6,6,16,0.00,15,1,8,22,631,730.00,502.00
6,6,6,1,1,6,6,11,8.00,1,8,15,8,631,441.00,318.00
6,6,6,11,16,6,1,11,10.00,1,15,22,1,631,583.00,387.00
11,1,6,6,11,1,6,6,10.00,22,15,1,1,631,397.00,281.00
6,16,6,6,1,11,11,11,4.00,8,1,22,8,631,638.00,472.00
11,11,1,1,1,1,6,6,0.00,8,1,15,8,631,301.00,212.00
1,16,6,1,6,11,1,1,8.00,1,22,22,22,631,311.00,244.00
16,11,16,11,16,16,16,11,4.00,8,8,8,1,631,938.00,712.00
11,6,11,1,16,11,16,1,8.00,22,15,1,1,631,628.00,478.00
16,16,6,6,6,16,11,6,4.00,22,22,22,15,631,670.00,509.00
1,16,6,6,1,11,16,16,0.00,22,8,15,22,631,826.00,582.00
16,16,11,11,1,1,16,11,0.00,15,22,8,15,631,779.00,538.00
11,11,6,11,1,6,16,6,2.00,22,22,8,8,631,679.00,476.00
6,11,11,6,6,6,11,1,2.00,1,8,8,22,631,518.00,378.00
6,6,1,16,1,6,11,16,10.00,8,8,1,15,631,781.00,528.00
6,16,6,11,6,1,16,11,0.00,22,1,22,8,631,727.00,513.00
16,1,1,16,16,6,11,16,8.00,1,8,15,15,631,847.00,580.00
11,6,1,11,1,6,11,1,6.00,8,1,22,22,631,447.00,320.00
1,11,1,16,16,1,16,11,0.00,1,8,1,22,631,745.00,524.00
16,1,1,16,16,16,16,6,2.00,15,22,22,15,631,773.00,602.00
16,11,11,6,11,11,11,16,10.00,15,1,8,15,631,783.00,582.00
6,6,6,6,1,11,1,11,0.00,1,15,15,8,631,488.00,339.00
16,16,16,6,11,6,6,1,6.00,8,1,8,22,631,513.00,389.00
1,16,11,16,11,16,6,16,6.00,8,22,15,1,631,887.00,630.00
6,16,1,11,16,6,16,1,2.00,15,22,22,22,631,640.00,454.00
11,6,1,6,16,11,16,1,0.00,1,8,8,15,631,561.00,438.00
11,1,11,16,11,1,11,11,4.00,22,8,1,1,631,709.00,500.00
11,1,11,11,6,6,16,16,10.00,15,22,8,22,631,856.00,600.00
11,6,1,6,1,6,16,1,2.00,8,1,8,1,631,467.00,348.00
6,11,11,6,6,1,11,6,8.00,22,22,22,22,631,597.00,397.00
16,16,11,11,1,11,11,11,8.00,8,15,8,22,631,747.00,548.00
1,11,6,6,16,6,11,1,10.00,15,8,15,8,631,500.00,365.00
16,11,1,11,11,16,16,6,6.00,8,8,22,1,631,717.00,561.00
16,1,16,6,6,6,11,11,0.00,1,8,15,1,631,673.00,502.00
11,11,1,6,1,11,11,11,4.00,15,22,8,15,631,604.00,449.00
11,11,6,11,1,6,16,6,2.00,8,1,22,8,631,658.00,477.00
11,16,11,16,1,1,6,11,6.00,22,15,15,22,631,686.00,450.00
6,11,1,6,1,1,11,1,2.00,15,15,1,1,631,361.00,250.00
6,1,16,11,1,16,1,16,8.00,1,8,22,22,631,796.00,525.00
1,11,1,16,1,6,6,1,2.00,1,1,15,15,631,409.00,292.00
11,16,6,11,1,16,11,16,10.00,1,1,1,1,631,816.00,604.00
1,11,6,16,6,1,11,16,10.00,22,22,15,8,631,790.00,532.00
16,11,11,16,16,1,16,11,2.00,15,22,22,15,631,863.00,606.00
6,16,16,16,6,1,1,11,6.00,22,22,22,1,631,665.00,437.00
16,6,11,11,11,6,6,1,0.00,22,1,22,22,631,501.00,357.00
16,11,16,11,16,1,11,6,10.00,15,22,8,1,631,689.00,496.00
11,1,11,11,6,6,16,16,8.00,15,1,22,1,631,838.00,610.00
1,1,11,11,16,6,6,11,10.00,8,8,8,22,631,655.00,449.00
16,16,1,6,16,11,1,6,0.00,8,15,22,8,631,429.00,340.00
1,1,1,1,1,16,1,1,8.00,15,15,15,15,631,301.00,228.00
1,6,6,1,16,6,16,16,2.00,8,15,1,15,631,738.00,529.00
6,16,6,11,6,1,11,6,6.00,15,1,1,8,631,539.00,382.00
1,6,11,6,6,1,16,11,0.00,22,15,15,1,631,711.00,492.00
11,1,11,16,16,16,16,6,0.00,1,8,1,22,631,826.00,633.00
16,1,1,16,11,1,11,11,4.00,22,8,1,22,631,659.00,467.00
16,6,6,11,16,11,6,1,0.00,8,22,15,1,631,480.00,382.00
16,16,16,6,11,6,6,1,8.00,22,22,15,15,631,548.00,394.00
6,16,1,1,16,11,6,6,2.00,22,8,1,15,631,440.00,350.00
11,1,11,1,16,11,6,16,8.00,1,8,15,1,631,653.00,483.00
16,16,6,16,16,1,16,11,6.00,8,1,15,8,631,805.00,581.00
1,6,6,6,1,11,11,6,10.00,15,22,15,15,631,561.00,398.00
16,1,16,6,6,6,11,11,6.00,15,1,8,15,631,678.00,492.00
16,6,16,6,11,16,16,16,10.00,8,8,22,1,631,952.00,716.00
11,16,16,16,16,1,11,6,10.00,15,22,22,1,631,753.00,540.00
11,6,1,1,11,1,16,16,8.00,1,15,1,22,631,653.00,462.00
6,11,1,1,6,11,6,6,6.00,8,22,8,15,631,402.00,313.00
11,16,1,1,6,11,6,11,4.00,22,8,8,8,631,490.00,379.00
1,6,1,1,16,16,11,11,8.00,15,22,1,8,631,605.00,476.00
16,16,11,1,1,6,6,6,10.00,22,1,15,22,631,479.00,338.00
11,11,11,6,1,6,11,6,8.00,15,8,15,1,631,577.00,414.00
1,1,1,1,16,1,6,1,6.00,1,8,15,22,631,250.00,181.00
6,6,1,1,6,16,1,1,4.00,8,1,8,22,631,315.00,242.00
6,1,16,11,11,11,16,6,10.00,8,15,8,22,631,802.00,581.00
16,11,1,11,1,16,16,1,10.00,1,8,1,8,631,597.00,473.00
6,11,1,6,1,1,1,16,6.00,22,22,15,1,631,498.00,317.00
16,1,11,6,6,16,16,11,6.00,1,22,1,8,631,786.00,602.00
11,6,1,1,11,1,1,16,10.00,22,8,22,15,631,483.00,307.00
6,11,16,1,6,11,11,6,0.00,8,22,15,1,631,639.00,489.00
6,6,1,1,6,16,1,11,4.00,22,15,1,15,631,434.00,344.00
16,6,6,11,16,6,1,1,10.00,8,15,8,22,631,372.00,285.00
16,6,6,6,6,1,16,6,8.00,1,22,15,1,631,592.00,424.00
6,1,16,6,16,16,6,11,4.00,15,22,1,8,631,680.00,519.00
1,16,11,16,11,1,6,1,6.00,22,8,1,8,631,493.00,345.00
1,16,11,16,6,11,1,11,2.00,22,8,1,22,631,689.00,458.00
16,16,11,16,6,1,11,6,8.00,8,15,22,22,631,681.00,479.00
16,1,11,16,6,16,1,1,8.00,8,22,15,8,631,492.00,390.00
16,1,1,16,16,16,16,16,6.00,22,15,1,1,631,897.00,712.00
11,6,11,11,16,16,16,6,0.00,1,8,1,22,631,801.00,609.00
11,1,1,6,1,6,11,6,8.00,15,22,1,8,631,450.00,328.00
16,6,6,6,6,1,16,6,6.00,22,8,15,8,631,602.00,414.00
11,1,1,6,1,6,16,6,6.00,22,8,15,22,631,566.00,393.00
11,6,1,1,11,1,1,16,10.00,22,1,15,8,631,476.00,301.00
6,1,16,11,11,11,16,6,4.00,15,1,1,1,631,771.00,574.00
16,11,16,11,11,6,1,11,8.00,8,1,8,22,631,672.00,444.00
11,6,6,11,1,16,16,11,6.00,1,1,1,15,631,757.00,590.00
16,1,1,1,16,6,6,16,4.00,1,22,15,1,631,549.00,404.00
6,6,6,1,11,11,1,1,8.00,8,22,15,8,631,287.00,243.00
16,16,11,16,6,1,11,6,8.00,8,22,22,15,631,681.00,474.00
16,6,6,16,11,16,6,16,2.00,8,8,15,8,631,868.00,620.00
6,1,11,11,6,1,6,6,0.00,8,22,22,8,631,484.00,336.00
16,11,16,11,11,16,11,1,8.00,1,1,15,15,631,696.00,541.00
6,1,1,1,11,6,1,6,10.00,22,15,1,15,631,264.00,206.00
16,16,6,1,6,16,11,6,10.00,22,8,1,22,631,602.00,471.00
6,6,16,1,1,16,1,6,2.00,1,1,22,22,631,461.00,350.00
11,6,1,1,11,6,16,1,4.00,8,8,1,22,631,478.00,365.00
16,1,1,16,16,16,16,6,0.00,1,1,22,1,631,728.00,591.00
16,11,16,11,16,1,11,6,8.00,15,1,8,1,631,668.00,495.00
6,11,16,6,16,1,11,11,4.00,15,1,22,1,631,702.00,516.00
16,11,1,11,1,16,1,16,4.00,1,8,15,15,631,707.00,486.00
11,6,16,11,11,11,16,1,10.00,1,8,15,15,631,743.00,559.00
6,11,1,11,16,11,16,1,10.00,22,15,1,15,631,632.00,474.00
1,16,1,6,11,16,11,11,0.00,15,22,8,1,631,660.00,513.00
11,1,1,6,16,16,11,11,0.00,15,22,8,1,631,641.00,518.00
1,1,1,1,1,1,1,1,6.00,22,22,8,8,631,124.00,81.00
6,1,6,1,16,11,1,6,0.00,8,22,22,8,631,364.00,287.00
1,1,11,11,16,6,16,16,2.00,8,15,1,15,631,848.00,615.00
1,1,1,16,1,1,6,6,8.00,1,1,8,1,631,465.00,304.00
11,6,11,11,16,16,1,11,10.00,22,8,1,8,631,645.00,492.00
1,1,16,6,11,16,16,16,6.00,22,15,1,1,631,922.00,676.00
1,16,6,11,1,1,6,11,0.00,8,22,15,8,631,559.00,366.00
16,16,11,16,6,1,11,6,8.00,15,8,8,1,631,650.00,463.00
1,6,16,16,1,6,11,6,8.00,15,22,1,8,631,685.00,479.00
1,1,1,1,1,1,1,1,0.00,1,1,15,22,631,103.00,78.00
1,1,6,16,16,11,6,11,4.00,8,22,8,15,631,707.00,505.00
11,16,1,1,6,11,6,16,10.00,22,22,15,22,631,600.00,440.00
16,6,6,6,6,1,11,6,8.00,1,8,22,22,631,507.00,355.00
1,1,1,16,1,1,11,16,6.00,22,8,15,22,631,748.00,486.00
6,1,16,6,6,16,11,1,4.00,1,22,1,15,631,608.00,472.00
16,11,11,11,11,16,11,1,8.00,1,8,22,22,631,667.00,506.00
6,6,6,1,11,16,11,11,10.00,15,8,1,15,631,633.00,486.00
11,16,1,1,6,11,6,11,4.00,8,22,8,22,631,504.00,380.00
6,6,1,1,6,16,1,1,10.00,22,22,15,1,631,340.00,275.00
11,6,1,1,11,1,1,16,10.00,8,22,8,22,631,476.00,301.00
1,1,1,1,1,1,1,1,10.00,15,15,1,1,631,96.00,71.00
11,1,1,1,11,1,1,16,10.00,22,22,15,1,631,438.00,295.00
1,1,16,6,11,16,1,11,10.00,22,8,22,15,631,598.00,448.00
11,6,11,11,1,1,1,16,2.00,22,15,8,8,631,645.00,404.00
11,6,11,11,1,6,1,16,2.00,22,15,15,15,631,684.00,441.00
11,1,6,1,11,11,1,1,0.00,22,1,15,15,631,289.00,234.00
1,1,6,6,1,11,11,11,6.00,8,1,15,8,631,581.00,430.00
1,6,11,1,6,16,11,11,0.00,22,8,1,8,631,658.00,493.00
11,16,11,1,6,6,6,1,0.00,15,8,1,15,631,403.00,302.00
1,1,16,11,16,11,6,11,10.00,1,1,1,1,631,707.00,507.00
1,11,6,16,11,6,1,11,8.00,22,1,1,8,631,627.00,413.00
11,6,11,6,6,1,6,16,8.00,15,8,15,1,631,644.00,434.00
1,1,1,1,1,1,1,1,4.00,1,15,22,22,631,124.00,79.00
1,16,6,1,1,6,1,16,2.00,1,22,15,15,631,523.00,338.00
1,1,16,6,16,16,1,16,2.00,1,1,22,22,631,768.00,523.00
6,16,6,11,1,1,16,1,8.00,8,15,8,1,631,561.00,396.00
1,11,6,1,6,1,16,11,0.00,22,15,15,1,631,636.00,436.00
11,1,1,1,1,16,6,11,2.00,22,8,15,22,631,488.00,382.00
11,16,6,11,11,11,11,11,2.00,1,8,8,1,631,701.00,535.00
11,1,1,6,16,16,1,16,2.00,1,8,8,1,631,631.00,465.00
11,1,1,16,11,11,6,11,2.00,1,15,8,22,631,684.00,479.00
11,11,6,1,16,6,16,6,0.00,1,8,1,22,631,616.00,457.00
16,1,1,16,16,16,1,6,0.00,1,1,8,1,631,570.00,428.00
6,11,11,6,6,6,1,1,0.00,22,15,8,8,631,342.00,239.00
11,16,6,1,6,1,11,6,8.00,1,1,8,1,631,454.00,343.00
16,16,6,16,16,1,16,6,10.00,15,22,8,8,631,742.00,530.00
6,11,1,1,6,11,6,6,6.00,22,8,15,15,631,409.00,313.00
11,16,1,11,11,16,6,11,10.00,1,1,1,1,631,646.00,501.00
1,11,1,16,1,16,11,16,8.00,1,15,8,15,631,843.00,605.00
11,16,1,16,16,6,16,11,6.00,22,8,15,22,631,806.00,590.00
16,16,1,1,11,1,11,6,2.00,1,8,22,1,631,445.00,332.00
11,11,11,6,1,16,6,16,6.00,8,15,22,8,631,728.00,536.00
1,16,1,11,16,6,1,16,2.00,22,15,15,15,631,669.00,442.00
11,6,11,11,1,16,16,1,10.00,22,22,1,15,631,719.00,530.00
1,1,1,1,1,1,1,1,4.00,15,22,15,1,631,117.00,80.00
11,16,6,1,6,6,1,11,6.00,8,1,8,15,631,435.00,299.00
1,1,1,1,1,1,1,1,0.00,15,22,1,15,631,117.00,78.00
1,1,1,1,1,1,1,1,4.00,1,15,22,15,631,117.00,76.00
6,6,11,11,6,6,1,16,4.00,1,1,22,22,631,743.00,458.00
11,11,11,11,1,6,16,16,2.00,1,8,8,15,631,850.00,609.00
11,16,11,16,1,1,6,11,6.00,22,1,1,8,631,672.00,442.00
16,11,16,16,6,6,1,16,6.00,8,15,1,8,631,817.00,528.00
11,6,1,16,6,16,6,16,4.00,1,1,22,22,631,848.00,578.00
11,6,16,6,1,6,1,11,10.00,1,22,1,15,631,524.00,358.00
16,11,11,11,11,16,11,1,8.00,1,22,8,1,631,646.00,509.00
11,6,11,11,16,16,16,16,6.00,22,15,22,8,631,971.00,725.00
1,16,16,16,1,1,6,16,2.00,8,15,1,1,631,810.00,527.00
16,6,6,11,1,1,16,11,2.00,15,1,8,15,631,678.00,478.00
16,6,16,6,11,16,16,16,10.00,15,1,8,8,631,931.00,705.00
6,11,1,6,1,1,1,16,8.00,22,15,22,22,631,533.00,328.00
11,16,1,6,11,1,1,11,4.00,22,8,8,22,631,451.00,292.00
6,11,16,11,6,11,11,11,6.00,8,1,1,15,631,759.00,566.00
1,16,11,1,11,1,11,6,6.00,8,8,22,8,631,540.00,400.00
11,6,11,11,6,16,16,11,6.00,8,8,15,15,631,850.00,635.00
11,1,1,6,16,16,1,16,2.00,1,8,1,22,631,645.00,460.00
6,11,16,11,6,16,11,11,6.00,8,1,8,22,631,808.00,605.00
1,1,1,1,1,1,1,1,0.00,15,15,8,8,631,110.00,71.00
16,1,6,11,11,6,1,6,4.00,8,1,22,22,631,476.00,319.00
16,16,11,16,11,1,6,16,2.00,22,8,1,22,631,834.00,543.00
1,16,6,1,6,16,1,6,2.00,1,1,22,22,631,401.00,318.00
16,11,11,6,11,11,11,16,10.00,15,1,15,1,631,780.00,585.00
16,11,16,11,16,1,11,6,8.00,22,1,22,8,631,692.00,502.00
6,1,16,11,1,16,11,1,2.00,8,22,22,8,631,654.00,486.00
11,6,1,16,11,11,1,16,4.00,15,15,1,1,631,724.00,501.00
6,11,16,11,6,16,11,1,0.00,22,15,15,22,631,713.00,517.00
11,6,16,11,11,11,1,16,4.00,15,1,22,1,631,788.00,526.00
16,11,16,11,16,16,11,6,8.00,1,8,15,15,631,783.00,604.00
16,16,6,1,6,16,1,6,2.00,8,8,22,8,631,412.00,345.00
6,6,11,6,11,11,16,1,8.00,22,15,1,8,631,655.00,479.00
11,16,6,6,1,16,6,11,2.00,8,1,22,8,631,597.00,462.00
16,11,11,11,16,16,6,6,10.00,1,15,1,1,631,621.00,506.00
16,6,6,6,11,11,11,16,10.00,15,1,15,8,631,738.00,555.00
11,11,1,6,11,16,11,11,0.00,15,22,8,1,631,655.00,523.00
6,11,11,1,11,6,1,16,0.00,22,8,8,8,631,562.00,387.00
11,11,11,1,16,11,16,1,8.00,15,1,15,8,631,643.00,503.00
1,1,1,1,1,1,1,1,6.00,1,22,15,15,631,117.00,74.00
16,6,6,16,11,16,6,16,0.00,8,22,8,8,631,847.00,627.00
1,11,16,16,1,11,16,16,6.00,1,8,8,15,631,975.00,698.00
11,1,16,11,11,1,1,6,0.00,1,1,15,15,631,509.00,338.00
16,6,11,11,6,6,16,16,10.00,15,22,8,1,631,864.00,615.00
16,6,6,16,11,16,6,1,0.00,8,22,15,1,631,561.00,444.00
16,16,16,6,11,11,6,16,0.00,8,22,22,8,631,776.00,572.00
1,1,1,1,1,1,1,1,0.00,22,15,22,22,631,145.00,89.00
1,6,11,6,6,16,11,6,4.00,8,1,8,8,631,619.00,472.00
6,1,16,6,16,16,6,11,4.00,22,8,8,15,631,687.00,519.00
11,16,1,6,11,1,1,11,4.00,1,22,15,1,631,444.00,293.00
11,11,11,6,11,1,16,11,6.00,1,15,8,15,631,728.00,526.00
11,11,1,16,1,6,11,6,8.00,15,8,22,1,631,564.00,424.00
6,11,11,16,6,1,11,6,8.00,8,22,15,8,631,642.00,446.00
1,1,16,1,16,16,6,6,8.00,1,1,8,15,631,549.00,436.00
1,6,6,6,16,11,16,11,4.00,22,15,1,22,631,759.00,546.00
11,1,11,16,11,1,11,11,0.00,1,1,8,22,631,759.00,509.00
6,6,11,1,16,16,6,11,10.00,15,1,8,15,631,603.00,467.00
16,6,1,6,6,1,16,11,8.00,1,15,1,15,631,601.00,429.00
6,1,1,1,16,16,11,11,8.00,22,1,15,22,631,609.00,474.00
1,6,16,6,6,16,11,1,4.00,1,8,22,22,631,632.00,477.00
6,11,16,6,11,6,6,16,0.00,1,8,15,8,631,745.00,520.00
11,11,16,16,16,1,6,11,0.00,15,8,8,1,631,742.00,508.00
1,11,6,1,6,1,16,1,8.00,15,22,8,8,631,497.00,344.00
16,16,16,1,11,6,1,16,0.00,15,8,8,8,631,624.00,442.00
11,11,6,1,6,1,11,6,10.00,15,1,15,22,631,477.00,328.00
16,6,16,11,11,1,1,6,0.00,1,1,8,8,631,510.00,345.00
11,16,11,16,16,11,6,16,8.00,15,15,15,15,631,901.00,621.00
1,16,6,1,6,16,16,6,2.00,15,8,1,8,631,661.00,510.00
16,11,1,1,16,11,1,1,8.00,1,22,8,1,631,312.00,269.00
16,6,6,6,6,11,6,11,4.00,8,22,8,15,631,557.00,427.00
11,16,1,16,16,11,6,1,8.00,22,22,15,15,631,532.00,409.00
6,1,11,6,1,1,16,11,0.00,22,22,8,8,631,684.00,464.00
16,16,11,11,16,16,6,16,10.00,22,15,15,22,631,856.00,636.00
16,11,1,11,16,6,6,16,4.00,8,1,22,15,631,754.00,505.00
6,6,6,16,16,11,11,16,2.00,1,22,15,1,631,879.00,628.00
6,11,16,11,6,1,6,16,2.00,22,8,1,22,631,759.00,504.00
1,16,11,16,11,16,11,11,6.00,8,1,1,22,631,840.00,625.00
11,6,1,16,1,16,6,6,10.00,1,22,1,8,631,570.00,445.00
1,16,11,16,6,11,1,6,6.00,22,8,8,15,631,569.00,403.00
6,16,6,6,1,1,6,6,0.00,22,22,22,1,631,435.00,288.00
6,11,16,16,11,16,1,11,6.00,8,1,15,8,631,780.00,540.00
1,6,6,6,16,16,1,11,10.00,15,22,15,15,631,539.00,423.00
16,16,1,6,1,11,11,11,6.00,8,1,15,8,631,596.00,456.00
11,6,6,11,1,16,16,11,6.00,22,8,1,8,631,778.00,589.00
1,1,11,1,6,16,11,11,0.00,1,1,1,8,631,620.00,478.00
6,11,11,11,6,6,1,16,2.00,22,1,15,22,631,725.00,455.00
1,6,1,1,16,16,11,11,8.00,1,15,1,15,631,591.00,471.00
11,11,11,1,11,11,11,1,10.00,1,22,15,8,631,540.00,422.00
6,16,6,6,1,1,1,16,0.00,22,8,8,8,631,557.00,348.00
6,1,16,6,6,16,11,1,4.00,22,1,1,15,631,608.00,454.00
6,11,1,1,16,16,6,16,10.00,22,15,15,22,631,638.00,496.00
11,11,1,1,1,11,11,11,4.00,8,15,22,8,631,557.00,416.00
16,16,1,1,11,1,11,6,2.00,8,1,22,8,631,448.00,329.00
1,1,1,1,1,1,16,6,8.00,22,22,22,1,631,485.00,319.00
6,16,6,6,1,1,11,11,6.00,15,1,22,1,631,572.00,406.00
1,1,1,11,1,6,16,11,4.00,22,22,8,1,631,656.00,464.00
1,11,1,6,6,6,6,11,4.00,15,1,22,15,631,507.00,351.00
16,6,1,11,11,16,6,1,8.00,8,22,15,15,631,506.00,392.00
16,1,6,11,16,11,6,1,8.00,22,22,15,15,631,493.00,378.00
16,6,6,11,1,1,1,6,0.00,1,15,8,8,631,400.00,256.00
6,16,11,16,11,6,1,11,6.00,22,22,22,8,631,677.00,455.00
11,1,6,16,1,6,11,6,6.00,22,22,15,1,631,598.00,429.00
1,6,1,1,16,16,11,11,8.00,1,1,22,22,631,605.00,476.00
16,1,1,16,16,6,11,16,8.00,22,1,15,22,631,840.00,584.00
16,11,1,6,11,1,16,1,2.00,8,15,1,15,631,503.00,364.00
6,1,6,1,16,6,16,16,4.00,8,1,22,8,631,728.00,535.00
1,1,16,16,6,6,11,11,0.00,1,15,1,1,631,763.00,536.00
1,16,6,1,1,16,1,11,6.00,22,22,22,1,631,476.00,363.00
1,16,16,6,1,16,6,16,6.00,1,8,22,1,631,770.00,568.00
11,11,11,11,1,1,1,1,0.00,15,15,15,1,631,330.00,231.00
1,1,1,1,1,1,1,1,2.00,1,15,22,1,631,103.00,79.00
16,16,1,1,1,1,11,6,10.00,15,22,15,22,631,453.00,308.00
16,6,16,11,16,16,11,11,2.00,8,8,22,8,631,840.00,644.00
11,6,11,11,6,16,16,11,6.00,1,22,1,22,631,850.00,636.00
11,11,6,11,1,6,16,16,6.00,1,8,22,1,631,815.00,582.00
11,11,11,6,1,16,6,6,2.00,15,22,8,15,631,569.00,430.00
16,11,1,11,16,6,11,16,2.00,1,22,15,22,631,785.00,557.00
6,16,16,1,16,11,6,6,2.00,22,8,1,15,631,585.00,446.00
1,1,1,1,1,1,1,6,4.00,15,8,22,1,631,186.00,129.00
1,16,11,16,6,16,1,1,6.00,8,15,22,1,631,495.00,391.00
1,16,6,6,6,16,11,6,4.00,22,22,22,22,631,662.00,486.00
11,1,16,16,6,1,6,6,10.00,22,22,22,8,631,593.00,410.00
11,16,16,11,11,1,6,16,10.00,15,8,22,22,631,817.00,542.00
1,1,1,1,1,11,6,6,4.00,1,15,8,15,631,338.00,261.00
1,1,1,16,11,6,6,1,8.00,22,22,8,8,631,411.00,308.00
6,11,16,1,6,11,11,6,6.00,8,8,1,15,631,621.00,476.00
6,16,1,6,11,6,11,11,4.00,22,15,1,15,631,602.00,431.00
16,6,6,11,16,6,1,11,2.00,8,8,8,22,631,600.00,401.00
6,1,16,6,6,6,11,6,0.00,8,22,15,1,631,614.00,449.00
16,16,16,6,11,6,6,1,0.00,1,1,22,1,631,499.00,405.00
16,11,16,11,16,1,11,6,8.00,22,15,8,8,631,692.00,493.00
11,16,6,1,6,6,1,1,0.00,15,1,22,1,631,258.00,207.00
6,11,11,11,6,6,1,16,2.00,1,15,8,8,631,711.00,454.00
16,16,11,11,1,11,11,11,8.00,8,15,1,15,631,733.00,541.00
1,1,1,1,16,1,1,11,10.00,15,22,8,8,631,338.00,228.00
16,16,16,16,16,1,6,11,2.00,22,22,1,1,631,729.00,516.00
11,6,11,11,16,16,16,16,6.00,22,15,1,22,631,964.00,717.00
16,6,6,11,1,11,6,6,4.00,22,1,22,8,631,507.00,392.00
1,6,16,1,16,6,6,6,8.00,22,22,8,8,631,529.00,384.00
6,11,1,11,11,1,16,1,4.00,8,1,22,8,631,533.00,378.00
1,1,1,1,1,1,11,6,6.00,1,1,22,15,631,358.00,247.00
11,6,1,1,11,1,1,11,0.00,15,8,8,1,631,342.00,233.00
1,16,6,11,1,1,6,16,10.00,22,22,15,1,631,658.00,432.00
6,1,6,1,16,6,16,16,2.00,15,15,8,8,631,735.00,527.00
11,16,11,16,16,11,6,16,8.00,8,15,1,15,631,894.00,617.00
11,11,6,1,16,6,1,6,0.00,1,8,15,15,631,349.00,265.00
11,11,1,16,16,1,1,11,10.00,15,1,8,1,631,599.00,385.00
1,6,6,6,1,11,11,11,10.00,22,15,1,1,631,607.00,440.00
1,11,6,1,16,6,1,11,6.00,8,1,15,8,631,445.00,310.00
1,1,1,1,1,11,1,11,8.00,1,1,22,15,631,391.00,265.00
16,1,11,16,11,6,11,16,2.00,15,15,8,8,631,867.00,601.00
11,11,16,6,16,1,16,16,0.00,1,8,1,8,631,837.00,626.00
11,16,6,11,6,1,16,11,0.00,22,15,15,1,631,741.00,514.00
6,16,1,1,6,11,6,16,4.00,8,22,8,15,631,568.00,423.00
6,11,11,6,6,6,11,16,10.00,1,15,22,8,631,740.00,533.00
16,16,1,1,11,1,11,6,2.00,8,8,1,15,631,441.00,320.00
1,1,1,16,16,1,1,16,6.00,15,8,15,8,631,696.00,430.00
6,6,6,6,16,11,16,11,0.00,1,1,8,22,631,736.00,553.00
6,6,1,11,1,6,11,1,2.00,22,8,1,15,631,435.00,307.00
16,11,16,11,16,1,11,6,8.00,15,22,1,15,631,692.00,492.00
6,1,6,1,16,6,16,16,2.00,8,8,22,1,631,732.00,535.00
1,1,1,1,1,1,6,6,4.00,22,15,22,15,631,303.00,192.00
16,16,16,6,6,16,16,1,10.00,1,8,8,22,631,758.00,589.00
16,1,11,11,1,16,11,6,2.00,1,15,8,8,631,651.00,503.00
11,6,11,6,16,6,11,6,4.00,8,1,15,15,631,603.00,444.00
1,1,1,1,1,1,1,1,4.00,8,8,8,15,631,103.00,66.00
6,6,16,16,11,11,1,1,0.00,22,1,15,22,631,514.00,380.00
11,1,6,1,6,6,16,11,4.00,8,15,1,15,631,628.00,451.00
11,16,16,1,1,11,16,16,2.00,8,15,15,8,631,865.00,640.00
16,1,1,11,16,11,16,1,0.00,1,8,8,15,631,591.00,457.00
11,1,11,11,6,6,16,16,10.00,22,8,1,22,631,842.00,600.00
1,16,16,11,6,11,6,11,4.00,22,8,15,8,631,702.00,513.00
6,16,6,16,11,6,1,11,10.00,15,15,8,1,631,635.00,427.00
16,16,16,6,6,16,16,1,10.00,1,8,8,8,631,744.00,589.00
11,16,1,1,6,11,6,11,8.00,15,15,8,8,631,490.00,380.00
16,1,11,6,1,11,16,16,0.00,22,8,15,22,631,841.00,601.00
1,1,1,1,16,16,6,11,0.00,8,8,22,15,631,507.00,408.00
11,16,16,16,1,1,16,1,6.00,8,15,8,15,631,720.00,506.00
6,6,1,1,6,16,1,1,4.00,15,1,8,8,631,308.00,256.00
1,16,16,6,16,6,16,11,8.00,1,1,8,22,631,826.00,613.00
11,1,1,6,16,16,1,16,2.00,1,15,22,1,631,638.00,468.00
11,11,6,16,16,11,6,1,8.00,1,1,8,22,631,524.00,416.00
1,6,16,16,1,1,11,6,0.00,22,22,1,8,631,657.00,448.00
16,6,11,6,6,1,1,16,10.00,22,15,1,1,631,576.00,379.00
6,6,6,11,16,6,1,11,6.00,8,15,1,1,631,555.00,382.00
1,11,6,11,11,16,16,11,8.00,22,1,1,1,631,808.00,614.00
1,16,6,6,16,16,6,1,10.00,22,1,1,15,631,483.00,388.00
16,6,11,11,6,16,11,6,4.00,22,22,22,15,631,730.00,541.00
1,11,6,1,6,1,6,16,6.00,22,22,1,15,631,529.00,356.00
16,6,16,11,11,1,1,6,0.00,1,15,8,15,631,503.00,345.00
6,6,16,1,6,16,1,11,2.00,1,1,15,15,631,544.00,413.00
1,1,1,6,1,1,6,1,4.00,15,15,8,15,631,252.00,159.00
11,11,6,11,1,6,1,6,8.00,1,8,15,22,631,454.00,299.00
11,16,11,6,11,6,6,6,10.00,8,8,8,22,631,530.00,385.00
6,16,1,6,11,6,11,11,2.00,8,15,8,15,631,595.00,431.00
6,11,16,6,1,1,1,1,10.00,8,15,22,22,631,356.00,245.00
16,1,11,16,6,16,1,1,8.00,8,15,22,22,631,506.00,392.00
16,1,11,16,6,16,11,11,10.00,15,15,22,1,631,801.00,617.00
11,6,11,6,16,6,11,6,4.00,8,1,22,1,631,600.00,453.00
16,1,6,11,1,1,16,11,2.00,15,1,8,8,631,656.00,469.00
11,1,1,16,11,6,1,16,8.00,15,1,1,22,631,723.00,454.00
11,6,6,6,6,11,11,11,2.00,1,8,8,1,631,611.00,466.00
1,11,6,1,16,6,16,11,2.00,15,22,22,15,631,713.00,506.00
1,6,1,16,16,1,1,11,10.00,22,15,1,1,631,555.00,367.00
16,6,16,16,11,6,6,16,4.00,1,8,8,8,631,888.00,588.00
16,6,11,11,6,1,6,6,6.00,22,1,8,1,631,485.00,347.00
11,16,6,1,6,6,16,11,0.00,22,22,22,22,631,722.00,501.00
1,16,1,6,16,6,1,1,0.00,22,15,8,8,631,282.00,219.00
16,6,11,16,1,11,1,11,0.00,1,15,8,15,631,683.00,458.00
6,6,6,6,1,1,1,16,2.00,1,22,15,8,631,551.00,336.00
6,6,6,16,16,11,6,11,4.00,8,8,22,22,631,749.00,523.00
1,1,1,1,1,1,1,1,0.00,22,15,22,15,631,138.00,87.00
11,11,6,1,16,6,1,6,0.00,1,1,8,22,631,349.00,264.00
16,11,16,11,11,6,1,11,8.00,8,22,15,8,631,644.00,441.00
16,16,11,16,6,1,11,6,8.00,15,1,1,1,631,636.00,458.00
1,1,1,1,1,1,1,1,0.00,1,8,22,15,631,110.00,77.00
11,1,6,11,11,1,11,16,0.00,1,8,1,8,631,741.00,499.00
11,11,11,6,16,1,1,16,2.00,8,15,1,15,631,639.00,410.00
16,11,11,16,6,1,11,16,10.00,8,15,8,1,631,847.00,570.00
11,6,6,16,16,11,11,1,8.00,1,22,8,1,631,596.00,464.00
1,16,6,1,6,11,1,1,8.00,1,1,1,1,631,248.00,218.00
6,6,6,6,6,6,16,16,8.00,1,15,1,22,631,753.00,541.00
11,6,16,11,11,11,1,16,4.00,1,15,15,15,631,795.00,524.00
16,1,6,1,1,16,1,1,8.00,22,15,1,1,631,331.00,285.00
6,6,6,11,16,6,1,11,10.00,1,1,15,8,631,597.00,386.00
6,11,1,6,1,1,1,16,8.00,1,8,8,22,631,547.00,317.00
6,6,6,1,1,6,6,11,8.00,15,1,22,22,631,464.00,327.00
11,6,1,11,16,1,6,16,2.00,8,15,1,15,631,679.00,449.00
11,1,6,16,6,6,1,16,6.00,8,15,1,8,631,722.00,461.00
1,1,11,6,11,6,16,1,4.00,8,1,22,1,631,586.00,442.00
11,6,1,16,16,11,1,6,0.00,8,22,22,8,631,559.00,393.00
6,6,16,1,6,16,16,16,6.00,22,15,1,1,631,887.00,648.00
11,6,11,11,16,16,1,11,2.00,1,15,8,15,631,673.00,494.00
6,16,1,6,1,11,16,1,8.00,22,8,15,8,631,562.00,418.00
11,1,11,16,11,6,11,11,2.00,8,8,8,22,631,770.00,539.00
16,11,16,11,11,6,1,11,8.00,8,1,22,22,631,686.00,455.00
16,1,1,16,16,6,11,16,8.00,22,1,1,1,631,806.00,574.00
16,11,1,6,11,1,11,6,6.00,1,22,22,22,631,501.00,353.00
11,1,11,16,1,6,16,1,4.00,8,1,22,8,631,653.00,472.00
11,16,11,1,6,6,6,1,8.00,8,1,1,22,631,396.00,302.00
6,11,16,11,6,16,11,11,6.00,8,1,1,1,631,789.00,600.00
16,6,1,6,16,16,6,11,10.00,15,22,22,8,631,613.00,483.00
1,16,16,6,6,16,6,11,0.00,15,8,8,1,631,685.00,516.00
1,16,6,11,1,1,6,16,10.00,22,22,8,15,631,665.00,432.00
16,16,1,16,16,16,1,11,10.00,15,8,15,15,631,703.00,518.00
6,16,6,6,1,11,1,6,4.00,8,1,15,15,631,402.00,300.00
11,6,1,1,1,11,1,6,8.00,1,8,8,8,631,286.00,226.00
1,1,16,11,16,11,6,6,10.00,1,22,1,1,631,598.00,454.00
16,6,6,11,16,16,6,11,2.00,15,8,1,15,631,674.00,536.00
11,6,11,11,16,16,16,6,10.00,22,1,1,22,631,815.00,611.00
11,6,1,16,1,16,16,1,6.00,15,8,15,22,631,659.00,495.00
16,6,11,1,6,6,6,6,10.00,1,22,8,15,631,450.00,330.00
1,1,16,6,1,6,11,6,0.00,1,1,22,1,631,573.00,428.00
6,16,1,1,1,1,1,6,8.00,1,8,15,22,631,249.00,159.00
16,6,11,11,16,16,6,6,10.00,1,22,8,15,631,630.00,501.00
11,6,1,16,1,16,6,1,10.00,22,1,1,15,631,505.00,383.00
11,16,16,1,1,11,1,1,10.00,15,22,1,15,631,392.00,298.00
6,6,6,6,6,6,16,16,2.00,1,15,15,8,631,753.00,543.00
1,1,1,1,1,1,1,11,6.00,15,1,15,1,631,306.00,190.00
11,6,1,11,1,6,1,6,10.00,1,15,22,1,631,402.00,267.00
11,1,6,1,11,11,1,1,6.00,22,22,15,8,631,303.00,251.00
16,11,11,16,6,1,11,16,4.00,22,1,15,22,631,875.00,584.00
16,16,1,16,1,16,11,16,10.00,1,1,1,1,631,861.00,632.00
1,11,1,1,1,1,11,6,10.00,15,1,15,22,631,402.00,268.00
16,16,6,6,1,16,6,11,2.00,22,8,15,22,631,621.00,475.00
16,6,6,11,16,16,6,6,10.00,1,15,22,8,631,580.00,478.00
1,1,1,1,16,16,16,1,6.00,8,1,15,8,631,531.00,437.00
1,16,11,16,11,1,6,16,2.00,8,1,1,22,631,840.00,535.00
11,16,1,1,11,6,1,6,10.00,22,8,15,15,631,319.00,240.00
6,16,11,1,6,6,6,1,8.00,1,1,1,1,631,363.00,305.00
16,11,16,1,11,6,1,16,0.00,22,8,8,8,631,607.00,428.00
1,1,1,1,16,11,11,11,4.00,15,1,15,8,631,548.00,419.00
16,11,6,11,6,11,11,11,10.00,8,15,22,22,631,716.00,532.00
11,11,6,6,16,11,11,16,8.00,1,1,15,1,631,765.00,565.00
1,11,6,1,6,1,16,1,8.00,8,15,1,8,631,476.00,344.00
1,1,1,1,1,1,1,1,8.00,8,1,15,8,631,96.00,66.00
6,6,6,6,16,1,11,11,6.00,1,15,8,1,631,573.00,419.00
11,6,16,6,16,1,1,11,6.00,22,22,22,1,631,530.00,378.00
6,11,16,16,11,16,1,1,8.00,8,8,1,15,631,538.00,426.00
11,1,1,6,1,6,16,6,6.00,15,1,1,8,631,524.00,381.00
11,11,11,1,16,16,16,1,8.00,22,8,15,8,631,692.00,538.00
11,16,11,16,1,1,6,6,4.00,22,1,22,8,631,573.00,396.00
1,6,16,16,1,11,6,6,6.00,22,8,22,22,631,653.00,466.00
6,16,1,6,11,6,11,11,0.00,22,8,15,22,631,616.00,433.00
16,16,6,6,1,11,16,16,2.00,8,8,8,22,631,820.00,600.00
1,1,1,1,1,1,1,1,0.00,8,1,15,1,631,89.00,65.00
11,1,16,16,6,1,6,6,10.00,15,8,15,15,631,593.00,407.00
1,11,1,6,6,6,6,11,4.00,15,22,15,1,631,477.00,344.00
1,11,6,16,11,6,1,11,8.00,15,22,22,15,631,644.00,424.00
1,1,1,1,1,1,1,1,10.00,1,8,15,1,631,89.00,66.00
1,1,11,11,16,16,11,11,6.00,22,8,15,22,631,781.00,583.00
16,6,11,11,16,16,6,1,10.00,15,1,8,8,631,551.00,440.00
11,16,16,16,1,1,16,1,0.00,22,1,1,15,631,713.00,502.00
16,16,6,6,11,16,11,16,8.00,1,15,22,22,631,809.00,617.00
6,6,6,6,6,16,11,16,4.00,8,8,15,22,631,752.00,565.00
11,1,1,1,6,1,1,1,10.00,22,22,15,1,631,155.00,116.00
11,6,1,1,11,1,1,16,8.00,8,1,15,1,631,483.00,303.00
16,11,1,1,1,11,11,11,4.00,8,1,22,8,631,548.00,419.00
11,6,6,6,6,1,11,6,8.00,15,22,1,8,631,495.00,342.00
16,11,16,16,16,6,16,1,2.00,15,22,22,15,631,818.00,586.00
11,1,1,6,1,1,11,1,0.00,22,15,15,22,631,378.00,247.00
6,1,11,6,16,16,6,16,4.00,22,1,8,1,631,727.00,552.00
11,1,6,11,11,16,6,6,8.00,22,15,15,22,631,573.00,451.00
6,11,1,1,6,11,6,6,6.00,8,1,1,22,631,381.00,300.00
16,6,16,11,11,1,16,1,10.00,15,22,22,22,631,720.00,497.00
11,16,16,11,6,11,6,6,0.00,1,1,15,15,631,626.00,479.00
1,1,1,1,1,1,1,1,6.00,15,1,15,15,631,110.00,72.00
6,11,11,6,6,6,11,16,4.00,1,22,8,22,631,737.00,523.00
16,16,6,6,11,16,11,16,0.00,1,15,8,8,631,781.00,610.00
1,1,1,1,1,1,1,1,0.00,22,22,8,1,631,117.00,82.00
11,1,11,1,16,11,6,6,2.00,1,15,8,22,631,495.00,379.00
11,1,1,6,16,16,1,16,2.00,22,8,1,15,631,617.00,468.00
11,11,16,16,16,1,6,6,4.00,8,1,15,15,631,657.00,460.00
11,6,1,1,1,11,16,6,10.00,15,22,22,1,631,573.00,428.00
11,11,6,6,1,16,6,11,2.00,15,1,8,22,631,580.00,454.00
16,1,1,11,6,6,6,6,2.00,22,8,15,22,631,443.00,336.00
6,11,11,6,6,6,11,16,10.00,22,22,22,15,631,765.00,530.00
11,1,11,11,11,11,1,16,4.00,1,8,15,15,631,757.00,496.00
11,6,16,11,6,6,16,16,10.00,15,22,8,1,631,909.00,645.00
16,11,1,11,1,16,16,1,10.00,15,22,15,22,631,653.00,496.00
11,6,16,1,11,11,16,11,8.00,1,8,15,15,631,793.00,598.00
6,11,16,6,11,16,16,16,10.00,15,1,8,15,631,943.00,704.00
1,1,1,11,1,6,11,6,2.00,8,15,1,8,631,466.00,348.00
16,1,16,6,6,6,11,11,6.00,8,8,22,22,631,699.00,505.00
6,6,6,6,6,16,11,16,4.00,1,15,22,1,631,738.00,565.00
6,16,6,11,1,16,6,6,2.00,1,8,8,22,631,548.00,433.00
16,1,11,6,1,1,6,6,0.00,8,1,15,8,631,411.00,297.00
16,11,1,11,11,6,11,16,2.00,15,22,8,15,631,742.00,537.00
11,11,6,11,1,6,16,6,2.00,1,22,15,1,631,662.00,478.00
1,16,6,1,6,11,1,1,8.00,1,1,22,22,631,290.00,233.00
16,16,11,11,1,1,16,11,0.00,8,15,22,1,631,774.00,550.00
11,1,11,16,1,11,1,6,8.00,1,8,8,8,631,548.00,381.00
11,16,6,1,6,6,1,1,0.00,8,15,22,22,631,286.00,220.00
1,1,1,1,16,11,11,16,6.00,8,8,15,15,631,630.00,476.00
11,1,16,16,11,1,11,11,4.00,22,1,8,8,631,759.00,532.00
6,1,16,11,1,16,11,1,2.00,15,1,8,15,631,633.00,469.00
16,6,1,6,16,16,6,11,10.00,15,15,1,1,631,592.00,479.00
6,16,11,16,16,16,16,1,2.00,15,8,1,1,631,794.00,611.00
1,11,1,6,11,6,11,11,2.00,8,8,8,22,631,575.00,415.00
6,16,1,1,16,11,6,16,8.00,1,8,1,8,631,601.00,446.00
1,1,16,6,11,16,1,11,10.00,22,8,15,1,631,577.00,442.00
16,6,6,11,16,16,6,6,6.00,8,15,22,1,631,591.00,478.00
16,16,6,16,16,16,1,1,10.00,1,22,1,1,631,513.00,425.00
16,6,6,11,16,16,6,6,8.00,8,22,22,15,631,601.00,483.00
6,6,6,1,11,11,1,1,10.00,1,22,1,1,631,259.00,235.00
16,16,6,16,16,16,1,1,6.00,1,1,8,1,631,510.00,417.00
6,11,11,6,6,1,11,6,8.00,8,15,22,1,631,559.00,400.00
11,11,6,11,16,16,16,6,0.00,1,8,1,22,631,766.00,594.00
16,1,1,16,1,6,16,6,2.00,15,22,8,15,631,644.00,469.00
16,16,6,6,6,6,1,16,8.00,15,1,1,22,631,628.00,406.00
11,1,1,16,11,11,6,6,8.00,22,22,8,8,631,551.00,426.00
16,6,6,6,16,6,11,11,2.00,1,8,8,1,631,611.00,464.00
11,6,6,6,6,6,16,16,8.00,15,1,1,22,631,758.00,544.00
1,6,6,6,1,16,11,16,4.00,1,15,22,22,631,739.00,546.00
6,6,6,6,11,11,16,11,0.00,1,1,8,22,631,721.00,538.00
11,6,6,11,1,16,1,11,4.00,22,22,22,1,631,568.00,436.00
6,11,1,1,6,16,16,11,6.00,1,1,1,8,631,650.00,511.00
16,1,1,16,1,1,6,6,6.00,22,8,22,22,631,490.00,328.00
11,16,11,16,16,1,16,6,0.00,1,8,1,22,631,766.00,554.00
16,11,16,11,16,1,11,11,2.00,15,22,22,15,631,778.00,552.00
1,11,1,16,16,1,16,1,8.00,15,1,22,1,631,583.00,423.00
1,6,11,6,6,1,11,6,0.00,22,22,1,8,631,542.00,369.00
16,16,11,1,6,1,1,1,8.00,8,1,15,1,631,264.00,215.00
11,1,16,11,1,1,16,11,0.00,22,22,8,8,631,779.00,536.00
16,11,1,11,1,16,16,1,10.00,22,1,8,15,631,625.00,483.00
16,6,16,6,11,16,16,16,10.00,8,8,15,15,631,945.00,709.00
6,11,6,6,6,11,16,6,8.00,15,8,1,8,631,656.00,484.00
16,11,1,1,16,16,16,6,2.00,22,1,8,22,631,662.00,528.00
11,1,6,6,11,16,16,11,8.00,22,1,1,1,631,748.00,574.00
1,11,6,6,11,1,1,6,10.00,1,15,22,1,631,353.00,240.00
1,1,1,1,1,16,11,11,4.00,1,22,8,15,631,545.00,419.00
1,11,1,16,6,1,16,16,0.00,1,8,1,8,631,821.00,559.00
16,11,6,6,1,16,6,16,8.00,8,8,22,1,631,698.00,517.00
16,16,1,11,16,11,1,16,4.00,22,8,8,15,631,709.00,498.00
1,1,1,1,1,1,1,1,0.00,15,1,15,15,631,110.00,72.00
16,1,1,6,6,6,11,11,6.00,8,8,22,1,631,538.00,404.00
16,1,16,11,6,6,6,6,2.00,15,1,8,22,631,565.00,408.00
16,16,11,11,1,1,11,11,2.00,8,8,8,22,631,675.00,473.00
6,16,1,6,11,6,16,11,0.00,22,22,8,8,631,699.00,498.00
16,1,11,6,6,16,11,6,10.00,22,8,1,22,631,647.00,488.00
1,1,1,1,1,16,16,1,2.00,22,15,8,1,631,500.00,411.00
11,11,11,6,1,16,6,11,10.00,15,22,15,15,631,646.00,479.00
16,16,1,6,16,16,1,16,6.00,1,8,22,1,631,680.00,499.00
11,6,11,6,16,6,11,6,4.00,8,22,15,22,631,631.00,452.00
11,6,11,6,1,16,6,16,6.00,1,22,15,1,631,704.00,526.00
6,1,16,6,16,16,6,11,4.00,1,8,22,1,631,675.00,528.00
6,6,6,11,16,6,1,6,2.00,15,8,1,8,631,442.00,319.00
16,11,1,1,16,16,16,11,10.00,22,15,1,1,631,722.00,576.00
6,16,6,11,6,6,11,16,6.00,8,22,1,8,631,755.00,533.00
1,1,16,1,1,1,6,6,0.00,8,1,15,8,631,406.00,296.00
11,6,6,6,6,1,11,16,0.00,1,22,8,15,631,661.00,451.00
6,6,6,6,1,11,1,11,0.00,1,15,22,15,631,502.00,343.00
1,1,11,1,6,16,11,11,0.00,22,15,22,22,631,685.00,496.00
11,1,11,16,1,6,11,6,6.00,1,1,1,8,631,620.00,445.00
1,16,11,1,11,1,11,6,6.00,1,15,8,15,631,533.00,393.00
11,11,1,16,11,1,16,11,0.00,8,8,15,15,631,740.00,528.00
11,16,1,16,16,1,16,11,2.00,15,22,22,15,631,778.00,552.00
1,11,1,1,6,11,6,11,4.00,8,22,8,15,631,472.00,352.00
1,1,1,6,11,1,11,11,6.00,1,22,22,15,631,524.00,366.00
1,16,6,11,1,1,1,1,10.00,22,8,8,15,631,292.00,192.00
16,6,6,11,1,1,16,11,2.00,1,1,15,1,631,666.00,483.00
16,11,6,11,6,11,11,11,10.00,15,1,8,8,631,681.00,523.00
11,11,6,11,1,6,16,6,2.00,15,8,15,1,631,662.00,473.00
16,16,1,11,1,11,1,16,4.00,15,22,8,15,631,657.00,455.00
1,11,6,1,11,11,1,1,0.00,22,1,15,22,631,304.00,238.00
11,1,6,1,16,6,1,11,10.00,22,15,1,1,631,388.00,302.00
11,11,6,1,6,16,1,6,2.00,1,1,22,22,631,396.00,325.00
16,1,11,11,16,16,16,16,6.00,22,15,1,1,631,942.00,717.00
1,6,1,11,11,11,11,11,0.00,22,15,15,1,631,642.00,487.00
6,11,16,16,11,16,1,11,6.00,22,22,22,15,631,759.00,549.00
1,1,11,1,6,16,11,11,0.00,22,15,1,8,631,650.00,485.00
1,1,1,6,11,16,16,6,4.00,15,1,1,22,631,628.00,482.00
11,11,11,1,16,11,16,1,8.00,15,1,1,1,631,622.00,495.00
16,11,16,11,11,6,1,11,8.00,15,1,1,8,631,644.00,440.00
11,11,11,6,16,1,16,16,0.00,1,22,8,15,631,820.00,590.00
11,6,1,16,1,16,6,6,10.00,1,8,1,8,631,563.00,439.00
16,1,11,16,1,11,16,1,8.00,22,8,15,8,631,707.00,507.00
11,16,6,1,6,1,1,6,0.00,1,15,8,8,631,292.00,207.00
16,1,6,11,1,6,1,1,0.00,22,15,8,8,631,297.00,229.00
1,16,16,11,1,11,1,11,0.00,1,15,8,15,631,648.00,438.00
6,6,6,6,1,1,1,1,0.00,15,15,15,1,631,220.00,146.00
11,11,6,1,6,1,16,1,8.00,8,15,8,1,631,486.00,357.00
1,11,6,6,16,11,11,16,8.00,8,15,22,22,631,766.00,560.00
1,16,1,1,16,1,1,6,4.00,22,8,1,22,631,282.00,194.00
1,1,16,11,1,11,6,11,2.00,8,1,22,1,631,670.00,476.00
11,6,1,1,11,6,16,1,4.00,15,8,1,15,631,478.00,364.00
1,11,1,16,16,1,16,11,2.00,15,8,15,1,631,724.00,526.00
1,1,11,6,6,1,6,16,8.00,15,22,22,15,631,631.00,417.00
11,6,1,1,11,6,16,1,4.00,15,8,15,22,631,499.00,369.00
16,6,11,1,6,6,16,1,6.00,8,1,22,1,631,561.00,438.00
11,6,11,11,16,16,6,1,10.00,22,1,1,15,631,553.00,435.00
16,6,11,6,16,6,11,6,4.00,8,1,15,1,631,598.00,453.00
16,16,6,16,16,1,16,6,10.00,15,22,15,22,631,763.00,531.00
16,6,1,16,6,1,6,1,4.00,22,1,1,15,631,375.00,281.00
16,16,16,16,6,16,6,16,4.00,1,1,22,22,631,978.00,670.00
1,1,1,1,1,1,1,1,0.00,15,8,8,15,631,110.00,69.00
1,1,1,1,1,1,1,1,0.00,15,22,22,1,631,124.00,86.00
1,11,11,16,16,16,16,1,2.00,1,1,15,15,631,781.00,593.00
16,6,16,11,11,1,1,6,0.00,15,8,1,1,631,476.00,333.00
11,6,6,11,16,6,1,11,4.00,22,15,1,15,631,560.00,391.00
16,11,6,16,1,1,11,6,0.00,22,22,1,8,631,587.00,410.00
11,6,6,6,6,6,1,16,4.00,1,15,22,22,631,624.00,396.00
6,6,6,6,6,16,11,16,8.00,15,1,1,22,631,738.00,563.00
1,16,6,1,1,6,1,16,2.00,1,1,1,22,631,537.00,335.00
1,6,6,6,16,11,16,11,0.00,1,1,15,22,631,738.00,550.00
1,11,1,6,6,6,11,11,4.00,8,8,22,22,631,574.00,407.00
1,1,1,1,11,6,11,6,4.00,15,8,15,15,631,437.00,313.00
11,11,16,6,16,1,11,11,4.00,15,1,8,1,631,693.00,509.00
6,11,6,11,1,6,16,6,2.00,15,22,8,15,631,674.00,468.00
11,16,11,6,6,6,11,11,6.00,15,1,22,1,631,677.00,497.00
11,1,11,11,11,6,6,6,10.00,8,15,8,15,631,525.00,385.00
11,6,16,6,16,1,11,6,0.00,22,22,1,8,631,632.00,446.00
11,11,6,16,1,1,1,1,8.00,8,8,1,22,631,368.00,239.00
6,11,11,16,16,1,6,11,2.00,22,22,1,22,631,695.00,469.00
16,16,16,6,6,6,11,16,10.00,8,8,1,15,631,786.00,578.00
16,6,11,1,6,6,16,1,6.00,22,8,1,8,631,568.00,420.00
1,16,11,16,6,11,1,6,6.00,15,8,15,22,631,590.00,408.00
6,1,1,1,11,6,1,6,10.00,22,8,15,8,631,264.00,203.00
1,1,11,1,6,16,11,11,0.00,22,8,1,15,631,650.00,480.00
1,16,6,11,16,16,1,11,6.00,22,22,22,1,631,620.00,476.00
1,1,16,6,11,6,11,16,4.00,1,15,1,8,631,744.00,543.00
1,1,6,1,1,16,6,6,8.00,22,1,22,15,631,439.00,337.00
1,1,1,1,1,1,1,1,0.00,1,22,15,15,631,117.00,74.00
6,1,16,6,16,16,6,6,2.00,8,8,15,8,631,608.00,472.00
1,16,11,16,11,16,6,16,8.00,8,1,22,22,631,936.00,636.00
16,11,16,11,16,16,16,11,4.00,8,8,8,22,631,950.00,711.00
6,1,11,11,6,1,6,6,2.00,8,8,15,22,631,492.00,336.00
1,1,1,1,1,1,1,1,4.00,1,15,15,1,631,96.00,72.00
16,6,16,11,11,1,1,6,10.00,15,8,22,22,631,517.00,351.00
11,1,16,16,6,1,6,6,0.00,1,1,15,15,631,614.00,414.00
11,6,11,11,11,1,1,16,6.00,15,1,15,8,631,703.00,440.00
16,11,11,16,6,1,11,16,10.00,22,22,8,15,631,840.00,571.00
16,6,16,11,11,1,1,6,2.00,1,1,22,22,631,538.00,359.00
16,16,6,1,6,16,1,6,0.00,1,1,15,15,631,402.00,340.00
11,11,11,6,1,6,1,1,8.00,8,1,15,1,631,304.00,235.00
11,1,1,1,6,1,11,6,8.00,15,8,22,1,631,394.00,277.00
11,16,6,1,6,6,1,1,0.00,15,15,22,1,631,272.00,216.00
1,6,1,11,11,11,11,11,10.00,22,15,8,8,631,642.00,487.00
16,1,11,11,1,16,11,6,2.00,22,22,22,22,631,707.00,516.00
11,16,16,11,6,11,11,1,10.00,8,8,8,22,631,670.00,494.00
16,6,6,6,11,6,11,16,4.00,1,15,8,8,631,706.00,506.00
1,1,16,11,11,11,6,1,8.00,22,22,15,15,631,563.00,400.00
11,11,11,11,1,6,16,16,2.00,22,1,1,22,631,850.00,606.00
6,6,11,6,11,1,1,1,8.00,22,22,1,15,631,314.00,208.00
11,11,11,16,11,6,1,11,8.00,1,8,15,1,631,693.00,450.00
6,6,6,6,16,16,11,6,0.00,8,8,22,15,631,632.00,490.00
6,16,6,6,1,11,1,6,8.00,1,8,1,8,631,381.00,292.00
6,1,11,11,1,6,16,1,2.00,1,8,8,8,631,594.00,432.00
1,1,1,1,1,1,1,1,8.00,1,8,8,1,631,82.00,59.00
11,1,1,6,1,6,1,11,10.00,15,8,15,15,631,423.00,282.00
16,11,16,11,16,1,11,6,10.00,15,8,1,22,631,685.00,490.00
1,1,1,1,1,1,1,1,0.00,1,22,22,22,631,131.00,83.00
1,1,16,11,16,1,11,1,4.00,1,1,8,22,631,561.00,409.00
1,1,16,6,11,6,11,16,4.00,1,8,1,22,631,765.00,547.00
6,6,11,6,11,1,1,1,8.00,22,22,8,8,631,314.00,208.00
16,11,1,6,11,1,11,11,0.00,1,1,1,15,631,550.00,390.00
16,1,11,6,11,1,16,1,4.00,8,1,22,8,631,573.00,422.00
16,11,11,11,11,16,11,1,8.00,1,1,8,1,631,625.00,502.00
1,1,6,16,1,11,11,11,8.00,8,15,8,8,631,699.00,508.00
16,16,11,11,16,11,6,16,10.00,22,22,15,22,631,824.00,596.00
6,11,6,6,6,6,1,1,10.00,15,22,1,15,631,292.00,211.00
6,6,6,6,6,11,16,6,8.00,22,1,8,22,631,662.00,474.00
6,6,6,16,16,11,11,1,8.00,1,8,1,1,631,570.00,454.00
1,16,6,6,6,16,11,6,10.00,15,22,22,22,631,655.00,481.00
1,1,1,1,1,11,16,16,10.00,15,1,15,1,631,661.00,488.00
1,16,1,11,16,11,16,1,10.00,22,1,22,1,631,635.00,476.00
11,1,11,11,6,6,11,11,6.00,15,22,1,15,631,677.00,482.00
1,16,6,11,1,1,6,11,0.00,1,8,15,8,631,580.00,371.00
1,6,16,6,11,6,6,16,0.00,15,8,8,1,631,702.00,496.00
6,6,6,16,6,1,16,11,0.00,22,15,15,1,631,746.00,519.00
1,16,16,11,16,16,6,1,10.00,22,1,1,8,631,616.00,476.00
6,16,16,16,11,6,6,1,6.00,15,22,22,15,631,618.00,441.00
6,1,6,6,6,1,6,1,0.00,22,1,22,22,631,336.00,220.00
1,1,11,1,6,16,11,11,0.00,8,15,8,8,631,643.00,485.00
16,16,11,11,1,11,11,11,8.00,22,8,1,8,631,733.00,541.00
6,6,6,6,16,1,6,11,4.00,15,22,15,15,631,521.00,362.00
1,11,1,6,6,6,11,11,6.00,22,1,1,8,631,546.00,401.00
6,1,11,11,6,16,11,11,8.00,22,1,15,22,631,749.00,560.00
1,6,1,1,16,1,6,6,2.00,8,8,15,8,631,328.00,233.00
11,16,16,11,11,1,6,16,10.00,22,22,15,15,631,782.00,529.00
6,16,1,1,16,6,1,16,6.00,15,1,8,15,631,538.00,361.00
1,1,6,16,16,11,6,16,10.00,1,8,15,22,631,854.00,567.00
16,16,6,6,11,16,11,16,6.00,15,22,15,22,631,823.00,617.00
16,6,1,6,16,16,6,11,10.00,8,15,8,8,631,585.00,479.00
1,1,16,6,11,6,11,16,4.00,22,1,8,15,631,755.00,549.00
16,1,11,1,11,1,1,11,4.00,22,8,8,15,631,414.00,288.00
1,1,1,1,1,1,1,1,0.00,22,1,15,8,631,110.00,77.00
16,1,16,11,1,1,1,1,8.00,22,22,15,1,631,369.00,252.00
11,6,1,1,11,1,1,16,4.00,22,15,1,8,631,448.00,299.00
11,16,6,16,11,6,1,11,6.00,22,1,15,8,631,661.00,435.00
6,16,6,6,1,1,6,6,0.00,8,22,22,8,631,424.00,290.00
11,1,11,1,16,11,6,6,2.00,15,8,1,1,631,478.00,373.00
1,11,11,16,16,16,16,1,2.00,22,8,1,15,631,795.00,593.00
6,16,6,6,1,16,11,1,10.00,22,15,15,22,631,573.00,431.00
6,1,11,6,16,16,6,16,10.00,1,22,15,8,631,741.00,555.00
11,6,1,1,1,11,1,6,4.00,8,1,22,15,631,307.00,229.00
1,11,1,16,16,1,16,11,2.00,15,22,15,15,631,746.00,529.00
16,11,1,6,11,1,16,16,8.00,8,15,22,22,631,741.00,517.00
11,1,16,16,6,6,11,16,6.00,8,22,22,8,631,896.00,614.00
11,16,11,6,6,16,11,6,4.00,8,1,1,22,631,666.00,504.00
1,1,1,1,1,1,1,16,8.00,15,15,15,1,631,412.00,256.00
1,1,16,6,11,11,1,1,8.00,1,1,15,8,631,379.00,304.00
16,1,6,1,1,1,11,16,4.00,1,15,8,8,631,566.00,398.00
16,1,1,1,16,1,6,16,4.00,22,15,15,1,631,510.00,365.00
1,16,16,11,1,1,1,1,0.00,8,15,15,22,631,399.00,275.00
16,16,1,6,16,6,6,11,10.00,8,15,8,1,631,527.00,402.00
1,16,6,1,6,11,1,1,8.00,1,1,8,22,631,276.00,224.00
16,16,6,6,11,16,11,16,8.00,8,1,1,22,631,790.00,609.00
1,1,16,11,16,1,11,1,2.00,8,8,15,22,631,582.00,414.00
16,6,6,16,11,1,16,11,2.00,15,22,22,15,631,783.00,553.00
1,1,1,1,1,1,1,1,0.00,8,1,8,8,631,89.00,59.00
1,16,11,11,11,11,16,6,4.00,8,1,8,22,631,778.00,569.00
6,1,16,1,11,1,11,6,6.00,8,8,15,15,631,550.00,404.00
11,11,11,6,1,1,16,1,4.00,22,8,1,15,631,575.00,400.00
6,16,1,11,6,16,16,6,10.00,8,8,15,8,631,703.00,539.00
1,1,1,16,16,16,16,16,6.00,22,15,15,1,631,885.00,691.00
11,16,16,1,1,11,16,16,2.00,15,22,1,15,631,872.00,631.00
11,6,1,11,6,6,6,6,2.00,15,1,8,22,631,455.00,332.00
11,6,6,11,1,16,11,11,8.00,22,1,8,22,631,702.00,537.00
6,11,6,6,6,11,16,6,6.00,1,1,1,8,631,635.00,481.00
6,16,6,6,1,1,6,6,0.00,8,1,15,15,631,403.00,284.00
6,11,1,6,11,16,11,11,6.00,15,1,22,1,631,643.00,511.00
6,11,6,1,6,1,16,11,8.00,1,15,1,15,631,611.00,438.00
6,6,11,16,16,11,6,16,4.00,8,1,22,15,631,904.00,605.00
16,6,1,16,16,6,11,16,8.00,1,1,22,22,631,878.00,590.00
16,16,16,6,1,6,16,6,6.00,1,8,15,8,631,731.00,547.00
11,1,1,16,16,1,6,11,2.00,22,22,1,22,631,628.00,423.00
6,11,16,16,11,16,1,11,6.00,1,15,8,15,631,773.00,540.00
1,1,11,11,16,16,11,11,6.00,22,22,22,1,631,790.00,587.00
6,16,11,16,1,16,6,11,8.00,1,15,8,15,631,763.00,550.00
11,16,1,11,11,6,11,6,6.00,22,22,15,1,631,583.00,426.00
6,6,6,1,11,11,1,16,4.00,22,8,15,1,631,542.00,394.00
16,16,1,11,1,11,1,1,8.00,8,22,22,15,631,385.00,280.00
16,11,16,16,6,16,11,6,4.00,22,22,22,15,631,835.00,611.00
1,16,6,6,6,16,6,16,4.00,1,1,22,22,631,743.00,521.00
6,16,6,16,11,6,1,11,4.00,1,22,8,15,631,656.00,430.00
16,11,1,1,6,1,11,16,8.00,8,15,22,15,631,589.00,407.00
16,16,11,11,1,1,1,11,2.00,1,15,8,15,631,578.00,359.00
6,6,16,1,6,16,16,11,0.00,22,22,8,8,631,829.00,610.00
1,16,6,6,6,16,11,6,10.00,22,1,1,22,631,620.00,465.00
6,6,11,6,11,1,1,1,6.00,22,22,22,15,631,335.00,222.00
6,6,6,16,16,11,6,1,4.00,8,1,8,22,631,503.00,397.00
6,1,16,11,11,11,16,11,4.00,8,1,22,15,631,860.00,636.00
1,1,1,1,1,1,1,11,6.00,8,15,8,15,631,306.00,188.00
6,1,11,11,11,1,1,16,6.00,15,1,8,15,631,688.00,422.00
1,1,1,1,1,16,11,11,8.00,1,15,8,1,631,524.00,416.00
16,1,11,11,1,16,11,6,2.00,15,8,15,22,631,679.00,506.00
16,6,6,16,11,16,6,16,0.00,1,8,15,15,631,882.00,622.00
11,6,16,11,11,11,1,16,4.00,8,22,22,8,631,781.00,527.00
1,6,16,11,16,11,6,1,8.00,1,1,8,15,631,544.00,418.00
6,11,11,6,6,6,11,16,10.00,8,8,1,22,631,733.00,522.00
6,1,11,6,16,16,6,16,10.00,1,1,1,15,631,755.00,545.00
16,1,11,6,11,1,11,11,0.00,22,15,15,22,631,643.00,441.00
1,1,11,1,6,16,11,11,0.00,1,15,8,15,631,643.00,485.00
11,11,1,16,11,1,16,11,0.00,22,8,1,8,631,713.00,522.00
6,6,6,11,16,6,1,6,10.00,22,15,1,1,631,427.00,321.00
1,1,1,1,1,1,1,1,0.00,8,15,15,22,631,124.00,77.00
11,1,16,16,6,1,6,16,4.00,1,1,22,22,631,868.00,545.00
16,11,16,16,6,16,6,6,10.00,15,8,22,22,631,726.00,550.00
1,16,11,16,11,1,6,11,4.00,8,22,8,15,631,699.00,460.00
11,16,1,1,6,11,6,16,2.00,22,8,1,22,631,572.00,433.00
11,16,16,11,1,1,16,1,10.00,15,22,1,15,631,687.00,480.00
6,6,6,6,6,6,1,1,0.00,15,1,8,8,631,256.00,192.00
1,6,11,16,6,11,1,6,6.00,22,8,1,8,631,542.00,384.00
1,16,11,6,6,1,11,6,6.00,15,1,1,8,631,544.00,390.00
1,1,11,1,6,16,11,11,0.00,8,8,8,15,631,643.00,481.00
6,6,11,11,6,6,1,1,4.00,22,8,1,8,631,353.00,258.00
1,16,1,1,11,11,1,1,8.00,8,22,22,15,631,288.00,232.00
6,6,6,1,16,1,1,6,8.00,1,8,15,22,631,309.00,215.00
16,16,6,6,11,16,11,16,8.00,8,15,22,8,631,802.00,615.00
1,1,1,6,11,1,16,6,6.00,1,1,15,22,631,523.00,366.00
6,6,6,1,1,6,6,11,8.00,15,1,8,1,631,429.00,316.00
6,16,6,6,11,16,16,11,8.00,22,1,1,1,631,788.00,597.00
16,1,16,6,1,6,11,6,8.00,15,8,22,1,631,609.00,440.00
1,1,1,1,1,1,6,16,4.00,22,22,15,8,631,450.00,305.00
16,6,1,1,16,16,11,11,8.00,22,1,15,22,631,634.00,502.00
6,1,1,1,11,6,16,11,0.00,15,22,8,1,631,604.00,437.00
6,11,1,6,11,16,6,6,10.00,22,8,15,15,631,499.00,400.00
16,1,1,11,6,6,6,11,10.00,1,22,8,1,631,555.00,395.00
11,6,16,6,1,6,1,6,2.00,15,1,8,22,631,430.00,308.00
11,6,1,16,6,6,11,6,6.00,22,22,15,1,631,578.00,432.00
6,16,11,16,1,6,1,16,6.00,8,15,1,8,631,767.00,486.00
16,16,16,11,16,11,6,6,6.00,8,15,15,15,631,682.00,513.00
6,16,1,6,11,6,11,11,4.00,22,1,15,22,631,609.00,433.00
1,6,1,1,16,16,11,11,6.00,8,8,8,22,631,605.00,473.00
6,6,11,1,6,1,16,11,8.00,1,8,15,8,631,646.00,471.00
6,1,11,11,6,1,6,6,2.00,8,15,1,15,631,464.00,325.00
1,16,11,1,11,1,11,6,6.00,8,8,8,1,631,523.00,393.00
16,6,6,11,16,16,6,6,10.00,1,22,22,15,631,594.00,481.00
11,1,6,6,11,1,1,6,8.00,1,15,1,1,631,326.00,224.00
6,11,11,6,6,1,11,6,8.00,1,1,15,1,631,531.00,396.00
1,16,6,11,1,1,6,11,6.00,22,22,1,15,631,538.00,364.00
1,16,1,11,16,11,16,1,4.00,15,8,8,1,631,621.00,474.00
6,6,11,11,6,6,1,1,4.00,1,22,22,15,631,378.00,272.00
11,1,6,1,11,11,1,1,0.00,22,22,1,15,631,296.00,252.00
1,1,1,1,16,11,11,11,2.00,8,15,1,15,631,548.00,417.00
16,1,16,6,16,1,6,16,0.00,1,22,1,22,631,711.00,482.00
16,11,16,16,1,1,16,1,0.00,15,1,8,8,631,696.00,497.00
11,1,6,16,11,16,1,16,0.00,8,22,22,8,631,801.00,558.00
6,11,16,16,11,1,1,11,8.00,15,22,22,1,631,677.00,443.00
1,11,6,16,11,11,1,11,6.00,22,22,22,1,631,648.00,460.00
1,11,6,16,11,6,1,11,8.00,22,1,1,22,631,641.00,416.00
16,16,1,6,11,1,11,6,8.00,15,22,22,1,631,513.00,363.00
6,16,6,6,1,11,1,6,2.00,1,15,15,8,631,388.00,297.00
11,16,16,1,1,11,16,16,8.00,1,8,8,8,631,844.00,635.00
1,1,1,1,1,1,1,16,6.00,15,1,15,8,631,433.00,261.00
11,16,16,16,1,1,16,1,0.00,1,8,1,8,631,692.00,507.00
1,1,1,1,1,1,1,1,2.00,15,1,8,22,631,110.00,74.00
1,11,6,6,11,16,1,16,2.00,1,15,8,22,631,675.00,471.00
11,1,1,6,16,16,16,11,8.00,22,1,1,1,631,713.00,565.00
11,11,6,11,1,6,16,6,0.00,1,8,1,22,631,651.00,465.00
16,1,1,16,16,16,16,6,2.00,15,22,8,15,631,759.00,596.00
16,16,6,6,6,6,16,16,6.00,15,1,8,22,631,800.00,574.00
16,6,16,11,16,16,6,1,8.00,8,1,22,15,631,615.00,478.00
16,6,1,11,11,16,11,11,2.00,1,22,1,22,631,685.00,558.00
6,6,6,11,16,6,1,11,4.00,22,15,1,1,631,541.00,382.00
11,11,11,1,11,6,1,16,0.00,8,8,15,22,631,602.00,402.00
16,16,6,6,11,16,11,16,8.00,22,8,8,8,631,795.00,613.00
11,6,1,6,16,6,11,11,0.00,1,1,1,15,631,575.00,429.00
1,1,1,1,1,1,1,1,0.00,1,8,22,22,631,117.00,83.00
1,1,16,6,11,6,11,16,4.00,8,1,22,1,631,765.00,558.00
11,1,11,11,1,1,11,11,10.00,15,8,1,22,631,626.00,436.00
6,6,16,16,6,6,16,11,4.00,8,15,1,15,631,858.00,612.00
16,1,1,16,16,6,11,16,8.00,1,1,22,22,631,868.00,584.00
11,6,6,16,16,11,11,1,8.00,1,1,1,1,631,568.00,458.00
16,6,1,11,11,16,6,1,8.00,8,1,22,15,631,502.00,379.00
6,16,6,6,1,16,11,1,10.00,1,22,15,8,631,545.00,425.00
6,6,11,11,6,6,1,1,4.00,8,8,8,15,631,353.00,260.00
11,6,16,6,1,6,1,11,10.00,1,22,8,1,631,517.00,361.00
1,16,16,6,16,6,16,11,8.00,1,1,22,1,631,828.00,623.00
16,6,16,6,11,16,16,16,10.00,15,1,8,15,631,938.00,702.00
16,11,1,11,11,16,16,6,0.00,1,8,15,1,631,703.00,558.00
1,11,6,6,1,6,11,1,10.00,15,8,15,22,631,469.00,322.00
11,16,11,16,16,11,6,16,8.00,15,15,8,8,631,887.00,619.00
1,11,16,16,6,16,16,16,0.00,8,15,1,1,631,1003.00,743.00
16,6,16,11,16,16,11,11,2.00,1,22,1,22,631,840.00,640.00
11,16,16,11,11,1,6,16,10.00,22,22,22,8,631,782.00,531.00
6,6,11,6,11,1,1,1,8.00,22,1,1,22,631,300.00,203.00
16,16,16,6,6,16,16,1,10.00,1,15,8,8,631,751.00,589.00
11,16,11,1,11,11,11,6,0.00,1,22,8,22,631,627.00,473.00
1,16,6,1,1,6,1,16,2.00,1,1,22,22,631,558.00,348.00
6,1,11,6,16,16,6,16,10.00,22,15,15,22,631,741.00,557.00
11,6,16,1,11,11,16,11,8.00,15,22,15,22,631,828.00,601.00
16,11,1,11,1,16,16,1,10.00,1,8,15,15,631,618.00,480.00
16,11,6,6,1,16,6,16,8.00,8,8,1,15,631,691.00,518.00
1,6,11,6,6,1,11,6,6.00,15,1,1,8,631,514.00,364.00
6,6,11,6,11,11,16,1,8.00,22,15,15,15,631,676.00,486.00
6,11,1,11,11,1,1,1,10.00,22,8,8,15,631,274.00,195.00
1,1,16,16,6,6,11,16,6.00,8,22,1,8,631,865.00,596.00
11,16,6,1,11,16,6,16,10.00,15,1,8,8,631,651.00,510.00
16,1,1,1,16,6,6,16,4.00,1,22,15,22,631,570.00,406.00
1,1,11,1,6,16,11,11,0.00,22,8,1,8,631,643.00,481.00
11,11,1,16,11,1,16,11,0.00,1,15,8,15,631,733.00,524.00
11,1,11,16,11,6,11,16,2.00,15,15,8,8,631,862.00,596.00
1,16,1,6,16,6,16,11,0.00,22,22,22,22,631,737.00,513.00
11,16,6,11,1,6,6,1,2.00,1,1,15,15,631,411.00,306.00
1,1,11,6,6,1,6,16,8.00,15,8,15,1,631,624.00,422.00
6,6,6,1,11,16,11,11,10.00,15,8,1,22,631,640.00,488.00
11,1,6,11,11,16,6,6,6.00,22,1,8,1,631,542.00,443.00
1,16,16,16,1,1,6,16,2.00,8,15,22,8,631,838.00,534.00
1,11,6,6,11,16,16,11,8.00,22,1,1,1,631,768.00,581.00
16,16,1,6,16,6,6,11,10.00,8,8,8,22,631,555.00,407.00
16,16,6,16,16,16,1,1,6.00,8,15,22,1,631,531.00,425.00
16,16,1,6,11,1,11,6,8.00,22,1,1,22,631,495.00,350.00
16,1,16,11,1,1,1,1,6.00,22,15,1,8,631,355.00,244.00
11,6,1,6,16,6,16,1,2.00,15,22,22,22,631,575.00,415.00
6,6,6,11,16,6,1,11,10.00,22,15,1,1,631,541.00,382.00
11,6,1,1,1,11,1,6,4.00,8,1,15,15,631,300.00,226.00
11,1,11,11,11,1,1,16,0.00,8,8,8,1,631,679.00,429.00
16,6,6,11,16,6,1,11,4.00,22,15,1,15,631,565.00,400.00
1,6,16,6,11,6,6,16,0.00,1,8,15,8,631,730.00,504.00
16,16,6,6,1,11,16,16,0.00,22,8,15,22,631,841.00,601.00
11,6,16,6,16,1,1,1,8.00,8,8,1,22,631,363.00,267.00
11,16,6,1,6,6,1,1,0.00,22,15,8,8,631,272.00,209.00
16,1,16,6,6,6,11,11,6.00,8,8,22,1,631,687.00,505.00
16,11,11,16,6,16,16,16,4.00,15,15,1,1,631,975.00,740.00
11,16,1,6,16,11,11,1,0.00,1,15,8,22,631,510.00,402.00
11,16,11,6,1,1,16,16,2.00,15,1,22,1,631,792.00,568.00
16,16,11,11,6,6,1,1,2.00,1,15,22,8,631,400.00,304.00
11,11,16,11,16,16,16,11,8.00,8,1,15,8,631,931.00,709.00
11,6,1,6,11,6,6,6,8.00,1,1,22,15,631,416.00,310.00
16,16,11,6,11,1,11,11,2.00,22,22,22,15,631,695.00,480.00
6,1,16,1,16,11,16,16,6.00,22,15,22,1,631,888.00,644.00
6,16,16,11,1,6,11,16,4.00,1,1,15,8,631,852.00,593.00
16,11,16,1,16,11,11,1,6.00,22,8,8,22,631,624.00,470.00
1,16,1,11,16,11,16,16,2.00,8,15,1,15,631,838.00,633.00
6,1,6,1,16,6,16,1,10.00,22,22,1,15,631,544.00,393.00
11,11,11,16,11,6,1,11,4.00,8,1,22,8,631,707.00,456.00
11,11,1,1,1,11,11,6,4.00,8,1,22,22,631,482.00,364.00
6,16,6,11,6,1,16,11,0.00,1,8,15,8,631,706.00,510.00
1,6,16,6,11,6,6,16,0.00,22,15,15,1,631,695.00,499.00
16,16,6,16,16,16,1,1,6.00,8,22,22,15,631,540.00,424.00
6,6,6,1,11,11,1,1,8.00,8,15,22,1,631,280.00,239.00
16,1,6,1,1,16,1,1,8.00,22,1,1,15,631,325.00,274.00
16,6,11,11,16,16,6,1,10.00,1,1,15,8,631,544.00,442.00
1,1,16,16,6,6,11,16,6.00,1,22,22,15,631,900.00,607.00
11,6,6,6,6,1,11,16,0.00,8,22,1,8,631,640.00,446.00
6,6,6,1,1,11,6,16,8.00,8,8,1,15,631,571.00,412.00
16,11,6,6,1,1,6,11,8.00,15,1,8,22,631,510.00,340.00
16,16,1,6,11,1,11,11,2.00,1,22,1,22,631,570.00,408.00
16,6,16,11,16,16,11,6,8.00,22,1,1,22,631,775.00,582.00
16,16,16,6,6,16,16,1,10.00,8,1,22,22,631,772.00,589.00
11,11,11,16,11,6,1,6,4.00,8,15,8,8,631,559.00,390.00
11,6,1,6,6,6,16,16,4.00,15,1,8,22,631,720.00,525.00
16,16,6,1,11,1,1,16,10.00,22,22,15,1,631,508.00,347.00
16,11,16,11,11,6,1,11,6.00,22,8,15,8,631,644.00,441.00
11,1,1,6,1,6,16,6,8.00,15,1,1,1,631,521.00,382.00
16,11,6,1,11,16,6,16,10.00,22,15,15,22,631,678.00,519.00
6,11,16,16,16,11,6,16,10.00,1,8,8,22,631,942.00,637.00
6,16,1,6,11,6,11,11,2.00,8,1,15,22,631,595.00,433.00
11,1,6,1,1,1,1,6,0.00,1,15,8,8,631,232.00,159.00
16,1,6,11,11,11,1,1,0.00,22,1,15,22,631,401.00,300.00
16,11,6,6,16,16,6,11,0.00,8,1,15,22,631,644.00,506.00
6,16,6,11,11,6,1,11,4.00,22,8,1,1,631,553.00,380.00
11,1,16,1,6,6,6,16,6.00,15,8,15,8,631,626.00,451.00
16,1,11,11,1,6,11,16,2.00,1,22,15,1,631,769.00,536.00
6,11,16,6,1,1,1,1,10.00,15,22,8,15,631,349.00,237.00
1,11,11,6,11,1,6,16,4.00,8,8,15,22,631,687.00,452.00
11,1,6,6,11,1,1,6,10.00,1,15,1,15,631,340.00,227.00
6,11,1,11,11,1,1,1,10.00,22,8,15,1,631,267.00,196.00
6,1,6,6,6,1,16,16,0.00,1,8,1,8,631,691.00,493.00
11,11,11,6,16,1,6,1,6.00,15,22,22,22,631,465.00,321.00
16,6,6,6,6,1,6,6,4.00,8,1,15,15,631,402.00,287.00
11,6,1,1,1,11,16,6,8.00,15,22,1,8,631,555.00,425.00
16,11,11,6,11,11,11,16,8.00,8,15,22,22,631,811.00,593.00
11,11,6,6,16,11,11,16,10.00,15,1,15,8,631,758.00,569.00
11,6,11,11,1,6,16,1,2.00,1,8,1,8,631,607.00,448.00
6,1,6,11,1,16,16,11,6.00,1,1,1,8,631,730.00,571.00
1,1,1,1,1,1,1,1,0.00,22,8,8,8,631,110.00,72.00
11,6,11,11,1,1,1,16,4.00,22,22,22,15,631,659.00,408.00
1,1,11,11,16,11,1,6,0.00,8,8,1,22,631,508.00,369.00
16,11,1,1,16,16,16,6,4.00,22,22,22,22,631,697.00,545.00
1,16,6,6,6,16,11,6,2.00,15,8,1,8,631,606.00,465.00
16,6,6,11,1,1,16,11,2.00,22,22,1,8,631,692.00,479.00
11,11,6,16,1,1,11,6,0.00,15,1,8,8,631,566.00,404.00
16,11,1,11,16,6,11,16,2.00,1,1,22,22,631,813.00,556.00
1,6,11,1,16,1,6,16,6.00,8,1,15,8,631,610.00,421.00
11,11,11,6,16,1,16,16,0.00,1,8,1,22,631,806.00,586.00
11,1,11,16,11,1,11,11,4.00,22,8,1,8,631,710.00,498.00
11,11,6,6,16,6,6,1,6.00,15,22,22,8,631,436.00,320.00
1,1,1,1,16,6,1,1,10.00,8,1,15,15,631,195.00,152.00
1,11,6,1,6,1,11,11,2.00,1,8,8,1,631,506.00,368.00
1,6,16,6,11,6,6,16,0.00,1,15,22,8,631,730.00,510.00
11,16,16,1,1,11,16,16,2.00,1,8,15,8,631,851.00,640.00
11,6,1,1,1,11,1,6,8.00,8,22,15,8,631,314.00,239.00
16,16,11,16,6,1,11,1,4.00,8,1,15,15,631,588.00,420.00
16,16,16,16,1,1,16,1,0.00,15,1,8,8,631,711.00,508.00
11,16,1,6,11,11,16,6,2.00,8,22,22,15,631,676.00,504.00
16,11,1,11,11,16,16,6,0.00,1,8,15,22,631,720.00,563.00
16,16,6,6,11,16,11,16,8.00,8,8,15,1,631,781.00,611.00
1,11,6,16,11,6,1,1,10.00,1,22,15,8,631,434.00,296.00
6,16,6,6,1,16,11,11,8.00,15,22,22,1,631,698.00,521.00
11,16,1,6,11,1,1,11,0.00,8,22,22,15,631,458.00,298.00
16,11,6,6,16,16,6,11,4.00,22,8,8,15,631,637.00,508.00
11,11,1,16,16,1,1,11,10.00,15,8,15,8,631,606.00,387.00
1,11,11,16,16,16,16,1,2.00,15,8,1,22,631,795.00,593.00
16,11,1,11,1,16,16,1,10.00,1,22,15,15,631,632.00,491.00
1,1,16,6,16,16,1,16,2.00,1,8,15,15,631,747.00,515.00
11,6,11,11,16,16,6,1,10.00,1,1,15,22,631,553.00,439.00
6,11,16,16,16,11,16,16,6.00,22,15,1,1,631,1017.00,738.00
16,6,11,11,6,1,1,11,6.00,1,22,15,1,631,559.00,363.00
1,1,1,1,1,1,1,1,0.00,1,15,22,8,631,110.00,77.00
16,16,6,6,16,6,1,6,4.00,8,1,22,22,631,446.00,323.00
11,11,11,16,6,11,16,16,0.00,22,8,15,22,631,961.00,695.00
16,6,16,6,11,16,16,16,8.00,22,15,15,15,631,966.00,708.00
6,6,11,6,11,11,16,1,10.00,15,1,8,15,631,648.00,481.00
1,16,16,11,1,1,11,1,10.00,15,22,22,22,631,610.00,409.00
16,6,16,11,11,6,16,16,4.00,1,8,15,8,631,910.00,674.00
6,11,11,6,6,6,6,1,8.00,1,1,1,1,631,388.00,309.00
11,16,11,1,6,6,11,16,10.00,8,8,1,15,631,697.00,505.00
6,16,6,6,1,11,1,6,0.00,15,8,1,15,631,383.00,295.00
1,1,16,11,16,11,6,11,10.00,1,8,8,8,631,708.00,511.00
6,1,1,16,11,6,6,11,6.00,8,22,15,1,631,640.00,438.00
16,16,16,6,11,6,6,1,0.00,8,1,15,22,631,520.00,392.00
16,1,1,1,16,6,6,16,10.00,22,15,15,8,631,542.00,405.00
1,1,1,16,1,1,6,6,6.00,1,22,15,22,631,503.00,306.00
16,6,1,11,11,16,6,1,8.00,22,8,15,8,631,509.00,389.00
11,1,1,6,1,6,16,6,6.00,8,1,22,15,631,545.00,388.00
11,6,6,11,16,16,6,6,10.00,1,22,1,1,631,558.00,468.00
16,6,1,16,1,16,6,6,10.00,1,22,8,15,631,584.00,452.00
1,16,6,1,1,6,1,1,10.00,1,15,22,1,631,233.00,181.00
11,1,6,6,11,1,1,6,2.00,1,1,22,22,631,378.00,241.00
11,16,6,11,1,6,6,1,2.00,1,15,8,15,631,418.00,305.00
11,11,1,16,11,1,16,11,0.00,1,1,15,15,631,754.00,528.00
11,16,1,16,16,6,16,11,6.00,22,1,8,22,631,792.00,587.00
6,11,6,6,6,11,16,6,8.00,22,8,15,8,631,677.00,491.00
6,11,11,11,6,6,1,16,2.00,1,15,22,22,631,739.00,461.00
1,1,6,16,16,11,6,16,10.00,22,22,8,15,631,805.00,570.00
16,6,6,6,16,6,6,6,8.00,15,1,8,22,631,470.00,354.00
16,1,1,11,6,6,6,6,2.00,22,22,8,8,631,436.00,337.00
6,6,1,1,6,16,1,1,4.00,1,22,15,22,631,336.00,256.00
16,1,1,1,16,6,6,16,10.00,8,15,8,22,631,563.00,405.00
16,11,6,6,16,16,6,11,0.00,1,1,1,15,631,630.00,503.00
16,1,11,6,11,1,11,11,0.00,8,22,22,15,631,636.00,445.00
16,6,16,11,11,1,1,16,2.00,22,15,15,15,631,729.00,468.00
6,11,11,6,6,1,11,6,8.00,22,15,15,8,631,569.00,391.00
1,1,1,1,1,16,16,11,6.00,15,8,22,8,631,642.00,484.00
1,1,1,1,1,1,1,1,2.00,8,8,22,22,631,124.00,83.00
6,6,6,16,16,11,6,16,4.00,8,1,1,1,631,835.00,574.00
16,16,16,6,6,16,16,1,10.00,1,15,15,15,631,765.00,596.00
1,1,1,16,11,1,1,11,10.00,15,8,15,22,631,575.00,348.00
6,11,1,1,6,11,6,6,6.00,22,8,22,8,631,409.00,315.00
6,11,16,1,11,11,16,11,8.00,15,22,15,22,631,838.00,609.00
11,6,1,1,6,16,1,11,4.00,22,22,22,1,631,482.00,361.00
6,11,1,1,6,16,1,11,4.00,15,1,22,1,631,444.00,346.00
11,1,11,16,1,11,16,1,8.00,22,15,1,1,631,688.00,506.00
6,6,6,11,16,6,1,11,10.00,22,8,15,8,631,569.00,386.00
1,16,16,16,1,1,6,16,2.00,22,8,8,15,631,824.00,534.00
11,1,6,1,11,11,1,1,8.00,22,1,15,22,631,296.00,237.00
1,1,1,1,1,1,1,1,6.00,1,22,22,15,631,124.00,80.00
6,11,16,16,11,16,1,11,6.00,22,8,22,22,631,780.00,551.00
11,6,16,1,16,16,16,1,0.00,22,22,22,1,631,741.00,562.00
16,16,6,6,1,11,16,16,10.00,15,1,15,8,631,813.00,598.00
16,11,11,6,11,11,11,16,0.00,22,8,15,22,631,811.00,590.00
11,11,11,6,16,16,16,11,4.00,8,8,22,22,631,869.00,649.00
16,11,16,11,1,1,16,1,4.00,8,8,15,8,631,663.00,481.00
11,1,6,11,11,16,6,6,6.00,22,15,22,22,631,580.00,451.00
16,1,11,16,6,16,1,1,8.00,8,1,8,1,631,493.00,381.00
11,1,1,16,11,11,1,1,0.00,22,1,15,22,631,431.00,311.00
11,1,6,1,11,11,11,11,2.00,1,8,8,1,631,571.00,440.00
16,6,6,11,16,11,11,11,6.00,8,1,15,8,631,715.00,544.00
6,6,6,6,16,1,11,11,6.00,15,22,22,1,631,608.00,426.00
1,11,6,16,6,1,1,1,6.00,22,15,1,8,631,352.00,237.00
16,1,16,11,16,6,1,11,8.00,15,22,22,1,631,632.00,444.00
1,1,1,1,16,16,1,6,6.00,8,15,22,22,631,398.00,302.00
11,11,11,16,11,6,1,11,10.00,15,22,15,15,631,679.00,454.00
1,16,16,16,1,1,6,16,0.00,22,22,8,8,631,803.00,527.00
16,16,11,11,1,1,16,11,2.00,8,15,22,8,631,772.00,549.00
16,16,6,1,11,6,16,1,4.00,8,1,22,1,631,556.00,437.00
11,6,1,6,1,11,16,16,0.00,22,8,15,22,631,761.00,552.00
16,11,6,1,11,6,16,16,6.00,15,1,8,15,631,753.00,543.00
11,6,11,11,11,1,1,16,8.00,1,15,1,22,631,703.00,437.00
1,6,6,6,16,6,16,16,4.00,1,8,15,22,631,785.00,569.00
16,6,16,11,11,11,16,11,0.00,1,1,8,22,631,871.00,650.00
1,1,1,1,1,1,16,6,4.00,22,8,8,15,631,467.00,310.00
11,6,16,11,11,11,1,16,4.00,1,15,15,8,631,788.00,525.00
11,6,11,11,16,16,6,6,10.00,1,22,1,1,631,608.00,493.00
16,6,6,11,16,16,16,16,6.00,22,15,1,1,631,907.00,702.00
16,16,11,16,16,1,11,6,10.00,15,22,22,1,631,708.00,506.00
11,11,1,16,16,1,16,6,10.00,15,22,15,15,631,686.00,485.00
1,1,16,6,11,16,1,11,10.00,1,1,1,1,631,592.00,432.00
11,6,6,16,16,11,11,1,8.00,22,8,1,8,631,603.00,461.00
11,11,11,11,1,6,16,11,10.00,15,22,8,15,631,794.00,556.00
16,16,1,6,16,16,1,16,2.00,22,22,1,15,631,638.00,505.00
6,16,6,6,11,16,11,11,0.00,15,22,8,1,631,714.00,544.00
6,11,1,11,6,1,16,11,0.00,22,15,15,1,631,671.00,464.00
1,11,6,16,6,6,6,6,2.00,15,1,8,22,631,565.00,389.00
16,1,1,11,11,6,1,11,8.00,15,22,22,1,631,530.00,363.00
6,16,1,6,11,6,11,1,10.00,15,22,22,22,631,490.00,351.00
1,1,11,11,16,11,16,11,8.00,8,15,8,8,631,813.00,599.00
16,11,16,16,6,16,6,1,4.00,8,8,8,15,631,633.00,487.00
1,1,1,1,16,16,6,11,2.00,8,22,1,1,631,497.00,407.00
6,6,1,16,6,16,11,11,6.00,8,1,1,22,631,740.00,558.00
11,6,16,6,1,6,1,16,6.00,15,15,1,1,631,623.00,418.00
1,11,16,11,16,1,1,16,10.00,1,1,15,1,631,760.00,484.00
6,11,1,6,11,16,16,16,0.00,22,8,15,22,631,836.00,623.00
16,16,6,6,1,11,11,11,0.00,15,22,8,1,631,659.00,488.00
11,1,16,1,6,6,6,16,4.00,15,1,8,1,631,619.00,451.00
6,11,16,6,16,1,11,11,6.00,15,8,1,1,631,688.00,502.00
11,6,11,11,1,1,1,16,2.00,1,22,22,15,631,680.00,415.00
11,6,6,6,6,1,11,16,0.00,22,15,15,15,631,661.00,458.00
1,6,1,11,11,11,11,11,4.00,15,1,22,1,631,643.00,487.00
11,1,11,11,6,6,11,11,8.00,15,15,22,1,631,686.00,488.00
11,11,16,16,16,1,11,6,4.00,8,1,15,1,631,703.00,520.00
11,6,11,6,16,6,11,6,10.00,15,22,22,1,631,628.00,455.00
6,11,1,6,16,16,6,11,10.00,15,1,8,15,631,578.00,467.00
16,6,1,11,11,1,1,1,10.00,22,8,8,15,631,279.00,203.00
16,16,11,11,1,1,16,11,0.00,8,1,1,22,631,751.00,531.00
1,1,16,11,16,1,11,1,2.00,22,22,8,8,631,589.00,403.00
16,1,11,16,6,11,1,1,0.00,22,1,15,22,631,455.00,346.00
11,1,6,1,11,16,1,1,8.00,8,15,22,22,631,368.00,286.00
11,1,16,16,1,6,1,16,2.00,1,15,1,15,631,791.00,500.00
6,11,11,11,6,1,6,6,10.00,15,8,22,22,631,521.00,361.00
11,1,6,11,16,1,1,1,8.00,8,1,15,1,631,313.00,222.00
11,1,1,1,6,1,6,16,2.00,8,15,1,15,631,489.00,328.00
1,16,1,6,16,6,16,11,6.00,22,8,8,8,631,695.00,500.00
11,16,11,16,16,11,6,16,8.00,22,22,22,8,631,887.00,627.00
1,1,11,16,6,16,11,6,6.00,1,8,15,15,631,698.00,533.00
11,6,11,11,6,16,16,11,6.00,1,1,22,22,631,850.00,638.00
16,16,6,6,16,16,6,11,0.00,8,22,22,15,631,666.00,522.00
16,11,6,6,11,16,11,16,8.00,8,8,15,22,631,787.00,605.00
16,16,1,6,11,1,11,6,8.00,22,15,15,15,631,516.00,357.00
1,1,1,1,1,1,1,1,0.00,1,1,8,8,631,82.00,58.00
6,11,16,11,1,16,11,1,2.00,15,15,1,1,631,656.00,495.00
6,1,16,6,16,1,11,11,4.00,15,1,8,1,631,658.00,481.00
16,16,6,6,1,11,16,16,0.00,22,8,15,1,631,824.00,603.00
1,1,1,16,11,1,11,16,4.00,8,22,8,1,631,750.00,510.00
11,1,1,6,16,16,16,16,2.00,1,22,15,1,631,798.00,624.00
16,11,11,11,11,16,11,1,0.00,8,22,22,8,631,674.00,517.00
16,6,6,16,11,16,6,16,8.00,1,22,1,15,631,854.00,624.00
16,1,1,11,1,1,6,6,8.00,22,15,15,8,631,396.00,283.00
1,1,1,16,6,6,6,6,2.00,15,1,15,22,631,517.00,356.00
11,6,11,11,6,16,1,16,4.00,8,22,22,8,631,756.00,530.00
11,6,1,16,11,11,16,11,6.00,8,8,22,8,631,780.00,599.00
6,6,6,6,16,16,11,11,10.00,15,8,1,22,631,695.00,537.00
6,6,6,1,11,1,11,11,6.00,22,1,1,8,631,521.00,367.00
11,16,11,1,6,16,11,11,0.00,22,8,1,8,631,698.00,530.00
1,1,16,16,1,1,16,1,0.00,15,1,8,8,631,651.00,455.00
16,16,6,6,6,6,1,16,6.00,15,8,1,1,631,600.00,405.00
11,1,16,1,6,6,11,16,4.00,15,1,8,22,631,710.00,513.00
11,6,11,11,1,1,1,16,2.00,22,15,15,22,631,666.00,407.00
11,6,1,6,16,6,16,1,2.00,15,22,22,15,631,568.00,410.00
11,1,11,11,6,6,11,11,6.00,15,8,1,1,631,658.00,481.00
1,11,11,16,16,16,16,1,0.00,15,1,22,1,631,788.00,599.00
1,11,1,1,6,16,1,6,2.00,1,1,22,22,631,357.00,281.00
16,16,11,16,11,16,16,16,0.00,8,15,1,1,631,998.00,765.00
1,6,16,6,1,1,1,1,10.00,8,15,22,22,631,336.00,227.00
6,11,6,6,11,16,6,16,8.00,8,1,8,22,631,732.00,531.00
1,16,11,16,6,11,16,6,8.00,22,1,8,22,631,817.00,583.00
1,1,16,16,1,1,6,16,2.00,8,15,22,8,631,808.00,514.00
1,16,11,6,6,1,6,16,8.00,15,8,15,1,631,654.00,444.00
1,1,1,1,1,1,1,11,0.00,22,8,22,22,631,320.00,200.00
11,6,1,16,6,1,1,1,4.00,22,1,1,22,631,342.00,226.00
16,11,16,11,16,16,16,11,4.00,8,8,1,8,631,929.00,708.00
16,16,11,1,1,6,6,6,10.00,15,22,22,22,631,500.00,352.00
16,6,1,6,16,16,6,11,2.00,8,15,1,15,631,571.00,479.00
11,1,16,1,6,6,6,16,6.00,22,22,15,8,631,641.00,451.00
16,11,11,16,6,1,11,16,10.00,15,8,1,1,631,840.00,568.00
11,16,11,16,16,6,6,6,2.00,15,1,8,22,631,650.00,466.00
16,1,1,11,6,11,6,16,8.00,15,15,8,8,631,687.00,497.00
6,1,1,16,11,6,6,11,6.00,15,15,15,15,631,640.00,440.00
11,11,1,16,16,1,1,11,10.00,8,1,15,22,631,634.00,388.00
11,6,6,6,11,16,11,16,8.00,8,8,15,22,631,772.00,590.00
16,16,1,1,11,1,1,16,10.00,22,22,15,1,631,473.00,321.00
16,1,11,6,11,1,11,11,0.00,8,8,15,8,631,608.00,441.00
6,1,11,11,6,1,6,6,0.00,1,1,1,15,631,485.00,329.00
16,6,6,11,16,6,1,11,10.00,22,15,1,1,631,551.00,398.00
6,6,16,11,11,1,1,6,0.00,1,1,15,15,631,514.00,342.00
16,6,1,11,11,16,6,1,6.00,1,8,8,22,631,485.00,382.00
16,1,11,11,1,16,11,6,4.00,8,1,22,15,631,665.00,506.00
11,11,1,16,16,16,16,6,0.00,1,8,15,1,631,753.00,600.00
16,11,1,11,11,1,1,11,10.00,15,8,15,15,631,528.00,337.00
1,16,11,11,11,16,11,1,8.00,1,22,1,15,631,653.00,501.00
1,16,1,6,1,6,16,6,6.00,22,8,15,8,631,587.00,410.00
1,1,11,6,6,6,6,16,6.00,15,8,1,1,631,635.00,438.00
16,6,11,11,16,16,6,1,10.00,1,8,22,1,631,551.00,448.00
1,1,1,1,1,1,1,1,0.00,8,1,22,8,631,103.00,73.00
1,1,1,1,1,1,1,1,0.00,8,15,8,22,631,117.00,75.00
16,11,11,16,6,1,11,16,10.00,22,1,15,15,631,868.00,580.00
16,11,1,11,1,16,16,1,10.00,1,15,15,8,631,618.00,482.00
6,6,6,6,6,16,11,16,4.00,1,15,1,15,631,731.00,563.00
11,16,1,6,11,1,1,11,4.00,22,8,15,22,631,458.00,295.00
11,1,1,6,16,16,16,11,6.00,8,1,15,8,631,716.00,568.00
1,6,6,6,1,11,6,16,2.00,1,15,8,22,631,655.00,448.00
6,6,6,1,1,6,6,11,0.00,22,15,15,15,631,471.00,322.00
1,11,6,11,11,1,1,1,8.00,22,15,1,8,631,300.00,209.00
1,1,6,6,16,16,1,16,4.00,8,22,8,1,631,635.00,471.00
1,6,11,11,6,11,6,11,6.00,8,1,8,15,631,660.00,461.00
6,6,11,11,6,6,1,1,4.00,8,22,8,1,631,353.00,263.00
1,16,6,1,6,11,1,1,8.00,1,8,8,15,631,276.00,227.00
16,1,16,11,1,1,11,6,8.00,15,22,1,8,631,610.00,422.00
16,6,6,6,1,1,1,1,6.00,22,15,1,8,631,230.00,158.00
6,1,1,16,1,6,11,1,2.00,1,8,8,22,631,453.00,338.00
6,6,6,6,6,1,6,1,6.00,15,22,22,15,631,358.00,232.00
1,1,1,1,6,6,6,1,10.00,22,1,15,8,631,255.00,190.00
1,16,16,11,6,11,6,11,10.00,15,1,15,8,631,708.00,516.00
1,11,6,16,6,16,1,16,6.00,22,22,8,15,631,775.00,544.00
11,1,11,16,1,11,1,1,8.00,8,8,1,22,631,445.00,323.00
1,1,1,1,11,16,6,11,6.00,8,22,8,22,631,499.00,395.00
11,16,6,1,11,16,1,11,10.00,22,8,1,8,631,488.00,401.00
16,16,16,6,6,16,16,1,10.00,22,1,1,22,631,765.00,577.00
6,6,11,6,11,1,1,1,8.00,1,15,8,8,631,286.00,213.00
6,6,6,11,11,1,11,6,8.00,22,1,1,22,631,545.00,381.00
1,1,6,11,11,11,6,6,0.00,22,22,22,22,631,542.00,397.00
11,16,16,11,11,1,6,16,10.00,1,15,1,15,631,796.00,526.00
11,6,6,6,11,6,6,16,0.00,1,8,15,8,631,670.00,447.00
1,6,16,11,1,16,16,11,6.00,1,1,8,8,631,847.00,639.00
11,11,6,6,16,11,11,16,8.00,8,15,22,1,631,755.00,570.00
1,1,1,16,1,6,11,1,2.00,1,8,8,22,631,448.00,332.00
6,6,16,6,11,6,11,16,4.00,1,15,8,8,631,766.00,565.00
6,11,16,11,6,16,11,11,6.00,8,22,8,22,631,829.00,607.00
16,11,1,1,16,16,6,16,2.00,8,15,22,8,631,633.00,510.00
1,16,16,16,1,1,16,6,2.00,15,8,1,8,631,761.00,536.00
16,11,11,16,6,1,11,16,10.00,22,1,1,8,631,847.00,572.00
6,6,6,6,16,1,11,11,6.00,22,22,15,8,631,611.00,421.00
11,1,6,11,11,16,6,6,6.00,1,8,1,8,631,538.00,442.00
11,11,11,6,16,1,16,16,0.00,22,1,8,1,631,815.00,587.00
1,6,1,11,11,11,11,11,10.00,15,15,15,8,631,642.00,487.00
6,16,6,6,1,16,11,1,10.00,1,22,22,1,631,545.00,425.00
11,6,11,11,16,16,16,16,6.00,22,15,1,15,631,957.00,716.00
11,6,1,1,11,1,1,16,10.00,8,22,22,15,631,483.00,304.00
6,6,6,1,11,11,1,1,8.00,22,22,15,1,631,294.00,248.00
16,6,16,11,11,6,16,1,6.00,22,15,1,8,631,720.00,515.00
16,1,16,11,1,1,1,16,4.00,1,8,15,22,631,724.00,440.00
1,1,1,1,1,1,1,1,0.00,1,22,8,15,631,110.00,74.00
16,1,11,11,16,1,11,1,2.00,8,1,1,22,631,526.00,378.00
11,1,1,6,16,16,1,16,0.00,1,15,8,22,631,645.00,462.00
1,11,16,16,6,16,16,6,2.00,15,8,1,1,631,863.00,645.00
1,11,11,16,16,16,16,16,0.00,8,15,1,1,631,983.00,748.00
16,16,1,16,6,1,1,11,8.00,22,15,22,22,631,598.00,381.00
16,16,1,11,1,11,1,16,4.00,1,15,8,15,631,678.00,450.00
11,11,1,16,11,1,16,11,0.00,22,8,15,1,631,724.00,526.00
6,11,1,6,6,11,6,6,6.00,22,8,8,8,631,435.00,338.00
1,1,1,1,1,16,1,1,10.00,22,8,8,15,631,294.00,232.00
6,1,16,11,16,11,6,1,8.00,1,1,8,22,631,541.00,413.00
1,6,16,11,16,1,1,16,10.00,22,22,15,1,631,708.00,463.00
11,6,1,1,11,11,6,1,8.00,1,1,8,22,631,328.00,273.00
16,11,6,6,16,16,6,11,0.00,8,22,22,8,631,644.00,509.00
1,16,6,1,1,6,1,6,4.00,8,1,1,22,631,301.00,215.00
1,6,11,6,6,16,11,16,2.00,1,1,22,22,631,803.00,590.00
11,6,6,11,1,1,16,11,2.00,15,1,8,8,631,666.00,474.00
6,1,16,6,1,11,6,6,2.00,1,22,22,22,631,556.00,400.00
1,6,16,11,6,11,1,6,6.00,22,8,1,8,631,498.00,370.00
1,16,11,1,11,6,6,16,0.00,1,8,15,8,631,640.00,459.00
11,6,1,16,11,11,1,16,4.00,22,8,8,8,631,737.00,502.00
11,11,11,1,11,6,16,16,0.00,8,22,22,8,631,814.00,590.00
11,11,6,16,1,1,11,11,8.00,15,15,8,8,631,672.00,463.00
1,1,1,11,16,11,16,16,10.00,1,22,15,22,631,820.00,611.00
1,1,1,16,11,11,1,16,4.00,8,22,22,8,631,739.00,485.00
16,11,16,11,11,6,1,11,8.00,22,1,1,15,631,644.00,439.00
16,6,11,11,16,16,6,1,10.00,15,1,1,1,631,537.00,439.00
6,6,16,11,16,11,6,11,2.00,15,8,1,15,631,709.00,520.00
1,16,11,16,6,11,1,6,2.00,22,8,1,15,631,562.00,399.00
11,1,11,1,16,11,6,6,6.00,22,8,1,8,631,488.00,375.00
16,1,1,1,16,6,11,16,2.00,22,22,1,15,631,624.00,459.00
11,6,11,11,16,16,16,16,6.00,22,15,1,8,631,950.00,717.00
6,16,16,6,6,6,11,11,6.00,8,8,22,1,631,722.00,533.00
6,6,6,11,16,6,1,11,10.00,8,15,22,22,631,597.00,395.00
6,11,16,6,1,1,1,1,10.00,22,15,1,1,631,328.00,226.00
6,16,16,16,11,6,6,1,4.00,8,1,15,1,631,569.00,435.00
1,1,1,16,1,1,11,11,0.00,22,22,22,22,631,634.00,424.00
1,16,1,6,16,6,1,6,8.00,22,15,15,8,631,364.00,271.00
11,6,16,6,16,1,1,1,8.00,8,8,1,1,631,342.00,270.00
16,11,16,11,11,6,1,11,8.00,15,1,1,22,631,658.00,440.00
16,6,16,11,16,16,11,11,2.00,1,22,8,15,631,840.00,641.00
11,16,1,1,6,11,6,11,4.00,8,22,1,22,631,497.00,380.00
1,6,16,11,16,11,6,1,8.00,1,1,8,1,631,530.00,421.00
6,11,16,6,16,1,11,11,4.00,15,1,8,22,631,700.00,507.00
16,1,1,16,16,6,11,16,8.00,8,15,22,1,631,826.00,582.00
16,16,6,16,16,16,1,1,6.00,1,1,22,22,631,533.00,420.00
11,1,16,1,6,6,6,16,8.00,8,15,8,1,631,612.00,451.00
1,11,6,1,6,1,16,1,6.00,15,8,1,1,631,469.00,345.00
16,6,1,6,16,16,6,11,10.00,15,1,8,8,631,578.00,477.00
16,16,11,11,1,11,11,11,8.00,15,1,22,22,631,754.00,554.00
1,1,1,1,1,1,1,1,6.00,8,15,15,22,631,124.00,77.00
16,11,6,6,16,16,6,11,10.00,1,1,15,1,631,630.00,502.00
16,11,6,11,6,11,11,11,0.00,8,22,22,15,631,716.00,532.00
6,1,1,6,11,1,16,1,6.00,8,1,22,8,631,463.00,327.00
11,6,11,11,16,16,16,16,6.00,22,22,15,1,631,973.00,723.00
11,6,1,1,11,1,1,16,10.00,22,15,1,1,631,441.00,298.00
11,1,11,16,11,1,11,11,4.00,15,22,8,1,631,703.00,498.00
1,11,1,16,6,1,1,6,0.00,8,8,22,15,631,467.00,286.00
6,11,16,1,6,11,11,11,8.00,22,15,22,22,631,735.00,527.00
1,1,16,6,16,16,1,16,2.00,8,8,15,8,631,733.00,515.00
16,1,1,16,16,6,11,16,0.00,22,8,15,22,631,833.00,583.00
11,16,6,6,1,16,6,11,10.00,1,1,22,22,631,618.00,467.00
16,16,1,16,16,1,1,11,10.00,15,8,15,15,631,628.00,402.00
6,6,1,1,1,6,6,11,8.00,15,1,8,22,631,405.00,294.00
6,6,11,6,11,11,1,16,6.00,8,15,1,1,631,645.00,450.00
16,6,11,6,6,1,16,1,8.00,22,15,15,15,631,601.00,413.00
6,1,16,6,16,6,11,16,2.00,1,22,15,1,631,777.00,574.00
16,11,1,11,16,16,6,11,4.00,1,22,15,1,631,652.00,527.00
6,11,1,6,1,16,11,6,10.00,22,8,1,22,631,552.00,424.00
6,16,6,6,1,1,6,6,0.00,8,1,22,22,631,417.00,291.00
6,16,16,16,11,6,6,1,0.00,22,1,15,8,631,590.00,433.00
1,1,16,16,16,6,16,11,6.00,22,8,15,8,631,882.00,636.00
1,1,16,6,1,1,16,1,4.00,8,8,15,8,631,578.00,418.00
11,11,11,11,16,1,11,1,2.00,8,1,1,22,631,551.00,397.00
16,6,6,6,16,6,6,6,8.00,1,15,22,8,631,470.00,360.00
1,16,16,16,1,1,6,16,2.00,15,22,8,8,631,810.00,527.00
1,11,6,11,16,6,16,11,4.00,22,15,1,15,631,772.00,551.00
16,6,6,6,11,16,16,11,8.00,22,1,1,1,631,768.00,594.00
6,6,11,6,11,11,16,1,8.00,15,8,1,8,631,641.00,479.00
1,1,1,16,11,1,1,16,6.00,8,1,1,22,631,695.00,414.00
16,1,11,11,11,1,1,16,6.00,15,1,8,15,631,698.00,433.00
11,11,16,16,16,1,11,6,10.00,15,22,22,1,631,738.00,527.00
16,6,11,1,6,6,16,16,4.00,15,1,8,22,631,775.00,552.00
16,16,6,6,6,6,16,1,6.00,15,8,15,22,631,609.00,437.00
11,16,1,11,11,16,6,11,8.00,1,15,8,8,631,646.00,509.00
11,1,11,16,11,6,6,16,8.00,8,8,1,15,631,831.00,549.00
16,11,6,6,1,16,11,16,2.00,15,15,8,8,631,750.00,571.00
6,11,1,1,6,11,6,6,6.00,1,1,1,1,631,353.00,294.00
11,6,6,16,16,11,11,1,8.00,22,8,8,8,631,610.00,462.00
6,16,1,11,16,6,1,11,8.00,15,22,22,1,631,550.00,382.00
1,11,6,16,11,11,16,1,0.00,1,8,8,15,631,681.00,507.00
11,1,11,11,1,16,6,6,10.00,1,22,8,15,631,565.00,438.00
11,6,1,16,6,6,16,16,10.00,15,22,8,1,631,818.00,598.00
16,6,16,11,16,16,11,11,2.00,1,22,1,1,631,828.00,636.00
11,16,6,6,16,6,16,11,0.00,22,22,22,22,631,792.00,554.00
1,16,16,6,11,6,6,6,10.00,8,15,8,15,631,570.00,418.00
6,1,6,16,1,11,16,1,8.00,22,8,15,8,631,647.00,464.00
11,1,11,16,16,6,1,11,10.00,1,8,8,8,631,688.00,455.00
16,6,6,6,6,6,16,16,4.00,15,1,8,22,631,770.00,554.00
16,16,1,16,6,1,1,1,4.00,22,1,1,22,631,352.00,249.00
16,6,6,11,16,6,1,11,4.00,15,1,8,15,631,593.00,399.00
16,6,16,6,11,16,16,16,10.00,22,15,1,15,631,952.00,706.00
16,1,16,6,6,6,11,6,0.00,1,1,22,1,631,603.00,458.00
6,16,6,16,16,1,16,6,10.00,15,22,15,15,631,746.00,520.00
1,16,16,11,1,1,1,16,2.00,1,22,15,8,631,711.00,439.00
16,6,11,16,1,1,1,1,0.00,15,15,15,1,631,386.00,267.00
11,11,6,1,1,1,11,6,0.00,22,22,1,15,631,469.00,311.00
6,16,1,1,16,11,6,16,10.00,15,15,22,1,631,597.00,455.00
1,6,1,11,11,11,11,11,8.00,1,8,15,1,631,643.00,482.00
16,16,11,6,11,16,16,16,10.00,15,1,8,15,631,923.00,696.00
16,6,16,6,1,6,6,6,10.00,15,22,1,8,631,525.00,377.00
16,6,6,11,16,11,6,1,8.00,22,22,22,8,631,508.00,390.00
1,1,1,1,1,1,1,1,0.00,1,15,22,22,631,124.00,79.00
11,1,11,1,6,6,1,1,0.00,22,15,8,8,631,277.00,201.00
11,16,6,1,16,11,6,6,2.00,22,8,1,15,631,490.00,382.00
6,11,1,1,6,6,1,11,10.00,1,22,8,1,631,357.00,260.00
11,6,16,6,1,16,1,11,4.00,22,22,22,1,631,590.00,444.00
16,1,6,1,1,16,16,1,4.00,8,1,22,8,631,558.00,445.00
16,11,1,6,11,1,1,1,8.00,1,1,15,8,631,227.00,170.00
1,6,1,11,6,6,16,16,4.00,15,1,8,22,631,775.00,550.00
16,16,6,6,11,11,11,11,10.00,15,15,22,1,631,696.00,522.00
11,1,16,1,6,6,6,16,2.00,8,22,22,15,631,643.00,457.00
16,16,1,6,11,11,16,6,6.00,15,8,1,1,631,643.00,497.00
11,11,6,11,1,6,16,6,4.00,22,15,1,8,631,665.00,471.00
16,1,16,11,1,1,1,1,0.00,15,22,8,15,631,369.00,247.00
6,16,16,11,6,16,11,11,8.00,8,15,22,22,631,851.00,627.00
16,1,11,16,6,16,1,1,6.00,8,1,1,22,631,502.00,385.00
11,6,6,16,16,11,11,1,10.00,22,1,1,15,631,603.00,460.00
16,6,11,11,16,16,6,1,8.00,1,1,1,1,631,523.00,437.00
11,11,6,11,1,6,16,6,2.00,15,22,8,22,631,686.00,472.00
1,1,1,1,1,1,1,1,6.00,8,22,1,8,631,103.00,71.00
16,6,6,16,16,16,16,6,0.00,1,8,1,22,631,796.00,626.00
16,1,1,6,16,6,6,6,8.00,22,22,8,8,631,424.00,327.00
16,1,1,16,16,16,16,6,0.00,15,22,8,1,631,749.00,594.00
6,16,16,16,11,6,6,1,0.00,8,1,8,22,631,583.00,429.00
16,6,16,11,11,6,16,16,4.00,8,8,1,15,631,901.00,660.00
6,11,11,6,6,6,11,16,10.00,1,8,15,22,631,754.00,531.00
1,6,6,6,1,11,11,11,6.00,8,1,1,22,631,596.00,438.00
1,1,16,11,16,1,11,1,2.00,8,1,15,8,631,561.00,410.00
6,16,1,11,6,16,16,6,10.00,22,15,8,1,631,714.00,543.00
1,1,1,1,1,1,1,1,0.00,1,22,22,15,631,124.00,80.00
6,11,1,11,11,1,1,11,8.00,8,15,8,8,631,504.00,321.00
16,16,11,11,1,11,11,1,10.00,22,8,8,15,631,617.00,448.00
1,16,16,11,6,11,6,11,10.00,15,15,1,1,631,690.00,503.00
1,1,1,1,1,1,1,1,6.00,22,15,22,22,631,145.00,89.00
6,11,1,16,11,11,1,16,4.00,8,22,22,8,631,756.00,505.00
6,16,6,16,11,6,1,11,4.00,22,8,1,8,631,635.00,426.00
1,1,16,6,11,6,11,16,4.00,1,15,15,8,631,758.00,553.00
16,6,6,11,1,11,16,11,6.00,1,1,1,8,631,720.00,553.00
11,11,11,16,11,6,6,11,0.00,8,22,22,15,631,738.00,506.00
1,1,16,16,1,1,1,1,10.00,15,22,15,1,631,398.00,273.00
11,1,1,16,11,11,11,11,2.00,1,8,8,22,631,732.00,530.00
1,6,11,6,6,1,11,6,6.00,1,8,1,8,631,507.00,368.00
11,11,11,6,16,1,16,16,0.00,15,1,1,8,631,799.00,579.00
1,1,1,1,1,1,1,16,8.00,1,8,8,8,631,433.00,255.00
6,16,11,16,1,6,11,6,10.00,15,22,1,8,631,670.00,472.00
16,11,16,16,1,1,11,1,0.00,22,15,8,1,631,615.00,433.00
1,16,11,16,6,11,1,6,6.00,22,8,1,15,631,562.00,399.00
11,1,16,1,11,11,16,11,0.00,8,22,22,8,631,799.00,594.00
1,1,11,11,16,11,1,6,8.00,15,22,15,22,631,514.00,379.00
6,11,16,1,11,1,1,1,8.00,22,1,1,22,631,325.00,242.00
6,6,11,6,6,11,11,6,0.00,8,8,22,15,631,617.00,451.00
1,1,16,11,16,11,6,11,2.00,15,8,1,8,631,687.00,501.00
6,6,11,6,11,11,16,11,0.00,22,22,22,22,631,827.00,582.00
1,16,1,6,16,6,16,1,8.00,22,15,15,15,631,581.00,415.00
1,1,1,1,11,1,16,16,2.00,22,22,15,22,631,670.00,446.00
16,1,1,16,16,6,6,6,10.00,15,8,22,22,631,567.00,407.00
11,11,11,6,1,1,16,1,4.00,8,8,8,22,631,575.00,406.00
16,1,1,11,6,6,6,6,2.00,15,1,15,8,631,443.00,332.00
16,11,6,6,1,16,6,16,8.00,8,8,1,1,631,677.00,514.00
1,16,6,1,6,11,1,1,8.00,1,22,8,15,631,290.00,237.00
11,6,1,16,1,16,6,16,8.00,1,8,15,1,631,798.00,565.00
6,16,1,1,16,11,6,6,10.00,1,22,8,15,631,440.00,351.00
1,1,1,1,1,1,1,1,0.00,1,22,15,1,631,103.00,79.00
1,16,11,16,16,1,1,1,8.00,8,8,1,22,631,443.00,305.00
11,1,6,16,6,6,11,16,6.00,8,22,1,8,631,805.00,559.00
1,1,16,1,11,11,1,1,0.00,22,1,15,22,631,374.00,283.00
16,1,16,11,1,16,6,16,4.00,1,1,22,22,631,858.00,592.00
16,11,16,16,6,1,1,1,6.00,22,15,1,8,631,440.00,309.00
11,6,16,11,11,11,1,16,4.00,1,8,15,8,631,795.00,526.00
1,6,16,6,11,6,6,16,0.00,1,8,15,15,631,737.00,507.00
11,6,16,1,16,16,6,6,2.00,22,8,1,15,631,595.00,460.00
11,1,6,1,11,6,16,1,4.00,8,1,22,1,631,506.00,388.00
16,16,16,16,16,1,6,11,2.00,1,8,15,1,631,778.00,529.00
6,16,1,1,16,11,6,16,8.00,22,22,1,22,631,611.00,460.00
1,16,11,1,6,1,16,11,2.00,15,1,8,8,631,671.00,484.00
16,6,6,11,1,1,11,6,6.00,8,8,15,15,631,525.00,369.00
1,1,1,1,1,1,1,16,6.00,15,1,15,15,631,440.00,261.00
11,6,16,11,1,1,1,1,0.00,15,15,15,1,631,365.00,260.00
1,11,6,16,11,6,1,11,8.00,15,8,1,22,631,641.00,413.00
16,11,16,16,6,16,6,16,4.00,1,22,8,1,631,912.00,651.00
16,1,1,16,16,6,11,16,8.00,1,1,22,15,631,861.00,584.00
11,1,11,16,11,1,11,6,8.00,22,1,1,22,631,625.00,445.00
16,16,1,6,11,6,11,16,2.00,15,15,8,8,631,680.00,505.00
16,11,1,1,16,16,16,6,2.00,22,1,1,22,631,655.00,529.00
16,6,1,16,6,1,1,1,4.00,15,8,1,8,631,352.00,232.00
6,11,16,16,11,16,1,11,6.00,22,22,22,22,631,766.00,547.00
16,6,11,1,6,6,16,1,6.00,15,8,15,1,631,568.00,429.00
11,6,1,1,1,6,1,11,8.00,15,1,1,1,631,337.00,244.00
16,11,16,11,11,11,1,6,4.00,8,1,15,15,631,577.00,423.00
16,6,16,11,11,1,1,6,0.00,22,1,22,8,631,503.00,352.00
1,6,16,16,1,11,6,6,4.00,1,1,15,15,631,649.00,464.00
11,16,1,16,16,6,16,11,4.00,8,22,22,8,631,799.00,594.00
11,6,1,16,11,11,1,16,6.00,22,8,15,8,631,744.00,503.00
11,6,1,16,6,6,1,16,6.00,22,22,1,15,631,686.00,452.00
11,11,11,11,1,6,16,16,2.00,8,15,1,8,631,836.00,599.00
11,1,1,6,16,1,11,6,2.00,22,22,1,8,631,467.00,335.00
11,11,6,16,1,16,1,16,2.00,1,15,8,22,631,805.00,535.00
1,16,16,6,6,16,6,16,2.00,8,15,1,15,631,764.00,564.00
6,1,6,1,16,6,16,16,10.00,22,22,8,15,631,756.00,530.00
11,1,11,16,1,6,11,6,10.00,15,22,22,1,631,648.00,459.00
11,11,16,16,16,16,16,1,8.00,22,8,15,8,631,862.00,643.00
1,16,16,11,1,1,1,1,0.00,15,1,1,15,631,371.00,262.00
16,6,11,11,16,16,6,1,10.00,22,15,15,1,631,572.00,456.00
11,6,1,11,1,16,16,11,6.00,1,1,1,8,631,705.00,563.00
11,6,6,16,16,11,11,1,8.00,1,15,1,15,631,596.00,463.00
11,6,1,16,6,6,1,11,4.00,8,22,8,15,631,602.00,384.00
11,16,1,1,6,11,6,16,6.00,8,15,1,8,631,562.00,429.00
11,16,11,1,11,11,6,11,4.00,22,8,8,15,631,602.00,443.00
11,1,11,16,6,6,11,16,6.00,8,22,1,8,631,840.00,578.00
1,1,16,16,11,6,11,16,2.00,15,15,8,8,631,887.00,615.00
11,6,16,1,16,16,16,1,0.00,1,22,15,1,631,713.00,569.00
16,16,16,6,11,6,6,1,0.00,15,8,22,22,631,541.00,396.00
1,1,16,11,1,16,6,1,10.00,8,15,8,8,631,533.00,400.00
1,16,16,6,6,16,16,11,6.00,8,8,22,8,631,880.00,657.00
11,6,11,11,6,16,6,16,10.00,22,22,8,15,631,780.00,582.00
6,1,11,1,11,1,11,6,2.00,8,15,22,8,631,507.00,366.00
1,1,1,1,1,6,6,16,4.00,22,22,1,8,631,467.00,341.00
1,16,16,16,1,1,6,16,4.00,8,15,1,15,631,824.00,527.00
6,6,16,16,6,6,16,11,2.00,8,15,22,8,631,872.00,625.00
16,16,6,6,1,6,11,1,10.00,15,8,15,22,631,499.00,353.00
11,6,11,11,11,1,11,16,0.00,1,22,22,15,631,800.00,543.00
11,6,6,6,6,1,1,16,6.00,15,1,8,15,631,578.00,356.00
1,1,1,16,11,11,1,6,6.00,1,22,1,8,631,515.00,349.00
6,1,6,11,1,1,6,11,0.00,15,8,8,1,631,527.00,350.00
11,11,1,1,6,6,11,6,0.00,1,1,22,1,631,438.00,334.00
6,6,11,11,6,6,6,1,4.00,8,8,15,1,631,441.00,328.00
6,11,16,16,11,16,1,11,6.00,22,22,1,15,631,738.00,543.00
16,1,6,11,1,1,1,6,8.00,1,8,8,8,631,393.00,247.00
6,16,6,6,1,11,1,6,0.00,1,15,8,8,631,381.00,295.00
11,6,11,6,16,6,16,11,6.00,22,8,15,8,631,777.00,559.00
11,16,1,16,16,6,11,6,4.00,8,1,15,1,631,618.00,470.00
1,1,1,1,1,1,1,1,10.00,8,8,8,1,631,89.00,61.00
6,11,16,6,11,6,11,16,4.00,1,15,8,8,631,776.00,577.00
1,1,16,11,6,16,11,11,6.00,8,1,1,22,631,766.00,573.00
1,16,11,16,11,1,1,1,8.00,22,1,1,22,631,421.00,290.00
6,6,11,6,6,11,1,6,6.00,22,8,1,8,631,413.00,317.00
16,11,16,11,16,1,11,16,2.00,8,15,22,8,631,858.00,605.00
1,16,16,16,1,1,6,6,8.00,15,1,22,1,631,598.00,423.00
6,16,1,16,6,1,1,11,8.00,22,15,22,22,631,588.00,368.00
1,11,1,11,16,11,16,1,0.00,1,8,8,15,631,606.00,458.00
11,6,1,11,16,6,1,11,10.00,22,15,1,1,631,511.00,373.00
6,6,6,16,6,6,1,16,6.00,8,15,1,8,631,727.00,464.00
11,16,1,6,11,1,1,11,2.00,15,1,8,8,631,451.00,289.00
16,6,6,11,1,1,16,11,4.00,22,8,8,15,631,692.00,480.00
16,6,16,11,11,1,1,6,6.00,1,8,8,8,631,503.00,344.00
6,16,6,6,1,11,1,6,6.00,1,1,15,15,631,409.00,298.00
11,6,1,16,6,6,1,16,6.00,8,15,8,8,631,704.00,449.00
1,1,6,16,16,11,6,16,10.00,15,22,15,22,631,826.00,571.00
1,1,1,1,1,1,1,1,0.00,22,15,1,8,631,110.00,76.00
11,1,16,11,6,11,11,1,10.00,15,22,22,22,631,660.00,466.00
11,16,11,16,1,6,11,6,6.00,1,22,22,22,631,696.00,495.00
11,6,11,6,16,6,11,11,6.00,8,1,1,22,631,661.00,488.00
1,1,1,1,16,16,6,11,4.00,15,22,8,22,631,521.00,411.00
6,16,1,11,16,11,16,1,10.00,15,1,15,22,631,647.00,479.00
16,16,1,1,1,1,11,6,0.00,1,8,8,15,631,411.00,293.00
11,1,6,11,16,1,6,16,2.00,22,22,1,22,631,690.00,467.00
16,16,16,16,16,1,6,11,2.00,8,15,1,15,631,764.00,521.00
11,6,6,16,16,11,11,16,0.00,8,8,8,1,631,884.00,631.00
6,16,6,11,6,1,16,11,10.00,15,15,22,1,631,736.00,514.00
6,6,16,11,11,16,6,11,8.00,1,15,8,15,631,733.00,548.00
1,1,1,1,1,1,1,1,4.00,22,8,8,22,631,124.00,80.00
11,6,16,1,11,11,16,11,8.00,8,8,22,22,631,814.00,601.00
16,11,16,11,16,16,16,11,4.00,15,22,15,22,631,978.00,717.00
1,16,16,16,11,16,6,16,8.00,22,22,22,1,631,915.00,659.00
6,11,1,1,6,16,1,11,4.00,8,1,8,22,631,442.00,341.00
6,16,6,11,6,1,16,11,0.00,22,15,15,22,631,748.00,507.00
16,16,6,16,16,1,16,6,0.00,1,15,8,8,631,721.00,526.00
16,1,6,11,1,1,1,6,10.00,15,22,15,15,631,402.00,252.00
16,6,16,6,11,16,16,16,10.00,1,8,15,22,631,945.00,711.00
1,16,1,1,16,1,1,6,8.00,15,1,8,8,631,271.00,189.00
16,16,16,11,16,11,6,11,2.00,15,8,1,15,631,739.00,553.00
1,1,1,11,6,11,6,11,6.00,8,1,8,15,631,580.00,410.00
1,16,1,6,11,16,6,6,4.00,1,22,8,22,631,502.00,400.00
16,6,6,6,1,1,6,6,0.00,8,1,15,8,631,380.00,271.00
6,11,16,6,1,1,1,1,10.00,8,8,8,15,631,328.00,236.00
6,6,11,11,6,6,1,1,4.00,8,15,22,22,631,381.00,273.00
1,11,6,6,1,6,11,1,10.00,22,22,15,1,631,469.00,324.00
11,6,1,1,11,1,1,16,10.00,15,8,15,22,631,490.00,305.00
11,16,11,16,1,1,11,6,8.00,15,1,22,1,631,637.00,455.00
16,11,16,11,16,1,6,6,6.00,22,8,22,22,631,618.00,436.00
16,16,6,6,11,1,6,6,10.00,15,22,1,8,631,450.00,319.00
16,16,11,1,1,11,11,16,8.00,8,8,15,22,631,742.00,536.00
1,11,16,16,6,16,16,16,8.00,22,22,8,8,631,1024.00,745.00
16,6,6,6,16,6,6,6,0.00,8,15,8,1,631,460.00,352.00
16,1,6,11,1,16,16,6,8.00,22,1,8,22,631,717.00,536.00
6,11,6,6,6,6,1,6,0.00,1,15,8,8,631,361.00,259.00
1,1,11,11,16,16,16,11,8.00,22,1,1,1,631,843.00,639.00
1,11,6,6,11,16,11,11,6.00,1,15,8,15,631,683.00,523.00
16,1,6,11,1,1,1,6,0.00,1,22,15,1,631,402.00,253.00
16,16,16,6,11,6,6,1,0.00,8,15,8,8,631,513.00,393.00
6,11,16,11,6,16,11,6,2.00,15,8,1,8,631,736.00,554.00
16,11,1,1,16,16,16,11,6.00,8,1,1,22,631,711.00,563.00
6,11,1,1,6,1,1,6,8.00,1,8,15,22,631,254.00,166.00
1,16,1,1,16,11,6,6,6.00,22,8,8,8,631,435.00,343.00
11,1,11,16,1,11,16,1,6.00,1,15,22,8,631,695.00,510.00
1,1,1,6,11,1,16,6,8.00,22,8,15,8,631,537.00,367.00
1,1,11,11,16,11,1,6,0.00,8,1,15,8,631,515.00,370.00
16,11,11,6,11,11,11,16,10.00,15,22,22,8,631,811.00,595.00
11,16,11,16,16,11,11,1,8.00,1,1,1,1,631,648.00,510.00
1,1,1,1,1,1,1,1,10.00,22,22,15,8,631,131.00,84.00
11,1,6,11,11,16,6,6,6.00,22,1,22,1,631,556.00,447.00
6,1,16,6,1,11,6,6,2.00,1,22,8,1,631,525.00,396.00
6,11,6,6,6,11,16,6,8.00,22,1,8,8,631,663.00,485.00
6,1,16,11,11,11,16,11,6.00,8,8,22,8,631,860.00,636.00
1,1,1,1,16,11,16,11,4.00,15,22,8,8,631,652.00,488.00
11,11,11,11,1,6,16,16,2.00,22,22,1,22,631,871.00,606.00
11,11,11,11,1,1,6,6,2.00,8,8,15,8,631,488.00,342.00
1,1,1,1,1,11,6,1,8.00,22,15,15,15,631,298.00,235.00
6,11,16,11,6,1,6,11,0.00,15,8,8,1,631,632.00,439.00
11,11,6,6,16,11,11,16,0.00,1,8,15,8,631,765.00,565.00
1,6,16,6,11,6,6,16,8.00,8,15,22,22,631,737.00,507.00
16,1,1,16,16,16,16,6,0.00,1,8,1,1,631,714.00,588.00
6,1,16,11,1,16,11,1,2.00,15,15,1,22,631,647.00,472.00
1,1,11,11,6,6,1,16,2.00,1,15,1,15,631,686.00,432.00
6,11,11,11,16,16,11,11,6.00,1,15,8,15,631,788.00,605.00
11,6,11,11,16,16,1,11,6.00,22,22,22,1,631,645.00,499.00
16,6,11,11,6,1,16,16,6.00,22,15,1,1,631,822.00,578.00
6,16,11,16,1,6,11,6,6.00,22,22,8,1,631,681.00,481.00
1,16,6,1,6,11,1,1,8.00,1,22,15,1,631,283.00,234.00
6,6,1,1,6,16,1,16,4.00,1,8,15,15,631,552.00,394.00
11,6,16,11,11,11,1,1,10.00,8,15,8,22,631,472.00,353.00
16,11,16,6,11,6,6,16,0.00,1,8,15,8,631,755.00,530.00
1,6,16,11,16,1,11,6,8.00,15,1,22,1,631,652.00,477.00
6,1,16,6,6,16,16,11,4.00,8,8,22,22,631,854.00,627.00
16,11,16,11,16,16,11,1,4.00,1,8,22,22,631,732.00,557.00
1,11,11,1,16,11,1,6,4.00,8,22,8,1,631,417.00,326.00
1,1,1,1,1,1,1,1,0.00,15,8,8,8,631,103.00,66.00
6,1,11,11,6,1,6,6,2.00,15,1,1,22,631,478.00,332.00
11,16,16,16,1,1,16,11,0.00,15,22,8,1,631,859.00,599.00
6,11,1,6,11,16,11,1,0.00,15,1,8,8,631,496.00,406.00
16,6,16,11,11,11,1,1,8.00,8,22,22,15,631,491.00,369.00
6,6,6,1,11,1,1,6,0.00,1,1,15,15,631,294.00,200.00
11,6,1,16,11,11,1,16,10.00,1,1,15,1,631,765.00,500.00
6,16,1,1,16,11,6,1,4.00,8,1,22,22,631,377.00,308.00
6,1,6,1,16,6,16,16,2.00,8,15,1,1,631,718.00,527.00
1,1,1,1,1,16,6,6,4.00,8,8,1,1,631,378.00,309.00
1,1,1,1,1,1,1,1,0.00,22,15,15,8,631,124.00,78.00
16,6,6,11,16,11,6,1,6.00,22,8,8,8,631,480.00,376.00
1,16,6,11,1,1,6,11,0.00,15,22,15,15,631,559.00,369.00
16,16,6,16,16,1,16,6,10.00,15,8,8,1,631,725.00,525.00
1,16,6,11,1,16,11,6,6.00,22,1,15,15,631,652.00,482.00
1,11,6,6,1,6,11,1,4.00,22,15,1,8,631,455.00,313.00
16,1,16,11,1,1,1,1,8.00,15,8,15,22,631,369.00,250.00
6,6,16,1,11,11,16,11,8.00,15,22,15,22,631,823.00,596.00
11,6,6,6,6,6,1,1,10.00,15,22,1,15,631,282.00,210.00
16,16,1,11,1,11,1,16,4.00,1,1,15,1,631,685.00,450.00
1,1,1,1,16,6,1,1,6.00,1,1,15,1,631,178.00,146.00
6,11,16,11,6,16,11,11,6.00,22,22,15,1,631,838.00,610.00
6,16,11,16,1,6,11,6,6.00,8,1,1,22,631,656.00,472.00
16,1,1,16,1,16,16,6,10.00,22,8,1,15,631,700.00,548.00
6,16,1,11,11,6,11,16,8.00,1,1,22,22,631,798.00,539.00
11,6,1,16,16,11,16,1,10.00,22,22,1,15,631,669.00,499.00
1,16,1,11,1,16,6,6,10.00,1,22,8,15,631,505.00,406.00
16,6,1,6,16,16,6,11,10.00,1,8,8,22,631,592.00,473.00
16,1,11,11,1,16,11,6,2.00,15,1,8,15,631,658.00,499.00
6,16,16,16,6,1,1,1,4.00,22,1,1,22,631,446.00,310.00
16,6,1,16,11,6,6,1,6.00,22,1,22,22,631,453.00,342.00
1,16,16,11,6,11,6,11,4.00,8,1,15,15,631,722.00,517.00
11,16,11,6,6,6,11,6,0.00,1,1,22,1,631,593.00,448.00
6,1,16,6,11,6,6,6,10.00,8,15,8,15,631,530.00,386.00
11,6,16,11,11,11,6,16,8.00,8,1,8,22,631,847.00,577.00
1,16,11,16,11,16,1,16,4.00,1,8,15,15,631,877.00,579.00
6,1,6,6,6,1,6,1,6.00,15,22,22,8,631,336.00,224.00
1,1,16,16,6,16,6,6,10.00,1,22,8,15,631,660.00,504.00
11,6,1,16,1,6,11,16,6.00,8,22,1,8,631,765.00,537.00
1,6,16,11,1,16,11,1,2.00,15,15,1,1,631,636.00,478.00
1,16,1,1,16,1,1,6,8.00,1,22,22,15,631,294.00,204.00
6,6,6,1,11,11,1,1,8.00,8,8,15,22,631,287.00,235.00
11,6,11,11,16,16,16,16,6.00,22,15,22,1,631,973.00,725.00
16,6,11,11,6,1,1,11,6.00,22,1,15,22,631,580.00,363.00
16,16,6,6,1,11,16,16,0.00,22,15,22,1,631,838.00,609.00
16,11,11,16,11,1,16,11,0.00,1,15,8,15,631,813.00,587.00
11,11,1,16,6,1,11,16,10.00,22,22,15,8,631,765.00,522.00
11,11,1,16,11,1,16,11,0.00,22,22,22,1,631,745.00,529.00
6,11,16,16,11,16,1,11,6.00,1,15,1,15,631,766.00,539.00
16,11,1,6,11,6,1,11,8.00,15,22,22,1,631,460.00,334.00
1,11,6,16,11,1,16,1,4.00,8,1,22,8,631,618.00,444.00
11,16,16,11,1,1,16,11,0.00,22,22,8,8,631,824.00,574.00
16,16,6,16,16,6,16,11,6.00,22,8,15,8,631,842.00,621.00
11,11,1,1,1,11,11,11,4.00,22,22,8,8,631,564.00,421.00
16,6,6,6,16,6,6,6,8.00,8,1,22,8,631,463.00,357.00
6,16,6,16,11,11,1,16,4.00,1,8,15,15,631,822.00,531.00
1,16,16,16,1,11,6,6,4.00,22,1,22,8,631,662.00,488.00
1,6,6,1,1,6,1,16,2.00,1,1,22,22,631,538.00,333.00
16,1,11,16,6,16,6,16,2.00,22,8,1,22,631,864.00,616.00
6,6,11,1,6,1,16,11,8.00,1,15,1,22,631,653.00,466.00
11,16,11,1,11,11,11,11,0.00,22,15,15,1,631,701.00,512.00
6,16,6,11,6,1,16,6,0.00,1,22,8,22,631,662.00,460.00
11,1,1,1,6,6,16,1,6.00,15,8,15,22,631,469.00,343.00
16,6,11,1,6,1,1,1,8.00,8,1,15,1,631,234.00,187.00
16,16,1,6,1,11,16,16,0.00,22,8,15,22,631,796.00,574.00
16,16,6,11,1,11,1,16,4.00,22,8,15,1,631,692.00,474.00
6,6,1,1,6,16,1,1,4.00,15,8,1,8,631,308.00,264.00
16,11,1,1,16,16,16,6,4.00,8,15,8,22,631,662.00,527.00
1,1,1,1,1,1,1,1,0.00,15,8,8,1,631,96.00,64.00
16,11,6,11,16,16,6,6,10.00,1,1,22,22,631,613.00,489.00
1,1,1,1,1,1,1,1,8.00,22,15,15,22,631,138.00,86.00
1,1,1,1,1,6,6,6,0.00,1,15,1,22,631,303.00,220.00
6,6,6,1,6,6,16,1,6.00,15,8,15,22,631,529.00,382.00
16,6,11,11,1,16,11,11,10.00,1,8,22,22,631,752.00,575.00
11,16,11,1,11,11,11,6,0.00,1,22,8,1,631,610.00,476.00
6,1,16,6,6,6,11,6,0.00,8,8,22,15,631,617.00,446.00
6,11,16,1,6,11,11,6,0.00,1,1,22,1,631,618.00,489.00
6,1,11,11,1,1,6,11,2.00,22,22,1,22,631,555.00,375.00
16,16,16,16,16,6,16,1,2.00,1,8,1,8,631,777.00,591.00
1,1,1,1,1,1,1,1,4.00,15,15,1,1,631,96.00,71.00
6,11,1,6,11,1,1,11,4.00,22,8,8,15,631,429.00,277.00
6,16,1,11,6,16,16,6,10.00,22,8,1,1,631,700.00,537.00
6,1,6,16,6,16,1,1,8.00,1,15,22,22,631,478.00,355.00
6,1,11,11,1,6,16,1,2.00,1,8,15,1,631,594.00,436.00
16,16,1,11,1,11,1,16,4.00,22,8,1,8,631,650.00,452.00
16,6,1,11,11,1,1,11,6.00,22,22,22,1,631,503.00,331.00
11,1,11,11,6,6,11,11,0.00,15,22,8,1,631,679.00,481.00
16,6,6,11,16,6,1,11,4.00,8,22,15,1,631,575.00,405.00
16,16,16,6,11,11,6,1,0.00,22,15,1,15,631,562.00,421.00
16,6,16,11,16,16,11,11,2.00,1,1,22,22,631,840.00,646.00
16,16,6,1,6,16,1,6,2.00,1,22,1,22,631,420.00,349.00
11,6,11,11,1,16,11,1,2.00,15,15,1,1,631,596.00,459.00
6,1,1,11,1,16,16,11,6.00,1,1,1,8,631,685.00,546.00
1,1,16,6,11,16,1,16,2.00,22,15,15,15,631,704.00,503.00
11,6,11,11,1,1,1,11,10.00,22,8,1,8,631,525.00,333.00
1,1,16,11,11,1,6,16,10.00,22,22,22,8,631,742.00,499.00
11,16,16,6,11,16,1,11,10.00,22,8,1,8,631,619.00,481.00
1,11,1,6,6,6,6,11,4.00,15,22,8,1,631,470.00,344.00
16,6,6,11,16,11,6,1,8.00,15,1,8,22,631,480.00,376.00
16,1,1,11,6,6,6,6,2.00,22,22,15,15,631,450.00,338.00
11,6,11,11,11,11,16,6,4.00,8,1,8,22,631,758.00,556.00
6,1,16,6,16,16,6,11,4.00,22,15,1,1,631,682.00,518.00
6,1,16,11,1,16,11,1,2.00,8,22,15,1,631,640.00,480.00
11,1,6,11,11,16,6,6,6.00,1,1,1,1,631,552.00,440.00
11,6,6,16,16,11,11,1,8.00,22,1,8,1,631,596.00,459.00
1,1,1,1,1,1,16,6,8.00,22,15,15,15,631,481.00,313.00
1,1,1,1,1,1,16,11,0.00,1,8,1,1,631,499.00,354.00
6,11,6,1,11,16,11,11,10.00,22,22,1,15,631,669.00,508.00
6,11,6,6,6,16,16,6,8.00,22,1,8,22,631,712.00,530.00
6,16,6,6,1,1,11,11,6.00,8,22,15,8,631,582.00,401.00
1,6,6,6,1,11,6,6,0.00,8,1,15,8,631,431.00,326.00
6,11,1,11,11,1,1,1,10.00,22,8,22,22,631,295.00,204.00
11,16,11,16,1,1,6,6,6.00,22,8,8,15,631,559.00,384.00
11,6,11,11,6,6,16,16,10.00,15,22,8,1,631,859.00,609.00
11,1,1,1,1,11,1,6,6.00,8,1,15,15,631,295.00,215.00
11,16,6,1,11,11,16,1,0.00,1,8,8,15,631,586.00,459.00
6,16,1,11,1,6,1,1,0.00,22,15,8,8,631,296.00,215.00
11,16,1,16,16,6,16,11,6.00,1,1,22,22,631,818.00,595.00
16,11,16,16,6,16,6,16,4.00,22,8,15,8,631,919.00,654.00
16,1,11,6,11,1,11,11,0.00,1,15,1,1,631,596.00,435.00
1,11,16,16,6,16,16,16,0.00,8,1,1,15,631,1008.00,744.00
6,11,16,16,11,16,1,11,6.00,22,22,22,8,631,752.00,550.00
11,6,1,11,1,6,11,1,6.00,8,8,8,8,631,426.00,313.00
6,1,16,6,16,1,6,16,6.00,22,22,1,22,631,680.00,469.00
1,11,6,1,6,16,6,11,4.00,1,22,15,1,631,543.00,420.00
11,16,11,6,1,1,1,16,8.00,1,8,22,22,631,646.00,393.00
6,11,1,1,6,6,6,1,8.00,1,1,1,1,631,248.00,207.00
16,6,16,11,11,1,1,1,10.00,22,8,8,15,631,407.00,285.00
6,6,11,1,6,1,16,6,8.00,1,15,1,22,631,588.00,423.00
11,1,11,11,6,6,11,11,10.00,15,22,1,8,631,670.00,480.00
16,16,11,1,1,6,6,6,6.00,15,1,22,1,631,462.00,347.00
16,16,1,6,16,16,1,1,8.00,8,8,1,22,631,420.00,341.00
11,6,16,6,16,1,1,11,10.00,15,22,15,15,631,544.00,374.00
1,16,6,16,16,11,6,11,6.00,8,1,1,22,631,750.00,518.00
11,11,6,1,16,6,1,6,0.00,22,1,8,1,631,341.00,263.00
11,16,11,6,11,6,6,6,10.00,8,15,15,22,631,544.00,392.00
16,1,1,1,16,6,6,16,4.00,1,22,8,15,631,556.00,404.00
1,16,1,6,16,11,11,11,10.00,15,15,22,1,631,647.00,486.00
1,6,1,11,11,6,16,11,0.00,22,22,22,22,631,732.00,509.00
6,6,6,1,11,11,1,1,8.00,8,22,1,15,631,280.00,242.00
6,1,6,1,16,6,16,16,2.00,8,15,22,15,631,749.00,536.00
6,6,16,1,6,16,1,11,2.00,1,8,8,15,631,542.00,410.00
6,16,1,11,16,11,16,1,0.00,1,15,8,15,631,633.00,482.00
6,1,11,6,1,1,1,11,6.00,22,22,22,1,631,435.00,289.00
16,6,11,11,11,16,6,16,10.00,22,15,15,22,631,821.00,606.00
16,6,11,6,1,16,6,16,6.00,1,8,22,1,631,730.00,534.00
1,1,1,1,1,1,1,16,10.00,15,1,1,22,631,433.00,259.00
16,1,11,16,11,16,6,16,8.00,8,1,8,22,631,907.00,631.00
1,1,1,11,16,6,1,1,6.00,8,8,22,15,631,327.00,228.00
16,16,6,11,1,1,6,11,0.00,15,8,8,1,631,567.00,381.00
1,16,6,6,6,6,16,16,4.00,15,1,8,22,631,785.00,559.00
11,1,1,6,1,1,6,6,0.00,8,1,15,8,631,330.00,229.00
11,6,6,6,6,1,11,16,0.00,1,22,15,22,631,675.00,458.00
1,1,6,16,16,11,6,16,10.00,22,22,22,15,631,819.00,576.00
16,11,1,6,11,1,11,6,8.00,8,1,1,22,631,466.00,336.00
6,6,6,6,1,11,1,11,0.00,1,15,8,8,631,481.00,339.00
11,11,1,6,1,11,11,11,6.00,8,1,15,8,631,576.00,439.00
6,6,11,6,16,1,6,16,0.00,1,15,22,22,631,704.00,463.00
16,16,1,6,16,16,16,6,2.00,15,8,1,8,631,696.00,556.00
16,11,1,1,16,16,1,11,10.00,15,22,15,15,631,513.00,403.00
16,6,16,6,11,16,16,16,10.00,22,1,8,8,631,938.00,706.00
1,1,16,6,11,6,11,16,4.00,1,15,8,15,631,758.00,548.00
1,1,1,1,1,16,11,11,6.00,15,8,8,8,631,538.00,417.00
11,1,11,11,6,6,11,11,8.00,8,15,22,22,631,691.00,494.00
6,11,6,6,6,11,16,6,8.00,22,1,15,1,631,667.00,489.00
11,1,1,1,6,1,1,1,8.00,8,1,8,15,631,124.00,94.00
1,1,1,6,16,16,6,11,10.00,15,1,8,15,631,553.00,442.00
16,6,6,16,16,11,6,16,10.00,22,22,15,22,631,844.00,600.00
16,11,11,16,6,1,11,16,10.00,22,15,1,8,631,833.00,570.00
16,1,16,11,1,1,1,1,6.00,22,22,15,8,631,376.00,252.00
6,6,16,1,6,16,1,11,2.00,1,15,8,8,631,542.00,409.00
11,6,16,11,6,6,6,6,2.00,15,1,8,22,631,575.00,415.00
16,1,1,11,11,11,1,16,4.00,1,8,15,15,631,692.00,458.00
6,6,11,6,11,1,1,1,0.00,15,8,8,1,631,286.00,210.00
1,16,6,11,1,1,6,11,8.00,22,1,1,22,631,566.00,371.00
16,6,6,11,16,11,6,1,8.00,22,22,8,15,631,501.00,383.00
1,1,11,11,16,16,11,11,6.00,1,15,15,15,631,760.00,582.00
1,16,11,1,11,1,6,1,10.00,22,8,8,15,631,387.00,280.00
16,16,16,6,6,16,11,1,10.00,1,1,8,1,631,635.00,519.00
11,11,6,1,16,6,1,6,0.00,1,15,8,8,631,342.00,262.00
1,11,16,16,6,16,16,16,0.00,8,8,1,22,631,1008.00,745.00
1,1,6,6,16,1,6,1,4.00,22,1,15,15,631,347.00,239.00
11,1,11,16,11,11,1,11,2.00,1,15,8,15,631,698.00,474.00
11,6,1,1,11,6,16,1,4.00,1,15,8,8,631,471.00,363.00
16,16,16,16,16,1,6,11,2.00,22,8,22,22,631,785.00,533.00
11,6,16,6,16,1,1,1,2.00,15,8,1,15,631,363.00,268.00
1,1,16,11,16,11,6,11,8.00,8,8,1,22,631,708.00,508.00
16,6,6,11,1,1,16,11,2.00,22,8,15,1,631,694.00,484.00
16,16,1,11,1,11,1,16,4.00,15,1,8,8,631,671.00,450.00
11,6,16,1,1,1,1,1,0.00,15,15,15,1,631,285.00,216.00
1,16,16,11,16,16,16,1,0.00,22,8,22,22,631,848.00,624.00
1,11,1,6,6,6,1,11,10.00,22,15,1,1,631,406.00,293.00
6,6,6,11,16,6,6,11,4.00,15,22,15,15,631,614.00,440.00
16,6,11,11,6,1,1,11,6.00,22,22,15,1,631,538.00,355.00
1,1,1,1,1,1,1,1,10.00,1,8,22,22,631,117.00,83.00
16,6,6,6,6,1,11,6,8.00,15,1,1,8,631,479.00,340.00
1,6,11,6,6,1,11,6,6.00,15,22,1,8,631,535.00,370.00
16,6,6,16,11,16,6,16,6.00,15,1,1,22,631,868.00,616.00
11,6,6,6,6,6,1,16,6.00,8,22,22,8,631,596.00,392.00
16,16,1,6,16,6,6,11,10.00,1,22,1,22,631,541.00,410.00
16,6,16,11,16,16,11,11,2.00,8,8,8,22,631,840.00,638.00
11,6,11,11,16,16,1,6,10.00,1,22,8,15,631,554.00,437.00
11,6,1,16,11,16,1,16,4.00,15,15,15,15,631,776.00,542.00
6,6,11,6,11,11,16,1,8.00,1,22,22,8,631,662.00,498.00
1,6,1,6,11,1,16,11,10.00,1,1,8,22,631,601.00,429.00
16,6,6,6,6,1,11,16,8.00,8,8,15,22,631,687.00,463.00
16,16,6,6,11,16,11,6,6.00,15,22,1,8,631,650.00,512.00
16,6,11,11,6,1,1,11,6.00,22,22,8,8,631,538.00,353.00
16,6,6,11,16,16,6,6,10.00,1,22,1,1,631,570.00,480.00
16,11,1,1,16,16,16,6,2.00,15,8,1,8,631,641.00,529.00
6,6,1,16,1,6,11,1,2.00,1,8,8,22,631,468.00,346.00
11,16,1,1,6,11,6,11,4.00,8,22,8,15,631,497.00,381.00
1,16,6,11,1,1,6,11,0.00,15,8,8,1,631,552.00,366.00
6,6,6,1,1,6,6,11,8.00,15,1,8,22,631,450.00,318.00
1,6,16,11,16,11,6,1,8.00,1,1,8,22,631,551.00,420.00
1,11,6,1,16,6,1,11,10.00,22,15,1,1,631,408.00,305.00
1,11,1,6,6,6,6,11,4.00,15,22,15,15,631,491.00,349.00
6,1,16,6,16,16,6,11,4.00,1,22,15,1,631,682.00,525.00
11,11,11,11,1,6,16,16,2.00,22,22,1,15,631,864.00,605.00
6,16,6,6,1,1,6,6,0.00,8,1,15,8,631,396.00,284.00
6,1,16,6,1,11,6,6,2.00,1,22,22,1,631,539.00,403.00
11,6,16,1,16,16,16,1,0.00,22,8,22,22,631,748.00,567.00
1,6,16,16,1,11,6,6,4.00,22,1,22,8,631,632.00,465.00
16,1,1,11,6,6,6,6,2.00,15,1,8,22,631,450.00,334.00
16,16,1,11,6,11,6,11,6.00,8,1,8,15,631,625.00,454.00
16,16,1,11,1,11,1,16,4.00,22,8,15,1,631,657.00,454.00
16,6,11,1,6,6,16,1,6.00,15,8,15,22,631,589.00,430.00
16,1,16,6,16,1,6,16,0.00,1,15,22,22,631,739.00,496.00
11,6,6,6,6,6,1,16,8.00,15,1,1,22,631,603.00,382.00
11,16,11,6,11,6,6,6,10.00,8,15,8,15,631,530.00,387.00
16,16,16,16,16,1,6,11,2.00,22,22,1,22,631,750.00,517.00
11,6,1,1,11,6,16,1,4.00,8,1,22,1,631,471.00,362.00
1,16,11,16,6,11,1,6,6.00,22,8,1,8,631,555.00,398.00
6,11,1,6,1,1,1,16,8.00,1,8,22,22,631,561.00,326.00
6,16,16,16,11,6,6,1,0.00,22,1,22,22,631,611.00,433.00
16,11,6,6,16,16,6,11,0.00,8,22,22,15,631,651.00,513.00
6,11,16,16,16,11,6,16,10.00,1,1,15,22,631,956.00,638.00
16,6,1,16,6,1,1,1,4.00,22,1,1,22,631,352.00,232.00
6,11,1,6,11,16,11,11,0.00,15,22,8,1,631,650.00,513.00
1,1,16,6,11,6,11,16,4.00,1,15,8,8,631,751.00,549.00
11,6,6,11,1,16,16,11,6.00,1,1,1,8,631,750.00,587.00
11,1,16,1,6,6,6,16,6.00,15,8,1,1,631,605.00,450.00
11,6,11,11,1,1,1,16,2.00,22,15,15,15,631,659.00,406.00
11,11,11,6,1,6,11,6,8.00,15,8,22,1,631,584.00,419.00
6,6,11,6,6,11,6,6,6.00,22,15,8,8,631,522.00,381.00
11,11,6,1,16,6,1,6,0.00,1,1,8,1,631,328.00,260.00
11,6,6,1,1,16,16,6,8.00,8,8,15,8,631,633.00,487.00
11,1,6,6,11,1,1,6,10.00,1,15,22,1,631,347.00,235.00
11,6,1,1,11,1,1,16,10.00,22,22,15,1,631,448.00,302.00
11,16,1,11,11,16,6,11,8.00,1,15,8,15,631,653.00,508.00
16,16,6,1,6,16,1,6,2.00,1,1,22,22,631,416.00,342.00
16,16,11,16,6,1,11,6,8.00,8,22,15,8,631,667.00,469.00
1,16,16,11,1,1,1,1,0.00,15,15,15,1,631,385.00,271.00
16,11,1,6,11,1,16,1,4.00,8,1,22,8,631,503.00,366.00
16,6,6,16,11,16,6,16,0.00,8,22,22,8,631,861.00,629.00
11,6,1,11,1,16,11,6,6.00,22,1,15,15,631,584.00,459.00
11,6,11,6,16,6,11,6,4.00,8,1,15,1,631,593.00,448.00
1,1,1,16,1,1,6,6,8.00,22,15,15,8,631,461.00,305.00
11,16,16,11,6,11,11,1,10.00,15,22,22,22,631,705.00,504.00
11,1,1,1,6,1,1,1,8.00,8,1,15,1,631,120.00,94.00
6,6,6,1,11,11,1,1,8.00,8,22,22,15,631,301.00,246.00
16,11,16,11,11,6,1,11,8.00,15,1,1,1,631,637.00,439.00
6,1,16,6,16,11,16,16,2.00,8,15,1,22,631,900.00,660.00
6,6,1,11,1,1,6,6,8.00,8,15,8,22,631,412.00,274.00
16,1,11,6,6,1,16,16,0.00,8,22,15,22,631,786.00,546.00
6,6,6,11,6,11,11,6,0.00,8,22,1,1,631,590.00,443.00
11,6,1,16,11,16,6,6,4.00,15,15,15,8,631,599.00,472.00
1,1,11,1,1,11,1,6,10.00,22,22,22,15,631,380.00,271.00
6,6,6,11,16,11,11,6,6.00,1,1,8,15,631,609.00,473.00
6,11,16,16,16,11,6,16,10.00,1,22,22,15,631,935.00,634.00
11,6,6,16,11,1,6,16,2.00,22,8,1,22,631,774.00,502.00
1,16,11,16,16,11,11,1,8.00,1,1,1,1,631,638.00,498.00
16,11,16,11,16,1,11,6,0.00,22,15,15,22,631,713.00,496.00
1,1,1,1,1,1,1,11,4.00,1,22,8,1,631,300.00,185.00
11,16,11,6,11,11,1,1,8.00,1,1,15,8,631,384.00,311.00
16,1,6,1,1,1,6,6,10.00,8,15,8,22,631,342.00,230.00
6,6,1,16,1,6,11,16,2.00,1,8,15,22,631,809.00,533.00
16,6,16,11,11,6,16,16,4.00,1,8,8,22,631,917.00,669.00
11,6,6,6,1,11,1,11,0.00,1,15,8,15,631,493.00,348.00
6,6,1,16,1,16,6,6,10.00,1,22,8,15,631,574.00,438.00
6,16,1,1,16,11,6,1,10.00,1,22,15,8,631,370.00,316.00
6,16,6,6,1,16,11,16,8.00,1,8,15,1,631,743.00,563.00
1,6,16,16,1,16,11,16,10.00,1,1,1,1,631,937.00,661.00
1,1,1,1,1,1,1,1,0.00,1,1,1,1,631,68.00,51.00
11,11,11,6,16,1,16,16,0.00,1,8,1,15,631,799.00,588.00
6,11,6,6,6,11,16,6,8.00,22,1,8,1,631,660.00,486.00
6,11,16,6,1,1,1,16,8.00,1,8,22,22,631,666.00,410.00
6,11,1,6,1,1,1,1,10.00,8,15,22,22,631,206.00,137.00
11,16,1,6,1,6,16,6,6.00,22,8,15,8,631,597.00,422.00
11,1,6,11,1,6,6,1,2.00,1,1,15,15,631,366.00,277.00
11,1,11,16,11,6,11,16,2.00,1,1,15,15,631,904.00,607.00
11,16,6,11,1,6,6,1,0.00,15,15,8,8,631,425.00,304.00
6,16,1,6,11,6,11,11,2.00,15,22,15,15,631,616.00,435.00
16,16,6,16,16,1,16,6,10.00,8,8,8,22,631,735.00,527.00
1,16,1,1,16,1,1,6,8.00,1,8,15,1,631,268.00,194.00
11,6,6,16,16,11,11,1,8.00,1,1,1,22,631,589.00,459.00
1,11,1,6,6,6,6,11,4.00,15,22,15,8,631,484.00,347.00
1,1,6,1,6,6,6,16,4.00,15,8,8,15,631,546.00,380.00
1,16,1,11,16,6,11,16,2.00,1,22,15,1,631,759.00,533.00
16,11,16,6,6,16,6,16,10.00,22,22,8,15,631,786.00,585.00
16,16,11,11,1,1,16,11,0.00,22,22,1,22,631,786.00,533.00
1,1,1,1,1,1,1,1,6.00,8,8,8,8,631,96.00,62.00
16,6,11,16,1,6,6,11,8.00,1,15,8,15,631,703.00,471.00
11,16,1,11,11,16,11,16,0.00,1,15,15,15,631,825.00,619.00
11,6,16,16,11,11,11,11,2.00,1,8,8,1,631,826.00,609.00
11,1,1,6,16,1,1,1,8.00,8,8,1,22,631,223.00,160.00
11,16,6,11,1,1,16,11,2.00,15,1,8,8,631,696.00,494.00
16,6,6,6,1,16,6,11,2.00,22,8,15,22,631,591.00,456.00
1,6,11,6,6,16,11,16,2.00,1,15,22,22,631,794.00,587.00
6,6,6,6,6,16,11,6,4.00,8,1,1,22,631,581.00,448.00
6,1,11,6,16,16,6,16,10.00,1,1,15,22,631,776.00,551.00
6,11,16,16,16,11,6,16,10.00,22,15,15,22,631,921.00,632.00
16,6,16,11,11,16,11,16,10.00,22,1,15,22,631,915.00,679.00
11,16,1,1,6,6,11,11,6.00,15,1,22,1,631,538.00,395.00
1,1,1,1,1,11,6,1,0.00,1,8,22,15,631,277.00,220.00
1,16,1,16,6,6,1,16,6.00,8,15,1,8,631,707.00,449.00
1,11,1,16,16,1,16,11,2.00,8,8,8,1,631,724.00,521.00
11,1,11,11,11,1,1,16,0.00,15,22,22,15,631,686.00,430.00
1,1,1,16,11,16,16,1,6.00,22,8,15,1,631,650.00,495.00
16,1,6,1,6,16,6,16,4.00,1,1,22,22,631,653.00,480.00
6,16,1,6,16,16,1,11,10.00,15,22,15,15,631,529.00,429.00
16,16,1,1,16,11,6,16,8.00,1,8,15,1,631,618.00,467.00
1,16,11,16,11,1,6,16,2.00,1,22,1,22,631,826.00,531.00
16,6,16,11,16,16,11,11,2.00,22,8,1,22,631,847.00,636.00
16,6,11,6,16,1,16,16,0.00,1,8,1,8,631,782.00,577.00
11,16,16,11,6,11,1,1,0.00,15,15,15,1,631,480.00,362.00
11,11,6,6,16,11,11,16,8.00,8,22,22,15,631,776.00,572.00
16,16,1,6,16,11,16,6,2.00,8,15,22,22,631,696.00,523.00
11,1,16,1,6,6,6,16,6.00,15,8,15,22,631,640.00,456.00
16,6,11,1,6,6,16,1,6.00,15,8,1,1,631,554.00,423.00
6,11,1,6,1,1,1,16,0.00,8,22,22,8,631,526.00,321.00
16,6,6,16,11,16,6,16,8.00,1,8,22,22,631,896.00,624.00
6,11,1,6,11,16,11,11,8.00,22,22,8,8,631,664.00,519.00
16,6,6,6,16,6,6,6,0.00,15,22,8,1,631,474.00,358.00
1,16,1,6,16,6,16,11,0.00,1,22,1,1,631,678.00,503.00
16,6,6,11,16,16,6,6,10.00,22,22,22,22,631,622.00,487.00
11,6,16,1,11,11,16,1,8.00,8,15,8,1,631,656.00,511.00
6,11,1,6,16,6,6,11,10.00,8,8,8,22,631,535.00,381.00
16,16,16,6,1,1,1,16,8.00,1,8,22,22,631,686.00,431.00
11,11,11,6,16,6,11,11,0.00,8,22,22,15,631,711.00,513.00
1,16,11,1,16,11,16,1,8.00,15,1,1,8,631,634.00,501.00
16,11,16,1,16,11,6,6,2.00,22,8,1,15,631,580.00,442.00
11,16,11,11,11,6,1,11,8.00,15,1,1,1,631,607.00,412.00
11,6,1,16,11,11,6,11,2.00,22,8,15,22,631,683.00,493.00
11,16,6,6,1,16,1,16,4.00,8,22,22,8,631,651.00,469.00
1,1,1,1,1,1,1,1,0.00,22,8,1,22,631,117.00,80.00
16,16,16,6,11,6,6,1,0.00,8,1,8,8,631,499.00,392.00
11,6,16,6,16,1,1,1,8.00,8,15,22,1,631,370.00,283.00
16,16,6,16,16,16,1,1,6.00,8,8,1,22,631,513.00,422.00
16,1,16,6,16,1,6,6,4.00,8,1,22,22,631,527.00,387.00
11,6,11,11,1,1,1,6,0.00,1,1,15,15,631,454.00,283.00
16,16,6,6,6,6,16,16,4.00,15,22,15,22,631,828.00,578.00
16,11,16,16,1,1,11,1,0.00,22,8,8,22,631,629.00,430.00
1,11,11,16,16,16,6,1,8.00,8,1,22,15,631,605.00,473.00
16,6,1,11,11,16,16,1,2.00,15,8,1,1,631,619.00,500.00
16,11,16,16,6,16,6,16,10.00,22,22,8,8,631,898.00,657.00
16,6,6,6,16,6,6,6,6.00,1,1,22,22,631,478.00,362.00
1,1,11,6,1,16,11,1,2.00,15,15,1,1,631,531.00,405.00
6,1,16,11,6,1,6,16,8.00,15,8,15,1,631,739.00,489.00
1,11,11,16,16,16,16,1,2.00,22,22,22,1,631,816.00,600.00
6,11,16,16,11,16,1,11,6.00,15,8,1,1,631,756.00,534.00
6,1,11,11,11,6,16,16,8.00,1,15,1,22,631,848.00,610.00
16,11,6,1,1,6,16,1,2.00,1,8,1,8,631,497.00,386.00
1,11,1,16,1,1,1,11,10.00,22,15,1,1,631,516.00,332.00
1,11,6,1,16,11,11,16,10.00,1,1,1,1,631,673.00,513.00
6,11,1,6,16,6,16,1,2.00,15,22,22,22,631,585.00,419.00
1,1,1,16,11,1,11,11,6.00,8,8,22,22,631,679.00,452.00
1,6,6,6,16,11,16,11,0.00,8,1,8,22,631,738.00,546.00
16,6,6,16,11,6,6,1,8.00,1,1,1,1,631,477.00,351.00
1,1,1,1,1,1,1,1,8.00,8,22,1,15,631,110.00,76.00
11,16,6,1,11,6,6,1,0.00,22,1,22,22,631,396.00,294.00
6,16,16,16,6,6,1,1,0.00,22,15,8,8,631,487.00,347.00
11,6,16,6,1,16,16,16,10.00,15,1,8,15,631,903.00,665.00
16,6,16,6,11,6,1,11,10.00,1,22,8,1,631,552.00,396.00
11,16,6,11,11,16,11,1,8.00,1,22,1,15,631,613.00,480.00
16,11,11,16,11,6,1,11,6.00,22,22,22,8,631,677.00,464.00
11,11,6,1,16,6,1,6,4.00,22,1,1,22,631,355.00,265.00
1,1,1,11,1,11,11,6,4.00,22,1,22,15,631,529.00,393.00
11,6,1,1,1,11,1,6,4.00,22,8,1,8,631,300.00,240.00
1,16,11,16,6,11,1,6,6.00,8,1,15,15,631,597.00,409.00
1,1,16,11,1,6,6,11,8.00,15,1,8,22,631,645.00,439.00
6,6,6,1,16,1,11,1,2.00,8,1,1,22,631,401.00,295.00
6,6,6,6,1,11,1,6,0.00,1,1,15,15,631,389.00,280.00
16,6,16,11,11,1,1,11,0.00,1,15,8,15,631,623.00,404.00
6,16,6,11,1,16,16,11,6.00,1,1,1,8,631,775.00,602.00
11,6,6,6,1,11,1,6,8.00,1,8,8,8,631,373.00,286.00
16,1,1,16,11,11,1,16,4.00,8,22,22,8,631,754.00,506.00
11,6,1,1,16,6,6,16,4.00,1,22,15,22,631,575.00,406.00
11,6,6,6,6,1,11,16,0.00,1,15,22,8,631,675.00,460.00
16,16,1,1,11,1,11,6,2.00,8,22,22,15,631,476.00,338.00
16,16,6,1,6,16,1,6,2.00,8,22,22,8,631,426.00,353.00
16,6,6,16,11,16,6,16,0.00,1,1,22,22,631,903.00,623.00
16,1,1,16,16,6,11,16,0.00,1,8,1,22,631,840.00,574.00
16,1,1,16,16,16,16,6,8.00,1,1,22,22,631,745.00,596.00
1,1,1,6,6,1,16,11,0.00,15,8,15,22,631,599.00,407.00
11,6,1,1,1,6,11,1,2.00,1,8,8,22,631,353.00,265.00
16,16,11,1,1,6,6,6,10.00,15,22,1,15,631,472.00,339.00
16,1,16,6,16,1,6,16,0.00,22,15,22,22,631,718.00,491.00
1,11,1,16,6,1,1,11,8.00,1,15,22,22,631,594.00,348.00
16,6,6,16,11,16,1,1,8.00,8,15,22,22,631,505.00,393.00
16,1,11,16,6,16,6,16,0.00,8,22,22,8,631,871.00,620.00
16,16,6,1,6,16,1,6,2.00,1,22,8,15,631,416.00,346.00
11,6,1,16,1,16,6,6,10.00,1,1,22,22,631,593.00,438.00
1,6,6,6,1,11,6,1,8.00,22,22,15,15,631,408.00,294.00
11,16,16,11,6,11,11,11,2.00,8,8,8,22,631,800.00,588.00
1,16,1,1,16,11,6,16,8.00,1,8,15,1,631,603.00,440.00
6,16,1,11,16,11,16,1,10.00,22,22,1,15,631,654.00,489.00
6,11,16,6,16,1,1,1,8.00,8,8,1,22,631,373.00,275.00
11,6,16,6,1,1,1,1,10.00,8,15,22,22,631,346.00,237.00
1,6,11,6,6,16,11,6,4.00,1,22,8,1,631,630.00,482.00
11,6,16,6,1,6,1,11,10.00,8,1,1,22,631,545.00,361.00
16,16,16,6,6,16,1,16,2.00,22,15,15,15,631,734.00,536.00
11,6,11,11,1,1,16,1,10.00,1,15,8,8,631,586.00,419.00
16,6,16,11,1,6,6,1,2.00,1,1,15,15,631,486.00,361.00
11,16,6,11,11,6,16,16,4.00,1,8,15,22,631,869.00,622.00
6,11,1,1,6,16,1,11,4.00,22,8,22,8,631,451.00,350.00
1,6,16,16,1,11,6,6,4.00,22,22,22,1,631,650.00,466.00
16,1,6,6,6,1,11,16,0.00,1,22,22,15,631,670.00,458.00
11,11,1,11,6,11,6,11,6.00,8,1,8,15,631,610.00,437.00
1,6,11,1,6,16,11,11,0.00,22,8,8,8,631,665.00,495.00
11,11,11,1,11,6,1,16,0.00,22,8,1,8,631,560.00,392.00
16,16,11,11,1,11,11,11,8.00,8,15,15,15,631,747.00,549.00
1,11,1,6,6,6,6,11,4.00,15,22,8,8,631,477.00,344.00
11,6,6,16,16,11,11,1,8.00,1,22,1,1,631,589.00,463.00
16,6,6,11,16,16,6,6,10.00,1,1,1,1,631,577.00,472.00
16,16,6,6,11,16,11,16,8.00,8,1,15,22,631,804.00,614.00
1,1,1,1,1,1,1,1,0.00,1,22,1,1,631,89.00,68.00
6,11,16,6,1,1,1,1,10.00,8,15,1,1,631,314.00,234.00
6,1,16,6,6,6,11,6,0.00,1,1,22,22,631,610.00,443.00
16,1,6,11,1,1,1,6,0.00,1,15,8,15,631,402.00,249.00
6,6,16,1,6,16,1,16,2.00,1,15,8,8,631,636.00,464.00
11,6,16,6,16,1,11,11,4.00,15,1,8,1,631,678.00,497.00
11,1,1,16,11,11,11,11,2.00,22,8,22,1,631,704.00,536.00
16,11,11,6,1,1,16,1,4.00,8,8,15,8,631,573.00,417.00
11,11,6,11,6,11,11,11,10.00,1,1,15,1,631,690.00,511.00
1,1,1,1,1,1,1,1,0.00,22,15,22,1,631,124.00,84.00
1,16,6,1,1,16,16,6,8.00,8,8,15,8,631,653.00,498.00
16,16,6,1,6,16,1,6,2.00,1,1,15,1,631,398.00,334.00
6,16,6,11,6,1,16,11,0.00,22,15,22,22,631,755.00,512.00
11,6,1,11,1,16,11,6,6.00,22,15,15,15,631,596.00,460.00
11,6,11,11,1,1,1,16,2.00,22,1,15,15,631,673.00,412.00
6,1,11,6,1,11,6,6,2.00,1,22,22,1,631,489.00,364.00
11,16,11,16,11,6,1,11,8.00,15,22,22,1,631,682.00,462.00
1,11,6,1,6,6,6,1,8.00,1,1,1,1,631,293.00,240.00
11,1,1,16,11,11,11,11,4.00,22,22,15,15,631,710.00,538.00
16,6,6,11,16,11,6,1,6.00,1,8,8,1,631,452.00,373.00
16,11,6,11,6,16,16,1,10.00,1,8,15,15,631,683.00,525.00
16,11,1,11,1,11,11,11,10.00,1,1,15,1,631,645.00,484.00
16,11,1,6,11,6,6,6,10.00,15,22,1,8,631,425.00,328.00
16,16,11,1,1,1,16,1,4.00,8,1,22,8,631,548.00,418.00
11,6,1,6,6,1,6,16,8.00,15,8,15,1,631,574.00,379.00
1,1,11,16,1,16,6,6,10.00,1,22,8,15,631,614.00,462.00
11,6,16,1,11,11,16,11,8.00,15,22,15,1,631,816.00,601.00
1,1,16,6,16,16,1,16,2.00,22,8,1,15,631,712.00,512.00
6,16,1,11,6,16,16,6,10.00,1,22,15,15,631,717.00,545.00
1,1,1,1,1,1,16,11,10.00,22,1,15,22,631,544.00,362.00
11,11,6,11,1,6,11,6,8.00,15,8,22,1,631,574.00,413.00
6,6,6,6,6,6,1,1,4.00,15,1,8,22,631,270.00,199.00
6,6,6,1,11,11,1,1,8.00,8,1,15,1,631,259.00,228.00
11,6,11,6,16,6,11,6,4.00,8,22,22,15,631,631.00,457.00
6,11,16,16,11,16,11,11,2.00,1,22,1,22,631,870.00,657.00
16,6,16,11,16,16,1,11,6.00,22,22,22,1,631,685.00,529.00
1,1,6,6,16,11,16,11,8.00,15,15,1,22,631,737.00,537.00
11,6,1,16,11,11,1,16,10.00,22,15,15,22,631,751.00,503.00
6,1,11,6,16,16,6,16,4.00,8,22,22,8,631,741.00,555.00
11,6,11,11,1,1,1,16,2.00,1,15,15,8,631,673.00,412.00
11,16,16,1,1,11,16,16,2.00,22,15,15,15,631,886.00,634.00
11,16,11,1,6,6,6,1,8.00,1,1,15,22,631,403.00,309.00
16,16,1,1,1,1,11,6,10.00,15,1,1,1,631,401.00,287.00
11,11,11,1,11,6,1,16,8.00,8,1,8,22,631,602.00,397.00
1,16,11,16,11,16,6,16,0.00,22,8,8,8,631,887.00,626.00
11,16,6,6,1,16,6,11,2.00,22,15,15,22,631,623.00,469.00
16,16,1,11,1,1,1,16,2.00,1,22,15,8,631,621.00,381.00
16,1,16,11,1,1,11,1,8.00,15,1,22,1,631,538.00,384.00
16,11,16,11,16,1,1,1,4.00,22,15,1,8,631,430.00,314.00
11,16,6,11,1,6,6,1,2.00,1,22,8,1,631,411.00,306.00
11,6,16,6,1,6,1,11,10.00,1,1,15,15,631,559.00,372.00
6,6,11,1,6,1,16,11,8.00,1,15,22,1,631,662.00,477.00
16,16,1,6,11,11,1,11,0.00,1,15,8,15,631,513.00,382.00
6,6,6,6,1,11,16,6,2.00,8,22,22,15,631,661.00,473.00
1,1,1,1,1,16,1,6,8.00,15,1,8,8,631,323.00,248.00
11,11,11,6,16,11,16,1,0.00,1,8,8,15,631,676.00,523.00
11,1,11,11,6,11,6,6,6.00,22,8,1,8,631,538.00,409.00
1,16,11,16,6,6,16,16,10.00,15,22,8,1,631,919.00,650.00
11,11,16,16,11,6,1,6,4.00,8,1,22,22,631,636.00,430.00
11,11,6,16,16,1,1,11,10.00,15,8,15,15,631,648.00,413.00
11,1,6,6,11,1,1,16,8.00,1,15,1,1,631,562.00,360.00
11,1,11,16,11,16,6,16,8.00,8,1,8,22,631,902.00,622.00
11,1,1,6,16,16,1,16,2.00,8,8,22,15,631,652.00,469.00
6,11,16,1,6,11,11,6,0.00,1,15,8,22,631,635.00,479.00
11,6,11,1,1,6,6,6,10.00,15,22,1,8,631,430.00,306.00
1,1,16,16,6,6,6,1,4.00,22,22,1,22,631,546.00,371.00
16,11,6,11,16,6,1,11,10.00,15,8,15,15,631,603.00,407.00
11,11,1,16,16,1,1,11,4.00,22,15,1,15,631,585.00,385.00
16,16,1,6,11,11,16,11,0.00,22,22,8,8,631,744.00,558.00
16,16,11,11,1,1,16,6,2.00,8,22,22,15,631,721.00,502.00
16,6,16,11,16,1,1,6,8.00,1,8,15,22,631,539.00,368.00
1,16,1,1,16,16,11,11,2.00,1,22,1,22,631,635.00,497.00
11,16,16,11,6,11,11,1,10.00,15,22,22,1,631,684.00,505.00
11,16,16,11,1,1,1,1,0.00,15,15,15,1,631,395.00,281.00
1,1,11,11,6,6,11,11,6.00,15,1,22,1,631,663.00,487.00
11,16,6,6,1,16,6,11,10.00,15,22,1,8,631,595.00,464.00
16,16,11,1,1,6,6,6,2.00,22,8,15,22,631,486.00,343.00
6,1,1,16,11,6,6,11,6.00,8,1,15,15,631,657.00,439.00
1,1,1,1,1,1,1,1,6.00,1,22,8,1,631,96.00,73.00
1,1,1,1,1,6,16,1,8.00,15,22,1,1,631,423.00,317.00
16,16,16,11,1,16,11,6,2.00,1,8,8,22,631,753.00,566.00
6,6,11,6,11,1,16,11,0.00,22,22,22,22,631,757.00,513.00
1,16,1,6,16,6,1,1,8.00,22,1,1,22,631,275.00,215.00
6,6,16,16,6,1,11,6,8.00,8,22,15,8,631,677.00,474.00
16,1,11,16,6,6,16,11,4.00,8,15,1,15,631,803.00,582.00
1,1,1,1,1,1,1,16,2.00,15,15,22,8,631,426.00,258.00
1,1,11,1,6,16,11,11,0.00,22,15,8,8,631,657.00,487.00
11,1,16,1,6,1,6,16,8.00,15,8,15,1,631,594.00,420.00
1,16,6,1,6,11,1,1,8.00,15,8,15,15,631,297.00,235.00
6,11,16,16,11,16,1,11,6.00,22,8,15,15,631,766.00,543.00
6,1,1,1,11,6,1,6,10.00,22,22,22,1,631,287.00,215.00
6,16,6,11,6,16,11,11,10.00,15,8,1,22,631,735.00,561.00
6,6,6,1,11,1,16,11,0.00,22,15,15,1,631,641.00,443.00
16,6,6,6,6,6,1,1,10.00,15,22,1,15,631,287.00,221.00
6,6,6,11,16,11,6,1,8.00,22,22,15,15,631,498.00,371.00
11,11,6,11,1,6,16,6,4.00,15,8,15,22,631,679.00,473.00
1,1,11,6,6,1,6,11,6.00,15,15,22,8,631,511.00,354.00
16,16,1,1,11,1,11,1,2.00,1,8,8,22,631,383.00,286.00
6,6,1,16,1,6,11,6,2.00,8,15,22,8,631,557.00,409.00
6,16,6,16,16,6,1,11,10.00,22,15,1,1,631,636.00,440.00
6,6,6,11,11,6,1,11,4.00,22,8,15,8,631,554.00,372.00
1,11,6,16,11,1,1,11,10.00,15,8,15,15,631,623.00,390.00
11,11,1,16,16,6,1,11,8.00,15,22,22,1,631,630.00,429.00
1,16,11,16,11,1,6,16,2.00,8,22,22,15,631,833.00,532.00
16,16,1,6,11,11,16,6,2.00,22,8,1,22,631,667.00,502.00
1,16,1,16,6,16,1,6,0.00,8,22,8,15,631,547.00,406.00
11,1,1,6,1,6,16,11,0.00,1,15,22,22,631,629.00,446.00
6,6,6,6,6,16,11,16,4.00,1,15,22,15,631,752.00,565.00
6,11,16,1,6,11,11,6,6.00,8,8,22,22,631,649.00,487.00
11,11,11,11,1,6,16,16,2.00,22,22,22,8,631,878.00,614.00
1,1,6,11,11,6,6,6,4.00,15,15,8,1,631,462.00,346.00
11,6,1,1,11,6,16,1,4.00,8,8,1,15,631,471.00,363.00
6,6,1,1,6,16,1,1,10.00,8,22,22,1,631,333.00,256.00
6,11,16,16,11,16,1,11,6.00,22,15,8,22,631,759.00,543.00
16,11,1,11,16,6,11,16,8.00,1,22,8,1,631,757.00,550.00
1,16,6,1,6,11,1,1,2.00,1,22,15,1,631,283.00,234.00
1,1,1,1,1,1,1,6,4.00,15,1,1,1,631,172.00,119.00
1,11,1,6,11,11,16,6,2.00,8,22,22,15,631,651.00,477.00
11,11,16,16,16,1,6,16,8.00,15,1,1,22,631,883.00,576.00
1,11,6,6,6,6,6,16,4.00,8,15,22,22,631,662.00,440.00
1,1,16,6,6,11,16,6,6.00,1,15,22,15,631,742.00,548.00
11,16,16,1,1,11,16,16,2.00,1,15,15,15,631,865.00,642.00
1,16,1,6,16,6,6,6,6.00,22,15,8,8,631,447.00,327.00
6,6,11,6,6,11,16,11,0.00,22,22,22,22,631,812.00,567.00
16,6,6,11,1,16,11,11,10.00,1,8,22,22,631,716.00,549.00
6,6,6,6,16,6,6,6,8.00,22,22,8,8,631,474.00,344.00
11,6,1,6,6,6,1,16,8.00,15,1,1,22,631,568.00,362.00
1,1,1,1,1,1,1,1,10.00,1,15,8,22,631,110.00,74.00
6,16,6,6,1,16,11,1,8.00,22,8,15,8,631,552.00,422.00
11,1,11,16,1,11,16,1,10.00,1,22,15,8,631,695.00,508.00
6,11,1,11,6,16,16,6,10.00,22,8,1,15,631,695.00,526.00
1,1,1,1,1,1,1,1,0.00,1,8,1,8,631,82.00,58.00
1,1,1,1,1,11,6,16,4.00,15,1,15,8,631,528.00,380.00
16,1,1,11,6,6,6,6,2.00,8,15,1,1,631,429.00,332.00
16,6,11,6,6,1,1,16,6.00,15,1,8,22,631,625.00,387.00
16,6,16,6,11,16,16,16,10.00,22,15,8,8,631,952.00,706.00
11,16,6,1,6,6,1,1,0.00,15,1,8,15,631,258.00,202.00
11,6,1,16,6,6,11,6,4.00,8,1,1,22,631,575.00,424.00
1,1,1,1,1,1,16,16,4.00,8,1,8,8,631,584.00,417.00
1,1,1,1,1,1,16,11,6.00,8,15,8,15,631,530.00,355.00
11,1,6,1,11,11,1,1,0.00,22,1,8,1,631,272.00,235.00
1,6,6,6,1,11,11,11,0.00,22,8,1,15,631,610.00,441.00
11,1,11,1,16,11,6,6,4.00,8,1,15,8,631,481.00,377.00
1,11,6,1,11,6,1,11,10.00,15,1,1,1,631,402.00,289.00
11,11,11,11,1,6,1,16,4.00,1,15,15,22,631,722.00,450.00
6,1,1,6,6,6,1,1,10.00,15,22,1,15,631,231.00,175.00
6,6,11,6,1,11,6,6,2.00,1,22,22,1,631,504.00,376.00
6,16,6,6,1,6,6,6,10.00,15,22,1,8,631,445.00,317.00
16,16,11,1,1,16,11,1,10.00,1,22,15,8,631,565.00,448.00
11,6,16,6,1,6,11,16,0.00,1,15,15,15,631,755.00,546.00
16,6,11,16,1,6,1,11,10.00,1,22,8,1,631,637.00,420.00
16,6,11,16,1,1,16,1,0.00,22,8,22,22,631,673.00,452.00
11,6,16,1,16,16,1,16,2.00,1,22,15,8,631,671.00,504.00
1,6,16,11,16,11,6,1,8.00,1,1,15,1,631,537.00,426.00
16,16,16,6,11,6,6,1,0.00,8,22,8,22,631,534.00,393.00
11,11,11,1,11,1,1,1,10.00,22,8,8,15,631,287.00,207.00
6,11,1,11,11,6,1,16,0.00,22,8,8,8,631,642.00,421.00
1,16,6,6,6,16,11,6,4.00,8,15,1,8,631,606.00,468.00
11,6,1,16,6,6,1,16,6.00,22,22,22,15,631,707.00,457.00
11,1,1,6,16,16,16,1,0.00,22,8,22,22,631,623.00,485.00
11,6,16,1,1,16,1,16,2.00,1,15,8,22,631,640.00,458.00
16,1,1,1,16,6,11,16,0.00,1,1,22,15,631,636.00,458.00
11,6,6,6,6,1,6,16,4.00,8,22,15,22,631,623.00,407.00
6,6,11,1,6,1,16,11,8.00,1,22,8,22,631,667.00,470.00
11,16,11,1,11,11,11,6,0.00,1,15,1,15,631,606.00,469.00
1,16,11,16,6,11,1,6,6.00,22,1,15,15,631,583.00,404.00
11,6,1,11,1,16,11,6,6.00,22,8,1,8,631,568.00,454.00
1,6,1,1,16,16,11,11,6.00,22,22,1,8,631,612.00,480.00
11,11,6,16,1,1,11,6,6.00,22,1,15,22,631,589.00,414.00
16,11,16,11,11,6,1,6,2.00,15,8,1,8,631,517.00,375.00
16,11,1,1,16,16,16,11,8.00,15,1,1,1,631,701.00,561.00
1,1,11,6,11,6,6,1,0.00,8,22,15,1,631,410.00,300.00
1,1,16,6,16,16,1,16,2.00,1,22,8,8,631,719.00,515.00
1,6,16,11,16,11,6,6,2.00,15,8,1,8,631,616.00,460.00
16,11,1,1,16,16,16,1,8.00,1,1,8,22,631,576.00,483.00
11,6,6,6,6,1,11,16,0.00,8,1,22,8,631,682.00,465.00
11,11,1,1,1,11,11,11,4.00,1,22,22,15,631,564.00,417.00
11,6,16,6,1,6,1,11,10.00,1,22,8,8,631,524.00,360.00
1,16,6,1,6,11,1,1,6.00,8,15,1,15,631,283.00,232.00
6,6,16,16,6,6,16,11,10.00,1,22,8,1,631,860.00,618.00
11,1,6,11,11,16,6,6,0.00,22,15,15,22,631,573.00,451.00
16,11,16,16,1,1,11,1,6.00,22,1,8,1,631,601.00,432.00
6,11,16,1,6,11,11,6,0.00,8,8,1,1,631,611.00,478.00
11,16,11,1,6,6,6,1,8.00,1,1,22,15,631,403.00,314.00
11,1,1,1,6,11,6,6,6.00,22,8,8,8,631,372.00,301.00
6,11,1,1,6,1,1,1,6.00,8,1,15,1,631,139.00,109.00
11,16,11,16,16,11,6,16,8.00,15,15,1,8,631,880.00,617.00
11,11,11,6,16,1,16,16,0.00,1,8,8,8,631,799.00,592.00
6,1,16,6,6,6,11,6,10.00,22,15,1,15,631,617.00,430.00
6,16,1,11,6,16,16,6,0.00,1,1,22,1,631,693.00,539.00
16,11,1,11,11,16,16,6,0.00,1,8,15,15,631,713.00,560.00
16,16,6,6,6,6,16,16,10.00,8,15,22,22,631,821.00,579.00
6,11,16,6,1,1,1,1,4.00,15,1,8,22,631,335.00,233.00
11,6,11,11,16,16,16,11,10.00,15,15,22,1,631,896.00,672.00
1,6,1,11,11,11,11,16,6.00,22,15,1,1,631,721.00,548.00
6,16,1,1,6,11,6,6,6.00,22,8,8,8,631,410.00,322.00
16,1,1,16,16,6,11,16,8.00,15,22,1,8,631,798.00,581.00
16,6,6,6,6,1,11,6,8.00,1,1,22,22,631,500.00,355.00
11,11,11,1,1,6,6,6,10.00,15,22,1,8,631,445.00,319.00
11,1,6,6,11,1,1,6,10.00,8,15,1,15,631,333.00,227.00
1,1,6,6,16,16,6,6,8.00,1,22,1,15,631,503.00,409.00
16,1,11,11,6,11,6,11,10.00,15,15,8,1,631,630.00,477.00
6,1,6,6,1,11,1,11,0.00,1,15,8,15,631,478.00,332.00
16,6,6,11,16,11,6,1,8.00,22,8,8,15,631,487.00,378.00
6,16,1,11,16,11,16,1,0.00,1,22,15,15,631,647.00,488.00
6,16,1,11,6,16,16,6,10.00,8,1,1,22,631,696.00,537.00
1,6,11,6,6,16,11,6,4.00,22,8,1,15,631,640.00,474.00
16,6,1,11,11,16,6,1,8.00,8,8,8,15,631,485.00,381.00
16,11,11,11,11,16,11,1,8.00,1,22,1,8,631,646.00,509.00
16,11,16,16,6,16,16,1,0.00,22,8,22,22,631,858.00,623.00
11,6,16,1,16,16,6,16,4.00,1,1,22,22,631,758.00,571.00
6,11,11,6,6,6,11,16,10.00,8,8,1,1,631,712.00,517.00
11,1,16,1,6,6,6,16,6.00,15,8,1,15,631,619.00,446.00
16,16,1,11,11,1,1,1,10.00,22,8,8,15,631,291.00,219.00
6,6,11,11,1,16,11,6,2.00,1,8,8,22,631,663.00,499.00
1,16,6,1,6,11,1,1,8.00,8,8,15,8,631,283.00,231.00
11,11,11,6,1,1,16,1,4.00,1,22,8,1,631,561.00,409.00
16,1,6,11,1,6,1,1,10.00,15,22,1,15,631,313.00,231.00
6,6,6,6,6,1,1,6,0.00,1,15,8,8,631,326.00,215.00
1,16,1,6,16,6,16,11,0.00,22,22,22,1,631,720.00,511.00
6,6,6,6,16,1,11,11,10.00,1,8,22,22,631,601.00,431.00
6,6,6,11,1,16,11,11,6.00,22,1,1,8,631,676.00,523.00
6,1,16,6,1,11,6,6,10.00,8,1,15,1,631,518.00,393.00
1,16,16,6,16,6,16,11,8.00,1,1,22,22,631,840.00,621.00
11,1,6,6,11,1,1,6,10.00,1,15,1,8,631,333.00,224.00
16,11,16,11,11,6,1,11,8.00,15,1,22,1,631,658.00,452.00
11,1,11,16,11,6,11,16,4.00,22,8,8,15,631,869.00,600.00
11,16,1,6,11,1,1,11,2.00,15,15,8,8,631,437.00,289.00
11,6,1,6,16,1,11,11,6.00,22,1,1,8,631,536.00,395.00
6,6,6,16,1,16,6,6,10.00,1,22,8,15,631,599.00,459.00
6,6,1,1,11,6,1,16,0.00,22,8,8,8,631,482.00,332.00
11,11,11,1,6,16,1,1,10.00,8,15,8,22,631,377.00,313.00
11,11,11,6,1,6,11,6,8.00,15,1,22,22,631,594.00,417.00
6,16,16,16,11,6,6,1,0.00,22,8,22,1,631,597.00,438.00
11,6,16,16,11,11,1,16,10.00,22,22,8,15,631,835.00,563.00
16,16,1,6,11,1,11,6,8.00,22,1,15,1,631,492.00,352.00
16,11,6,11,6,11,11,11,10.00,1,1,1,22,631,702.00,520.00
11,11,11,6,11,11,11,11,10.00,15,15,22,1,631,726.00,534.00
1,6,1,11,1,1,16,1,4.00,8,8,15,8,631,483.00,330.00
1,11,11,16,16,16,16,1,4.00,8,1,15,1,631,774.00,598.00
11,6,11,6,16,6,11,6,2.00,15,8,1,1,631,593.00,440.00
16,6,6,16,11,16,6,16,0.00,8,22,22,15,631,868.00,628.00
16,1,11,11,1,16,11,6,4.00,1,8,22,22,631,672.00,512.00
1,1,1,1,16,1,1,11,6.00,8,22,1,15,631,345.00,228.00
6,1,6,16,16,6,1,11,4.00,8,15,1,1,631,631.00,420.00
16,6,11,6,6,1,1,16,8.00,1,8,8,8,631,618.00,385.00
1,6,16,6,11,6,6,16,0.00,1,15,8,8,631,716.00,498.00
1,1,16,6,11,6,11,16,4.00,1,8,15,8,631,765.00,553.00
16,11,6,1,11,16,11,16,4.00,1,15,22,22,631,759.00,575.00
6,1,11,11,1,6,16,1,2.00,15,8,1,22,631,615.00,426.00
6,11,1,6,11,16,11,11,0.00,1,8,1,22,631,636.00,505.00
1,6,16,11,16,11,6,1,10.00,15,22,22,22,631,600.00,432.00
11,16,16,11,6,11,11,1,8.00,1,1,8,22,631,656.00,491.00
1,1,16,16,6,6,11,16,6.00,8,15,1,1,631,866.00,594.00
16,6,11,6,6,1,1,16,6.00,8,22,1,8,631,590.00,375.00
16,16,6,6,1,11,16,16,10.00,15,1,1,22,631,813.00,596.00
6,6,6,1,11,16,11,11,0.00,22,8,15,22,631,661.00,496.00
11,11,11,6,16,1,1,16,8.00,15,1,1,22,631,653.00,416.00
11,6,6,6,6,6,16,16,0.00,1,8,1,8,631,737.00,541.00
16,6,11,6,1,6,1,11,10.00,1,22,8,1,631,487.00,336.00
11,6,16,11,6,1,1,11,6.00,22,22,22,1,631,575.00,384.00
11,11,11,6,1,16,6,16,6.00,15,22,22,22,631,735.00,539.00
11,16,16,16,6,11,11,1,10.00,1,8,22,1,631,696.00,531.00
1,16,6,6,11,6,11,11,2.00,8,8,8,22,631,635.00,456.00
6,16,1,11,1,1,6,11,0.00,15,8,8,1,631,522.00,348.00
11,6,1,11,1,16,11,6,0.00,1,15,8,15,631,568.00,458.00
6,6,6,6,1,11,1,11,6.00,22,1,22,15,631,495.00,343.00
16,1,6,11,1,1,1,11,4.00,15,1,8,22,631,520.00,315.00
16,16,6,6,6,6,16,1,0.00,1,15,8,8,631,581.00,435.00
6,1,11,11,1,6,16,1,2.00,1,8,22,8,631,608.00,440.00
11,6,1,11,1,1,6,6,6.00,22,8,22,22,631,415.00,287.00
11,16,11,16,1,6,11,1,6.00,8,8,15,15,631,610.00,437.00
16,6,16,6,16,1,1,1,8.00,8,8,1,22,631,368.00,272.00
6,11,16,6,1,1,1,1,0.00,22,8,1,8,631,328.00,230.00
1,1,11,1,6,16,11,11,10.00,8,15,22,22,631,671.00,495.00
11,1,1,1,6,11,6,6,2.00,1,22,22,1,631,386.00,301.00
6,1,16,6,1,1,1,1,8.00,8,1,15,1,631,284.00,214.00
1,1,11,1,11,1,1,11,4.00,22,8,8,15,631,399.00,274.00
1,11,6,6,1,6,11,1,10.00,22,1,1,1,631,434.00,309.00
1,11,6,6,11,16,16,11,8.00,15,8,15,22,631,794.00,588.00
6,1,6,11,1,1,16,11,2.00,15,1,8,8,631,646.00,459.00
1,1,1,11,16,1,1,11,6.00,1,1,15,22,631,536.00,315.00
16,16,6,6,6,6,16,16,4.00,15,1,22,8,631,800.00,580.00
1,6,16,16,1,11,6,6,4.00,22,1,8,22,631,632.00,456.00
11,6,6,6,6,6,16,16,0.00,1,22,22,15,631,779.00,551.00
11,6,6,6,6,1,6,16,8.00,15,1,1,22,631,623.00,402.00
11,6,6,1,1,16,16,6,8.00,8,15,22,8,631,647.00,493.00
1,16,16,16,1,1,6,16,2.00,8,8,15,8,631,838.00,534.00
11,11,1,1,6,6,1,1,0.00,22,15,8,8,631,219.00,183.00
11,16,6,1,1,11,11,11,4.00,8,1,22,8,631,603.00,449.00
11,16,6,1,11,16,6,16,10.00,15,22,15,22,631,688.00,522.00
16,11,16,16,1,1,11,1,0.00,22,8,8,8,631,615.00,430.00
11,16,16,11,11,1,6,1,8.00,15,22,1,8,631,520.00,372.00
16,6,6,6,6,1,11,11,10.00,22,22,22,8,631,598.00,408.00
1,1,11,1,6,16,11,11,0.00,22,22,22,15,631,685.00,500.00
1,16,6,6,6,16,11,6,4.00,22,8,1,8,631,613.00,468.00
1,6,1,1,16,16,11,11,8.00,1,1,8,15,631,584.00,467.00
16,11,1,11,6,11,6,11,6.00,15,1,15,22,631,622.00,449.00
16,6,1,16,6,1,1,1,0.00,22,15,15,22,631,365.00,234.00
16,11,16,16,1,1,11,1,4.00,22,1,1,22,631,615.00,426.00
11,11,1,6,11,11,16,6,2.00,8,22,22,15,631,661.00,494.00
16,16,11,1,11,6,1,16,0.00,22,8,8,8,631,582.00,408.00
1,11,6,6,1,6,11,1,10.00,15,8,8,15,631,455.00,317.00
16,1,6,11,1,1,1,6,0.00,1,1,8,22,631,414.00,249.00
1,6,6,6,16,11,16,11,0.00,1,15,8,8,631,731.00,548.00
1,11,6,6,1,6,11,1,10.00,15,8,1,22,631,455.00,315.00
11,1,11,16,11,1,11,11,4.00,22,8,15,22,631,738.00,508.00
11,6,16,11,11,11,1,16,4.00,1,8,8,15,631,795.00,523.00
1,1,16,11,11,11,16,6,4.00,8,1,8,22,631,783.00,570.00
6,6,1,6,11,1,16,6,6.00,1,15,22,8,631,550.00,389.00
11,1,16,1,6,6,6,16,6.00,22,22,15,1,631,638.00,454.00
11,6,1,1,11,1,1,16,10.00,15,8,1,1,631,455.00,299.00
11,6,1,11,11,16,6,6,0.00,22,1,8,1,631,547.00,431.00
11,1,6,6,16,6,16,1,2.00,15,22,22,22,631,610.00,431.00
16,16,6,6,11,16,11,16,4.00,1,8,22,22,631,811.00,617.00
6,1,16,6,6,16,11,1,8.00,8,8,15,22,631,622.00,465.00
11,16,1,11,16,16,6,6,10.00,1,22,1,1,631,565.00,466.00
1,1,1,1,1,16,6,6,6.00,22,15,22,1,631,420.00,323.00
1,16,16,6,6,16,11,6,10.00,15,1,15,22,631,727.00,536.00
1,1,1,1,1,1,1,1,0.00,1,8,8,1,631,82.00,59.00
16,1,6,11,1,1,1,6,0.00,1,15,15,22,631,416.00,252.00
1,6,16,6,16,6,16,11,8.00,1,1,22,1,631,798.00,601.00
1,16,1,11,11,11,11,11,10.00,15,15,22,1,631,672.00,507.00
11,6,11,16,16,11,11,1,8.00,1,1,1,1,631,618.00,486.00
11,16,1,11,11,16,6,11,8.00,1,15,8,22,631,660.00,509.00
6,16,11,16,1,16,6,11,2.00,22,8,15,22,631,763.00,555.00
11,16,6,6,1,6,11,6,6.00,22,22,15,1,631,563.00,396.00
11,6,1,6,16,6,16,1,2.00,1,1,22,22,631,540.00,398.00
1,1,1,1,1,1,1,16,6.00,1,22,1,22,631,426.00,255.00
16,11,6,6,1,16,6,1,8.00,1,1,15,8,631,424.00,352.00
11,16,1,6,6,6,11,16,10.00,8,8,1,15,631,671.00,479.00
1,6,11,6,6,16,11,6,4.00,22,8,8,8,631,640.00,477.00
6,6,11,1,6,1,16,11,8.00,1,1,1,1,631,627.00,465.00
11,16,6,16,11,6,1,11,6.00,22,15,1,15,631,640.00,434.00
6,6,11,1,6,1,16,11,8.00,1,22,22,8,631,667.00,481.00
11,16,6,11,1,6,6,1,2.00,1,15,8,22,631,425.00,307.00
11,1,1,6,16,16,1,16,2.00,1,1,15,15,631,659.00,464.00
1,16,1,11,16,11,16,1,6.00,22,8,1,8,631,628.00,475.00
6,11,1,6,11,16,11,11,0.00,15,22,15,15,631,671.00,515.00
16,16,6,16,16,1,16,6,10.00,15,22,8,1,631,739.00,531.00
1,6,16,11,6,16,11,1,4.00,1,8,22,22,631,672.00,497.00
6,1,16,6,16,11,6,1,8.00,1,1,8,22,631,501.00,385.00
16,16,6,6,11,16,11,11,10.00,1,1,15,1,631,696.00,554.00
16,11,6,11,6,11,11,16,8.00,8,8,15,22,631,822.00,586.00
1,6,6,6,16,11,16,11,0.00,22,22,1,22,631,766.00,552.00
1,11,6,1,6,1,6,16,6.00,1,1,8,22,631,569.00,369.00
11,1,16,1,6,1,1,6,0.00,1,1,15,15,631,347.00,257.00
16,6,16,11,11,6,6,16,6.00,15,8,1,1,631,785.00,542.00
6,1,16,11,11,11,16,6,4.00,8,1,8,8,631,774.00,577.00
16,6,6,11,1,1,16,11,2.00,15,1,8,22,631,685.00,480.00
1,1,11,11,16,11,1,6,0.00,8,22,22,15,631,521.00,378.00
16,16,6,16,16,1,16,6,10.00,15,22,15,8,631,749.00,532.00
16,16,6,6,1,11,1,11,10.00,22,8,1,8,631,490.00,369.00
1,1,16,6,11,16,16,16,0.00,22,8,15,22,631,936.00,680.00
16,1,16,6,6,6,11,11,6.00,1,1,22,22,631,685.00,508.00
16,11,16,16,6,16,6,16,4.00,8,8,22,1,631,933.00,655.00
11,16,1,6,11,1,1,11,6.00,22,15,1,1,631,416.00,292.00
11,6,11,11,16,16,16,16,4.00,22,8,8,15,631,957.00,720.00
1,1,6,6,1,16,6,16,4.00,1,8,8,15,631,670.00,478.00
1,11,6,6,11,16,16,11,8.00,22,1,1,22,631,780.00,580.00
6,6,16,1,1,16,11,6,10.00,22,8,1,1,631,630.00,475.00
1,6,11,6,6,1,16,6,10.00,15,22,15,15,631,651.00,444.00
16,16,6,16,16,16,11,6,4.00,8,1,1,22,631,731.00,586.00
16,1,11,6,16,16,6,16,10.00,22,15,15,22,631,751.00,575.00
6,1,6,1,1,16,1,1,8.00,1,1,15,8,631,281.00,226.00
11,16,6,6,1,16,6,11,10.00,15,8,22,22,631,616.00,466.00
11,1,16,16,6,1,6,6,2.00,22,8,15,22,631,593.00,407.00
1,16,11,1,1,11,1,16,10.00,1,15,8,1,631,569.00,396.00
1,1,1,16,11,16,1,16,8.00,15,1,1,8,631,749.00,514.00
11,1,6,11,11,16,6,6,6.00,15,8,15,22,631,559.00,449.00
1,1,11,11,16,1,11,6,8.00,15,1,22,1,631,587.00,428.00
16,11,16,11,16,16,11,11,6.00,1,15,8,15,631,848.00,649.00
1,16,1,11,16,11,1,1,10.00,22,1,8,15,631,379.00,291.00
6,16,11,16,1,6,11,6,0.00,22,15,15,1,631,681.00,482.00
6,6,16,16,6,6,16,11,4.00,8,15,1,1,631,853.00,610.00
11,6,16,6,1,6,1,11,10.00,1,22,8,15,631,531.00,362.00
1,6,16,6,11,6,6,16,0.00,22,15,1,1,631,681.00,491.00
11,6,11,11,16,16,16,16,6.00,1,8,15,8,631,936.00,716.00
16,16,6,6,6,6,16,16,4.00,15,1,8,15,631,793.00,573.00
6,16,1,11,16,11,16,1,0.00,1,8,8,22,631,633.00,479.00
16,11,1,11,1,16,16,1,10.00,1,15,22,1,631,618.00,489.00
16,16,6,16,16,16,1,1,6.00,8,8,15,15,631,519.00,418.00
11,6,16,6,1,6,1,16,2.00,22,8,1,22,631,644.00,423.00
1,16,11,16,11,1,6,11,10.00,1,22,8,1,631,692.00,459.00
6,1,16,6,16,16,16,1,2.00,15,8,1,1,631,719.00,558.00
1,11,11,16,1,11,6,6,2.00,1,22,22,1,631,599.00,442.00
11,1,11,11,11,1,1,1,8.00,1,1,1,1,631,342.00,235.00
6,11,11,11,6,6,1,16,2.00,1,15,1,22,631,718.00,454.00
16,16,1,6,11,1,11,6,8.00,22,1,1,15,631,488.00,348.00
16,6,1,11,11,11,1,1,0.00,22,1,15,22,631,396.00,286.00
11,1,6,1,11,16,6,1,8.00,8,1,22,15,631,402.00,337.00
16,1,16,6,16,16,11,11,8.00,22,1,15,22,631,799.00,597.00
1,6,1,1,16,1,6,16,0.00,1,15,22,22,631,554.00,360.00
6,11,16,16,16,11,6,16,4.00,8,1,22,8,631,942.00,637.00
1,6,16,1,1,16,16,11,6.00,22,1,22,15,631,809.00,592.00
6,16,6,6,1,11,6,16,8.00,1,8,15,1,631,673.00,467.00
1,1,1,1,6,6,6,16,4.00,8,15,8,22,631,518.00,354.00
16,16,6,11,16,1,6,11,2.00,22,22,1,22,631,605.00,427.00
1,11,1,16,6,1,1,11,0.00,22,22,8,8,631,551.00,348.00
16,16,11,11,1,1,16,11,8.00,22,15,22,22,631,800.00,546.00
1,16,11,11,6,11,11,1,10.00,15,22,22,22,631,645.00,455.00
11,16,16,16,11,1,6,16,2.00,22,8,1,22,631,864.00,568.00
11,16,11,6,6,1,11,6,8.00,1,1,8,1,631,544.00,407.00
6,6,1,16,11,11,11,11,2.00,1,8,8,1,631,716.00,533.00
6,11,11,6,6,1,11,6,8.00,1,1,22,1,631,538.00,400.00
11,11,16,16,16,1,11,6,10.00,15,22,8,1,631,724.00,516.00
11,16,11,1,16,6,6,16,4.00,1,22,15,22,631,679.00,480.00
16,1,6,6,6,6,1,1,10.00,15,22,1,15,631,272.00,211.00
6,6,16,6,16,1,6,16,0.00,1,15,22,22,631,739.00,497.00
11,1,11,11,16,6,1,11,10.00,22,15,1,1,631,572.00,400.00
6,6,6,16,1,6,11,6,6.00,1,22,22,22,631,611.00,439.00
16,6,16,11,11,11,1,16,4.00,1,8,15,15,631,807.00,533.00
11,6,6,6,11,16,1,11,6.00,22,22,22,1,631,542.00,425.00
6,11,16,16,6,1,11,16,0.00,1,22,22,15,631,900.00,600.00
16,16,6,6,6,6,16,16,4.00,15,1,8,8,631,786.00,572.00
16,16,6,1,6,1,16,1,8.00,8,15,8,1,631,506.00,376.00
11,16,1,1,6,11,6,11,4.00,8,1,15,22,631,490.00,377.00
6,1,1,16,11,6,6,11,6.00,8,22,8,15,631,647.00,437.00
16,1,1,1,16,6,6,16,4.00,8,22,15,1,631,542.00,403.00
16,16,16,6,11,6,6,1,0.00,1,22,15,22,631,534.00,398.00
16,6,16,11,11,6,16,1,6.00,15,8,15,22,631,734.00,524.00
16,6,11,1,6,6,16,16,4.00,1,8,15,22,631,775.00,558.00
1,16,1,6,16,6,16,6,2.00,15,22,8,15,631,639.00,458.00
11,11,6,11,1,6,16,11,0.00,22,22,22,22,631,772.00,532.00
16,11,16,11,6,6,1,11,8.00,15,1,1,1,631,622.00,424.00
16,16,1,1,11,1,11,6,2.00,8,15,8,8,631,448.00,325.00
11,11,11,1,11,6,1,16,0.00,22,8,22,8,631,581.00,403.00
6,6,1,16,1,6,11,1,2.00,1,1,15,8,631,454.00,344.00
16,1,6,1,1,16,1,1,8.00,1,8,8,22,631,325.00,256.00
6,11,16,16,16,1,6,16,0.00,1,15,22,22,631,899.00,578.00
16,1,16,6,16,11,6,11,10.00,1,1,15,22,631,676.00,503.00
1,6,11,16,6,1,11,16,10.00,22,22,15,8,631,815.00,548.00
1,1,1,1,1,1,1,1,0.00,15,8,15,8,631,110.00,71.00
16,16,11,11,1,16,6,11,4.00,1,22,15,1,631,684.00,530.00
6,1,16,6,16,1,16,11,0.00,22,22,8,8,631,779.00,549.00
11,1,16,6,11,6,6,16,0.00,1,8,15,8,631,730.00,503.00
1,11,6,6,1,16,6,11,2.00,22,8,15,22,631,591.00,441.00
6,11,1,1,6,16,1,11,4.00,22,22,22,15,631,467.00,359.00
6,1,11,11,6,6,16,16,2.00,22,22,1,15,631,844.00,594.00
6,1,11,11,6,1,6,6,2.00,22,1,8,22,631,478.00,334.00
1,6,11,6,6,6,11,16,2.00,8,8,8,15,631,718.00,507.00
16,6,16,11,16,11,11,11,6.00,8,1,15,8,631,791.00,600.00
1,6,6,6,1,16,11,11,2.00,1,22,1,22,631,645.00,486.00
11,16,6,1,6,6,1,1,0.00,22,15,8,15,631,279.00,212.00
11,11,11,6,1,1,16,1,4.00,8,22,22,8,631,589.00,412.00
1,1,11,11,16,11,1,6,0.00,8,8,15,8,631,508.00,370.00
1,1,1,1,16,16,11,16,2.00,8,1,22,22,631,672.00,523.00
16,1,6,11,1,1,16,6,8.00,8,22,15,8,631,612.00,424.00
6,6,6,1,1,6,6,11,8.00,1,22,8,1,631,441.00,317.00
1,16,6,1,6,11,1,1,8.00,15,1,8,22,631,290.00,231.00
16,11,1,6,11,1,16,1,4.00,8,1,1,8,631,482.00,355.00
11,1,6,11,16,1,6,16,2.00,8,15,22,8,631,718.00,469.00
6,16,1,6,1,1,6,6,0.00,8,1,8,15,631,355.00,246.00
11,6,11,11,6,16,16,11,6.00,8,8,8,22,631,850.00,634.00
6,16,1,6,11,6,11,11,2.00,8,8,22,8,631,595.00,435.00
1,6,11,6,6,1,11,6,4.00,22,22,22,1,631,560.00,379.00
1,1,1,1,1,1,1,1,6.00,1,1,8,22,631,96.00,72.00
6,6,6,6,16,16,1,16,2.00,1,22,15,15,631,678.00,491.00
1,1,16,6,16,1,11,11,6.00,22,1,1,8,631,651.00,470.00
16,11,6,16,11,16,6,16,0.00,8,22,22,8,631,871.00,637.00
16,6,1,1,16,16,16,6,2.00,15,8,1,8,631,626.00,518.00
16,6,1,11,11,16,6,1,10.00,1,1,1,1,631,474.00,375.00
1,1,6,16,16,11,6,11,10.00,22,15,1,1,631,687.00,501.00
16,11,6,11,6,11,11,11,4.00,8,22,22,8,631,709.00,529.00
1,1,1,1,1,1,1,1,8.00,1,15,15,15,631,110.00,69.00
11,6,6,1,1,16,1,6,8.00,22,15,15,8,631,386.00,309.00
1,1,1,16,1,1,11,6,8.00,8,8,15,8,631,508.00,355.00
6,1,11,11,1,6,16,1,4.00,15,8,1,22,631,615.00,426.00
6,6,6,1,11,16,11,11,2.00,1,8,1,8,631,612.00,482.00
16,6,11,16,1,1,1,16,4.00,22,22,22,1,631,725.00,455.00
6,11,1,1,6,16,1,11,2.00,1,22,15,8,631,437.00,348.00
11,16,6,1,6,6,16,16,10.00,15,1,8,15,631,748.00,533.00
16,6,11,6,11,16,1,1,0.00,22,15,8,8,631,422.00,349.00
16,1,11,6,11,1,11,11,0.00,8,8,22,8,631,615.00,444.00
11,6,11,11,6,16,16,11,6.00,1,1,1,15,631,822.00,630.00
16,1,6,1,1,16,1,1,8.00,1,1,15,22,631,325.00,253.00
16,11,1,11,1,16,16,1,10.00,8,1,8,22,631,618.00,479.00
1,16,11,16,11,16,6,16,8.00,1,8,15,15,631,922.00,630.00
16,6,11,11,6,1,1,11,6.00,15,8,1,8,631,552.00,354.00
16,11,1,1,16,16,16,6,2.00,22,22,22,1,631,680.00,547.00
16,11,6,11,6,11,11,11,10.00,8,15,1,1,631,678.00,523.00
1,11,16,16,6,16,16,16,0.00,1,1,15,1,631,1015.00,750.00
6,11,1,16,16,16,16,1,2.00,15,8,1,1,631,679.00,534.00
1,11,11,1,6,16,1,11,4.00,22,22,22,1,631,521.00,394.00
1,11,11,1,6,1,6,16,4.00,22,1,1,22,631,576.00,398.00
16,6,1,16,6,1,1,1,6.00,22,22,1,22,631,373.00,234.00
1,16,1,1,16,1,6,16,2.00,22,8,1,22,631,539.00,371.00
1,16,11,16,11,1,1,6,8.00,1,8,15,22,631,569.00,362.00
16,1,11,11,1,16,11,6,2.00,1,8,8,1,631,641.00,500.00
11,6,1,1,1,11,1,6,10.00,15,15,8,1,631,314.00,239.00
11,11,11,6,1,16,6,16,8.00,1,1,1,1,631,721.00,523.00
11,16,11,1,6,6,6,1,6.00,1,8,22,1,631,396.00,317.00
1,11,6,6,11,16,16,11,8.00,1,8,15,8,631,766.00,584.00
1,6,16,6,11,6,6,16,0.00,22,1,1,1,631,695.00,499.00
1,16,6,6,6,16,11,6,4.00,22,22,8,1,631,631.00,478.00
6,11,1,6,11,16,11,11,0.00,15,22,22,15,631,678.00,516.00
11,16,6,16,11,6,1,1,4.00,8,8,8,15,631,428.00,314.00
6,6,11,11,6,6,1,11,6.00,22,22,22,8,631,567.00,383.00
1,1,1,1,1,1,6,16,2.00,1,15,8,15,631,478.00,305.00
16,16,1,16,11,6,1,11,4.00,22,8,15,8,631,624.00,425.00
6,1,16,11,1,16,6,1,2.00,15,15,1,1,631,531.00,409.00
1,16,11,16,6,11,1,16,4.00,1,8,15,22,631,844.00,533.00
16,6,16,11,11,6,16,6,6.00,22,8,1,8,631,778.00,562.00
1,16,16,6,6,16,6,1,4.00,8,8,15,8,631,553.00,434.00
11,11,11,6,1,1,16,16,10.00,22,15,8,15,631,789.00,542.00
11,16,11,16,16,11,6,16,8.00,15,15,8,22,631,901.00,622.00
16,11,16,11,16,1,16,11,4.00,8,8,22,8,631,845.00,621.00
11,6,1,11,1,16,11,6,10.00,15,22,15,22,631,603.00,462.00
11,16,16,11,6,11,11,1,6.00,22,1,15,15,631,677.00,495.00
1,1,1,1,16,11,1,1,6.00,8,15,15,8,631,267.00,209.00
16,16,16,6,11,16,6,6,10.00,1,22,8,15,631,655.00,507.00
1,1,1,1,1,1,1,1,0.00,8,1,22,1,631,96.00,72.00
1,1,11,1,6,16,6,6,6.00,22,8,1,8,631,483.00,374.00
1,16,11,16,6,11,16,11,0.00,22,8,1,8,631,868.00,631.00
1,1,16,6,1,16,16,16,0.00,1,8,8,15,631,871.00,651.00
16,16,6,11,11,16,6,1,8.00,8,1,22,15,631,530.00,426.00
11,16,1,1,6,11,6,6,4.00,22,1,22,8,631,422.00,332.00
1,6,16,16,1,11,6,11,4.00,8,22,8,15,631,734.00,511.00
1,6,16,11,16,6,1,11,10.00,22,15,1,1,631,606.00,423.00
16,11,6,11,1,1,1,1,6.00,22,15,1,8,631,285.00,202.00
1,1,1,16,16,1,6,16,4.00,8,1,1,8,631,741.00,479.00
1,16,1,6,1,16,1,11,2.00,1,15,8,15,631,493.00,367.00
11,6,1,6,16,6,16,11,0.00,22,22,22,22,631,717.00,508.00
1,11,1,6,6,6,6,11,4.00,22,8,15,15,631,486.00,348.00
1,1,1,1,1,1,1,1,6.00,1,1,15,8,631,89.00,65.00
11,16,6,1,6,6,1,1,0.00,1,1,8,1,631,230.00,198.00
11,11,6,1,16,6,1,6,0.00,22,15,8,8,631,357.00,269.00
1,16,1,1,16,16,6,11,0.00,8,22,22,15,631,566.00,441.00
16,11,6,6,16,1,1,6,8.00,1,8,15,22,631,404.00,277.00
16,11,1,6,11,1,11,11,2.00,8,8,8,22,631,555.00,396.00
6,16,1,6,11,6,16,1,4.00,8,1,22,8,631,543.00,405.00
11,11,11,11,1,6,16,16,2.00,1,1,22,22,631,878.00,623.00
16,16,6,1,6,16,1,6,2.00,22,22,1,15,631,432.00,361.00
1,11,1,16,6,1,11,6,2.00,8,15,22,8,631,547.00,394.00
1,1,1,1,1,1,16,16,0.00,1,1,15,22,631,598.00,421.00
16,16,16,6,1,16,11,6,10.00,22,8,1,22,631,727.00,536.00
6,6,16,1,6,16,16,1,10.00,1,15,8,8,631,671.00,537.00
1,1,11,11,16,11,1,6,2.00,1,15,15,8,631,508.00,372.00
11,16,16,1,1,11,16,16,0.00,8,22,22,8,631,879.00,647.00
11,11,1,16,16,1,1,6,10.00,22,8,15,15,631,486.00,326.00
6,1,1,1,11,6,1,11,10.00,15,8,15,15,631,373.00,261.00
16,16,11,6,1,11,16,16,2.00,1,15,15,8,631,858.00,634.00
11,16,16,16,1,1,16,11,0.00,1,22,8,8,631,843.00,599.00
1,16,6,1,1,6,1,16,2.00,22,8,8,22,631,516.00,339.00
11,1,11,16,11,1,11,11,4.00,1,1,22,22,631,773.00,518.00
16,11,1,11,1,16,16,1,8.00,1,8,15,22,631,625.00,484.00
1,16,1,1,16,1,1,6,10.00,1,8,15,15,631,282.00,192.00
11,11,11,6,16,6,16,11,8.00,1,1,22,1,631,773.00,584.00
1,16,16,6,1,1,6,16,6.00,1,8,22,1,631,695.00,470.00
16,6,11,1,1,1,1,16,2.00,1,22,15,8,631,521.00,331.00
16,6,11,16,6,6,16,1,6.00,15,8,15,22,631,709.00,500.00
16,11,11,11,1,1,1,1,10.00,8,15,22,22,631,356.00,246.00
6,11,16,6,16,16,11,1,8.00,1,22,1,15,631,668.00,529.00
16,16,1,6,16,6,6,11,10.00,8,15,22,22,631,562.00,413.00
6,11,16,6,1,1,1,1,10.00,8,8,8,22,631,335.00,235.00
11,16,6,1,11,6,11,11,2.00,8,8,8,22,631,605.00,434.00
6,16,1,6,11,16,6,16,10.00,15,1,8,8,631,686.00,517.00
11,6,1,11,1,6,11,1,6.00,8,8,1,22,631,433.00,316.00
11,1,1,1,6,1,1,1,10.00,22,8,1,15,631,138.00,106.00
6,16,1,11,6,16,16,6,8.00,8,1,15,1,631,693.00,534.00
16,6,16,16,6,16,6,16,4.00,1,1,22,22,631,958.00,652.00
16,11,16,11,11,1,1,6,0.00,1,1,15,15,631,534.00,362.00
16,6,11,16,6,6,11,16,2.00,15,15,8,8,631,862.00,595.00
11,1,11,11,6,1,1,11,6.00,22,22,22,1,631,530.00,346.00
11,11,6,6,16,11,11,1,4.00,8,1,1,8,631,517.00,409.00
11,11,16,16,16,1,11,6,8.00,8,15,8,8,631,713.00,515.00
16,16,11,11,1,11,11,11,10.00,15,22,22,1,631,763.00,554.00
16,16,1,11,6,6,1,16,2.00,1,15,22,15,631,682.00,431.00
16,1,1,6,16,16,1,16,2.00,1,15,8,22,631,650.00,472.00
6,1,16,6,6,6,11,6,0.00,22,1,1,8,631,596.00,431.00
11,11,6,16,1,1,11,6,0.00,1,1,22,1,631,587.00,415.00
6,16,1,11,6,16,16,6,10.00,22,8,1,8,631,703.00,536.00
11,11,1,16,11,1,16,11,0.00,8,22,8,15,631,727.00,525.00
11,16,1,1,6,11,6,11,2.00,1,15,8,15,631,488.00,376.00
16,16,16,6,11,6,6,1,0.00,1,15,8,15,631,513.00,394.00
11,16,1,11,11,16,6,11,8.00,8,22,15,1,631,632.00,510.00
11,16,16,1,1,11,16,16,2.00,1,8,15,15,631,858.00,641.00
1,1,6,1,11,16,6,16,10.00,15,1,8,8,631,611.00,469.00
16,6,11,11,16,16,6,16,0.00,8,22,22,8,631,836.00,620.00
16,11,6,6,16,16,6,6,10.00,22,1,1,15,631,548.00,450.00
1,16,16,6,16,6,16,11,8.00,1,8,1,22,631,826.00,610.00
1,1,1,1,1,1,16,11,4.00,15,15,15,15,631,544.00,359.00
16,16,16,16,16,1,6,11,2.00,15,8,15,1,631,764.00,530.00
1,1,11,6,6,1,6,16,8.00,22,22,1,22,631,610.00,408.00
1,16,1,1,1,11,6,6,6.00,22,15,8,8,631,397.00,302.00
6,6,11,6,11,1,1,6,8.00,1,8,15,22,631,404.00,271.00
11,6,11,6,16,6,11,6,4.00,8,1,22,22,631,617.00,452.00
16,6,11,11,6,1,1,11,8.00,8,1,8,22,631,587.00,362.00
11,1,6,6,11,1,1,6,10.00,15,1,8,22,631,350.00,230.00
16,1,1,11,6,6,6,6,2.00,1,15,22,1,631,457.00,333.00
6,6,6,6,1,11,6,6,2.00,1,22,22,1,631,454.00,341.00
6,1,16,6,16,1,11,11,6.00,22,1,1,8,631,656.00,474.00
1,11,6,6,1,6,11,1,10.00,15,8,15,1,631,448.00,320.00
1,16,6,11,1,1,6,11,0.00,15,8,8,22,631,573.00,372.00
1,1,11,11,1,6,6,11,8.00,15,1,8,22,631,610.00,408.00
6,6,6,1,16,11,1,6,0.00,8,22,22,8,631,379.00,298.00
16,11,11,6,11,6,6,16,0.00,1,8,15,8,631,720.00,492.00
1,6,16,6,11,11,11,16,10.00,15,1,15,8,631,798.00,593.00
1,16,11,16,11,1,6,16,2.00,1,22,22,22,631,847.00,538.00
11,1,11,16,1,6,11,6,6.00,22,8,1,22,631,637.00,450.00
6,11,16,16,16,11,6,16,10.00,1,22,8,15,631,921.00,634.00
11,11,6,11,1,6,16,6,2.00,15,1,15,22,631,672.00,471.00
11,16,11,16,1,6,11,16,0.00,1,15,15,15,631,890.00,595.00
16,6,6,16,11,6,1,11,6.00,22,22,22,8,631,640.00,434.00
6,11,16,6,16,1,6,1,8.00,8,15,22,22,631,496.00,358.00
16,1,11,16,6,16,16,11,4.00,15,1,8,1,631,868.00,665.00
6,1,16,6,16,16,1,11,10.00,15,22,15,15,631,611.00,466.00
6,16,1,6,11,6,11,11,10.00,1,8,15,15,631,588.00,435.00
16,11,1,11,1,16,16,1,2.00,8,8,8,22,631,625.00,483.00
1,6,6,16,11,1,16,11,0.00,1,15,8,15,631,748.00,529.00
11,11,1,1,16,1,16,16,0.00,1,8,1,8,631,662.00,481.00
1,1,11,11,11,11,16,1,6.00,15,15,15,8,631,682.00,494.00
6,16,6,16,16,11,6,6,2.00,22,8,1,15,631,607.00,471.00
11,1,11,1,11,6,1,11,4.00,22,8,15,8,631,438.00,317.00
1,1,11,11,11,6,1,6,10.00,15,8,15,8,631,461.00,319.00
16,1,1,11,6,6,6,6,2.00,15,1,8,1,631,429.00,328.00
11,1,1,16,6,11,6,6,4.00,22,1,22,8,631,538.00,409.00
1,6,16,16,16,11,11,11,2.00,1,8,8,1,631,831.00,610.00
11,11,6,16,1,1,11,6,8.00,15,22,1,8,631,575.00,406.00
16,6,6,1,6,1,11,6,0.00,22,22,1,8,631,467.00,321.00
1,1,1,1,1,1,1,1,6.00,8,1,22,22,631,117.00,85.00
11,16,11,11,6,1,1,11,6.00,22,22,22,1,631,560.00,370.00
6,1,11,1,16,11,6,6,2.00,22,8,1,15,631,490.00,367.00
11,1,11,11,1,6,16,1,2.00,1,8,1,8,631,592.00,435.00
16,1,1,11,16,16,11,11,6.00,1,15,8,15,631,688.00,560.00
1,6,1,11,11,11,11,11,8.00,22,1,15,22,631,650.00,486.00
1,6,1,1,16,16,11,11,10.00,15,15,22,22,631,633.00,483.00
1,1,11,11,16,16,11,11,6.00,1,8,1,22,631,750.00,578.00
1,16,11,16,11,1,6,16,2.00,22,15,8,15,631,812.00,529.00
11,16,11,1,6,6,6,1,8.00,1,1,1,15,631,382.00,308.00
1,16,6,1,1,6,1,11,6.00,22,22,22,1,631,406.00,279.00
16,6,11,11,6,1,1,16,2.00,1,1,22,22,631,728.00,435.00
11,16,11,1,6,6,11,6,8.00,15,8,22,1,631,574.00,427.00
11,11,11,6,16,11,11,6,0.00,1,22,8,22,631,667.00,497.00
1,1,1,1,1,1,1,1,6.00,22,22,22,8,631,138.00,90.00
16,16,1,1,11,16,6,16,10.00,1,1,15,22,631,656.00,497.00
11,6,1,16,1,11,1,1,8.00,8,22,22,15,631,416.00,290.00
6,6,6,1,11,16,6,6,10.00,1,22,8,15,631,475.00,383.00
11,6,1,16,1,16,11,11,10.00,1,8,22,22,631,751.00,555.00
6,1,16,6,11,6,11,6,0.00,1,22,22,8,631,632.00,470.00
1,1,11,11,16,11,1,6,0.00,8,1,22,1,631,515.00,372.00
1,1,1,16,11,11,11,1,6.00,8,8,8,1,631,499.00,394.00
16,11,1,11,11,16,16,6,0.00,1,8,22,1,631,710.00,561.00
11,6,16,11,11,11,1,16,4.00,8,8,1,15,631,781.00,520.00
6,16,1,11,6,16,16,6,10.00,22,8,15,15,631,724.00,542.00
6,1,16,11,11,11,16,6,4.00,1,1,8,22,631,781.00,578.00
1,1,1,1,1,1,1,1,8.00,1,1,22,1,631,89.00,70.00
1,11,6,16,11,11,11,11,4.00,8,1,22,8,631,777.00,557.00
16,16,1,16,1,1,1,16,2.00,1,22,15,8,631,696.00,423.00
16,6,11,1,11,1,11,6,2.00,8,15,22,8,631,532.00,388.00
1,6,1,1,16,16,11,11,8.00,22,22,22,15,631,640.00,485.00
11,1,11,6,6,11,6,6,6.00,22,15,8,8,631,512.00,379.00
1,11,11,16,16,16,16,1,2.00,22,15,1,1,631,788.00,599.00
1,11,6,1,16,6,1,11,10.00,15,8,1,1,631,410.00,301.00
11,1,11,16,11,6,11,11,2.00,15,22,15,15,631,749.00,541.00
1,11,1,6,6,6,6,11,4.00,15,15,8,8,631,472.00,345.00
1,1,1,1,1,16,6,11,6.00,1,22,8,8,631,453.00,361.00
11,11,11,6,16,1,16,16,0.00,1,8,22,22,631,827.00,600.00
1,1,1,1,1,1,1,1,4.00,8,1,1,1,631,75.00,53.00
1,16,16,6,16,6,16,11,8.00,1,15,1,22,631,833.00,612.00
16,11,6,1,11,6,16,16,8.00,1,1,22,1,631,743.00,557.00
6,6,6,1,11,11,11,6,10.00,15,22,22,1,631,553.00,413.00
1,1,16,11,6,6,6,6,0.00,15,8,15,1,631,547.00,398.00
6,11,1,1,6,11,6,6,6.00,22,8,15,1,631,395.00,314.00
6,11,1,1,6,16,1,11,4.00,22,22,1,8,631,444.00,356.00
16,16,1,1,11,1,11,6,2.00,1,8,8,22,631,448.00,325.00
16,1,11,11,1,16,11,6,2.00,8,15,22,8,631,672.00,508.00
6,1,16,6,11,16,16,16,10.00,15,1,8,15,631,913.00,679.00
16,6,16,6,1,11,6,6,2.00,1,22,22,1,631,564.00,428.00
16,16,11,16,6,1,11,6,8.00,8,22,8,22,631,674.00,471.00
1,16,11,16,11,16,6,16,8.00,8,1,15,8,631,915.00,630.00
1,11,16,6,16,6,16,11,8.00,1,1,22,1,631,813.00,612.00
1,1,16,11,16,11,6,1,8.00,1,1,8,22,631,536.00,408.00
1,1,11,6,6,1,6,16,8.00,1,8,15,15,631,652.00,420.00
16,11,1,11,1,16,16,1,10.00,15,8,15,1,631,618.00,485.00
1,11,6,1,16,6,1,11,10.00,22,15,1,22,631,429.00,305.00
11,11,11,16,11,6,1,6,4.00,8,22,8,8,631,560.00,393.00
11,1,11,16,11,6,11,16,2.00,15,8,22,22,631,897.00,604.00
1,1,16,11,1,6,16,6,2.00,15,22,8,8,631,732.00,514.00
11,11,6,11,16,11,6,11,2.00,15,8,1,15,631,654.00,486.00
1,6,1,11,11,11,6,1,6.00,15,22,22,22,631,435.00,327.00
6,1,6,6,6,1,11,11,10.00,15,15,22,1,631,556.00,386.00
6,6,6,1,11,16,1,16,2.00,22,15,15,15,631,574.00,438.00
11,16,16,11,11,1,6,16,10.00,22,22,22,22,631,796.00,537.00
