Index,Symbol,Bar,Bull,Score
0,USDJPY,2025.01.02 00:13,false,26.000000
1,USDJPY,2025.01.02 00:18,false,20.000000
2,USDJPY,2025.01.02 00:28,false,20.000000
3,USDJPY,2025.01.02 00:32,false,20.000000
4,USDJPY,2025.01.02 00:52,false,20.000000
5,USDJPY,2025.01.02 02:14,true,0.000000
6,USDJPY,2025.01.02 03:33,false,19.000000
7,USDJPY,2025.01.02 03:42,true,0.000000
8,USDJPY,2025.01.02 06:28,false,0.000000
9,USDJPY,2025.01.02 06:42,false,0.000000
10,USDJPY,2025.01.02 08:47,true,0.000000
11,USDJPY,2025.01.02 09:14,false,-12.000000
12,USDJPY,2025.01.02 09:22,false,-12.000000
13,USDJPY,2025.01.02 09:25,true,12.000000
14,USDJPY,2025.01.02 09:30,true,12.000000
15,USDJPY,2025.01.02 09:31,false,-12.000000
16,USDJPY,2025.01.02 09:33,false,-12.000000
17,USDJPY,2025.01.02 09:34,true,12.000000
18,USDJPY,2025.01.02 09:36,false,-12.000000
19,USDJPY,2025.01.02 09:40,false,-12.000000
20,USDJPY,2025.01.02 10:11,true,12.000000
21,USDJPY,2025.01.02 10:26,true,0.000000
22,USDJPY,2025.01.02 10:27,true,0.000000
23,USDJPY,2025.01.02 10:40,true,0.000000
24,USDJPY,2025.01.02 10:44,false,0.000000
25,USDJPY,2025.01.02 10:46,true,0.000000
26,USDJPY,2025.01.02 10:52,false,0.000000
27,USDJPY,2025.01.02 10:54,false,0.000000
28,USDJPY,2025.01.02 10:58,false,1.000000
29,USDJPY,2025.01.02 11:01,false,0.000000
30,USDJPY,2025.01.02 11:18,true,0.000000
31,USDJPY,2025.01.02 11:22,true,0.000000
32,USDJPY,2025.01.02 11:25,false,0.000000
33,USDJPY,2025.01.02 11:26,false,0.000000
34,USDJPY,2025.01.02 11:35,true,0.000000
35,USDJPY,2025.01.02 11:36,false,1.000000
36,USDJPY,2025.01.02 11:37,false,1.000000
37,USDJPY,2025.01.02 11:40,true,0.000000
38,USDJPY,2025.01.02 11:42,true,0.000000
39,USDJPY,2025.01.02 11:47,false,-12.000000
40,USDJPY,2025.01.02 11:48,false,-12.000000
41,USDJPY,2025.01.02 11:51,false,-11.000000
42,USDJPY,2025.01.02 11:52,false,-11.000000
43,USDJPY,2025.01.02 11:58,true,12.000000
44,USDJPY,2025.01.02 12:00,true,-12.000000
45,USDJPY,2025.01.02 12:02,true,-12.000000
46,USDJPY,2025.01.02 12:13,false,13.000000
47,USDJPY,2025.01.02 12:14,true,0.000000
48,USDJPY,2025.01.02 12:18,false,1.000000
49,USDJPY,2025.01.02 12:20,false,1.000000
50,USDJPY,2025.01.02 12:22,false,1.000000
51,USDJPY,2025.01.02 12:24,false,1.000000
52,USDJPY,2025.01.02 12:25,false,1.000000
53,USDJPY,2025.01.02 13:20,true,0.000000
54,USDJPY,2025.01.02 13:23,true,0.000000
55,USDJPY,2025.01.02 13:47,false,13.000000
56,USDJPY,2025.01.02 13:56,true,-12.000000
57,USDJPY,2025.01.02 14:02,false,12.000000
58,USDJPY,2025.01.02 14:04,true,-12.000000
59,USDJPY,2025.01.02 14:08,true,-12.000000
60,USDJPY,2025.01.02 14:12,true,-12.000000
61,USDJPY,2025.01.02 14:13,true,-12.000000
62,USDJPY,2025.01.02 14:16,true,-12.000000
63,USDJPY,2025.01.02 14:19,true,-12.000000
64,USDJPY,2025.01.02 14:21,true,-12.000000
65,USDJPY,2025.01.02 14:32,false,12.000000
66,USDJPY,2025.01.02 15:15,true,1.000000
67,USDJPY,2025.01.02 16:09,false,0.000000
68,USDJPY,2025.01.02 16:20,false,0.000000
69,USDJPY,2025.01.02 16:27,true,1.000000
70,USDJPY,2025.01.02 16:29,true,0.000000
71,USDJPY,2025.01.02 16:44,false,0.000000
72,USDJPY,2025.01.02 16:50,false,1.000000
73,USDJPY,2025.01.02 17:01,false,12.000000
74,USDJPY,2025.01.02 17:11,true,-12.000000
75,USDJPY,2025.01.02 17:15,false,12.000000
76,USDJPY,2025.01.02 17:38,false,12.000000
77,USDJPY,2025.01.02 17:43,true,-12.000000
78,USDJPY,2025.01.02 17:55,false,12.000000
79,USDJPY,2025.01.02 18:50,false,20.000000
80,USDJPY,2025.01.02 18:54,false,20.000000
81,USDJPY,2025.01.02 18:57,false,20.000000
82,USDJPY,2025.01.02 19:48,true,-12.000000
83,USDJPY,2025.01.02 19:53,true,-11.000000
84,USDJPY,2025.01.02 20:02,true,-11.000000
85,USDJPY,2025.01.02 20:04,false,12.000000
86,USDJPY,2025.01.02 20:06,true,-11.000000
87,USDJPY,2025.01.02 20:07,true,-11.000000
88,USDJPY,2025.01.02 20:09,true,-11.000000
89,USDJPY,2025.01.02 20:35,true,-12.000000
90,USDJPY,2025.01.02 20:42,false,12.000000
91,USDJPY,2025.01.02 22:00,true,-12.000000
92,USDJPY,2025.01.02 22:32,false,12.000000
93,USDJPY,2025.01.02 22:38,false,12.000000
94,USDJPY,2025.01.02 22:43,false,12.000000
95,USDJPY,2025.01.02 22:48,false,12.000000
96,USDJPY,2025.01.02 22:54,false,12.000000
97,USDJPY,2025.01.02 23:00,false,12.000000
98,USDJPY,2025.01.02 23:16,true,-12.000000
99,USDJPY,2025.01.02 23:25,false,12.000000
100,USDJPY,2025.01.02 23:30,true,-12.000000
101,USDJPY,2025.01.03 01:18,false,12.000000
102,USDJPY,2025.01.03 02:00,true,8.000000
103,USDJPY,2025.01.03 02:47,false,12.000000
104,USDJPY,2025.01.03 03:29,false,0.000000
105,USDJPY,2025.01.03 03:32,false,0.000000
106,USDJPY,2025.01.03 04:31,false,0.000000
107,USDJPY,2025.01.03 04:36,true,20.000000
108,USDJPY,2025.01.03 04:52,true,1.000000
109,USDJPY,2025.01.03 04:55,true,20.000000
110,USDJPY,2025.01.03 04:59,true,20.000000
111,USDJPY,2025.01.03 05:00,false,0.000000
112,USDJPY,2025.01.03 05:02,false,0.000000
113,USDJPY,2025.01.03 05:05,false,0.000000
114,USDJPY,2025.01.03 05:06,true,1.000000
115,USDJPY,2025.01.03 05:08,false,0.000000
116,USDJPY,2025.01.03 05:10,true,1.000000
117,USDJPY,2025.01.03 05:12,false,0.000000
118,USDJPY,2025.01.03 05:14,false,0.000000
119,USDJPY,2025.01.03 05:25,false,0.000000
120,USDJPY,2025.01.03 06:15,false,12.000000
121,USDJPY,2025.01.03 06:25,true,7.000000
122,USDJPY,2025.01.03 06:29,false,12.000000
123,USDJPY,2025.01.03 06:33,false,12.000000
124,USDJPY,2025.01.03 06:34,false,12.000000
125,USDJPY,2025.01.03 06:42,false,12.000000
126,USDJPY,2025.01.03 06:44,false,12.000000
127,USDJPY,2025.01.03 06:45,false,12.000000
128,USDJPY,2025.01.03 06:52,false,12.000000
129,USDJPY,2025.01.03 07:08,true,8.000000
130,USDJPY,2025.01.03 07:10,true,8.000000
131,USDJPY,2025.01.03 07:12,true,7.000000
132,USDJPY,2025.01.03 07:17,true,19.000000
133,USDJPY,2025.01.03 07:18,false,0.000000
134,USDJPY,2025.01.03 07:20,false,0.000000
135,USDJPY,2025.01.03 07:34,true,0.000000
136,USDJPY,2025.01.03 07:38,true,0.000000
137,USDJPY,2025.01.03 07:43,true,0.000000
138,USDJPY,2025.01.03 08:00,false,0.000000
139,USDJPY,2025.01.03 08:02,false,0.000000
140,USDJPY,2025.01.03 08:13,true,0.000000
141,USDJPY,2025.01.03 08:15,true,-12.000000
142,USDJPY,2025.01.03 08:16,false,12.000000
143,USDJPY,2025.01.03 08:35,true,-12.000000
144,USDJPY,2025.01.03 09:44,false,12.000000
145,USDJPY,2025.01.03 09:46,false,12.000000
146,USDJPY,2025.01.03 10:01,true,-12.000000
147,USDJPY,2025.01.03 10:06,false,12.000000
148,USDJPY,2025.01.03 10:17,false,12.000000
149,USDJPY,2025.01.03 10:48,false,13.000000
150,USDJPY,2025.01.03 10:51,false,12.000000
151,USDJPY,2025.01.03 10:58,false,12.000000
152,USDJPY,2025.01.03 11:12,false,12.000000
153,USDJPY,2025.01.03 11:19,false,12.000000
154,USDJPY,2025.01.03 11:43,true,-12.000000
155,USDJPY,2025.01.03 11:59,false,13.000000
156,USDJPY,2025.01.03 12:10,true,-12.000000
157,USDJPY,2025.01.03 12:14,false,13.000000
158,USDJPY,2025.01.03 12:38,false,13.000000
159,USDJPY,2025.01.03 13:15,false,1.000000
160,USDJPY,2025.01.03 13:34,true,-12.000000
161,USDJPY,2025.01.03 13:59,true,-12.000000
162,USDJPY,2025.01.03 14:01,true,-12.000000
163,USDJPY,2025.01.03 14:03,true,-12.000000
164,USDJPY,2025.01.03 14:05,false,12.000000
165,USDJPY,2025.01.03 14:07,true,-12.000000
166,USDJPY,2025.01.03 14:35,true,-11.000000
167,USDJPY,2025.01.03 15:09,true,2.000000
168,USDJPY,2025.01.03 15:12,true,1.000000
169,USDJPY,2025.01.03 15:13,true,1.000000
170,USDJPY,2025.01.03 16:19,false,0.000000
171,USDJPY,2025.01.03 16:44,false,12.000000
172,USDJPY,2025.01.03 16:47,false,12.000000
173,USDJPY,2025.01.03 17:04,false,13.000000
174,USDJPY,2025.01.03 17:43,true,0.000000
175,USDJPY,2025.01.03 18:05,false,12.000000
176,USDJPY,2025.01.03 18:17,false,1.000000
177,USDJPY,2025.01.03 18:22,true,0.000000
178,USDJPY,2025.01.03 18:25,true,0.000000
179,USDJPY,2025.01.03 18:28,false,1.000000
180,USDJPY,2025.01.03 21:58,false,0.000000
181,USDJPY,2025.01.03 22:56,true,0.000000
182,USDJPY,2025.01.03 23:34,true,0.000000
183,USDJPY,2025.01.03 23:42,false,0.000000
184,USDJPY,2025.01.03 23:43,false,0.000000
185,USDJPY,2025.01.06 00:15,true,2.000000
186,USDJPY,2025.01.06 01:06,false,-1.000000
187,USDJPY,2025.01.06 01:09,false,-1.000000
188,USDJPY,2025.01.06 01:33,true,-10.000000
189,USDJPY,2025.01.06 02:01,false,0.000000
190,USDJPY,2025.01.06 02:29,false,18.000000
191,USDJPY,2025.01.06 03:14,true,1.000000
192,USDJPY,2025.01.06 03:51,false,18.000000
193,USDJPY,2025.01.06 03:52,false,18.000000
194,USDJPY,2025.01.06 04:50,true,1.000000
195,USDJPY,2025.01.06 04:52,true,1.000000
196,USDJPY,2025.01.06 04:58,false,18.000000
197,USDJPY,2025.01.06 05:01,false,18.000000
198,USDJPY,2025.01.06 05:16,true,1.000000
199,USDJPY,2025.01.06 06:01,true,-11.000000
200,USDJPY,2025.01.06 06:08,false,30.000000
201,USDJPY,2025.01.06 06:10,false,30.000000
202,USDJPY,2025.01.06 06:15,false,30.000000
203,USDJPY,2025.01.06 06:31,false,30.000000
204,USDJPY,2025.01.06 06:38,false,30.000000
205,USDJPY,2025.01.06 06:43,false,30.000000
206,USDJPY,2025.01.06 07:03,false,30.000000
207,USDJPY,2025.01.06 07:12,true,-11.000000
208,USDJPY,2025.01.06 07:22,false,19.000000
209,USDJPY,2025.01.06 07:52,true,-11.000000
210,USDJPY,2025.01.06 08:04,false,30.000000
211,USDJPY,2025.01.06 08:08,false,30.000000
212,USDJPY,2025.01.06 08:10,true,-11.000000
213,USDJPY,2025.01.06 08:25,true,-11.000000
214,USDJPY,2025.01.06 08:29,false,18.000000
215,USDJPY,2025.01.06 09:28,false,30.000000
216,USDJPY,2025.01.06 10:14,false,18.000000
217,USDJPY,2025.01.06 10:22,false,18.000000
218,USDJPY,2025.01.06 10:34,true,1.000000
219,USDJPY,2025.01.06 10:56,true,1.000000
220,USDJPY,2025.01.06 11:03,true,2.000000
221,USDJPY,2025.01.06 11:37,true,1.000000
222,USDJPY,2025.01.06 11:47,true,1.000000
223,USDJPY,2025.01.06 12:10,true,13.000000
224,USDJPY,2025.01.06 12:11,false,6.000000
225,USDJPY,2025.01.06 12:18,true,13.000000
226,USDJPY,2025.01.06 12:49,false,21.000000
227,USDJPY,2025.01.06 13:10,false,8.000000
228,USDJPY,2025.01.06 13:44,true,13.000000
229,USDJPY,2025.01.06 13:49,false,-12.000000
230,USDJPY,2025.01.06 14:21,true,14.000000
231,USDJPY,2025.01.06 14:53,true,22.000000
232,USDJPY,2025.01.06 15:02,true,13.000000
233,USDJPY,2025.01.06 15:40,true,1.000000
234,USDJPY,2025.01.06 15:41,true,1.000000
235,USDJPY,2025.01.06 15:53,true,13.000000
236,USDJPY,2025.01.06 15:56,true,13.000000
237,USDJPY,2025.01.06 15:58,true,13.000000
238,USDJPY,2025.01.06 16:04,true,1.000000
239,USDJPY,2025.01.06 16:56,true,-11.000000
240,USDJPY,2025.01.06 18:49,true,1.000000
241,USDJPY,2025.01.06 19:30,true,1.000000
242,USDJPY,2025.01.06 20:02,true,1.000000
243,USDJPY,2025.01.06 20:40,true,-10.000000
244,USDJPY,2025.01.06 20:47,true,1.000000
245,USDJPY,2025.01.06 20:51,true,1.000000
246,USDJPY,2025.01.06 21:03,false,-1.000000
247,USDJPY,2025.01.06 21:05,false,-1.000000
248,USDJPY,2025.01.06 21:17,false,-1.000000
249,USDJPY,2025.01.06 21:59,false,-1.000000
250,USDJPY,2025.01.06 22:07,false,-1.000000
251,USDJPY,2025.01.06 22:09,false,-1.000000
252,USDJPY,2025.01.06 22:11,false,-1.000000
253,USDJPY,2025.01.06 22:56,false,-1.000000
254,USDJPY,2025.01.06 22:58,false,-1.000000
255,USDJPY,2025.01.06 23:14,false,-1.000000
256,USDJPY,2025.01.07 00:53,false,-1.000000
257,USDJPY,2025.01.07 01:00,true,1.000000
258,USDJPY,2025.01.07 01:39,false,1.000000
259,USDJPY,2025.01.07 01:46,true,1.000000
260,USDJPY,2025.01.07 01:48,false,1.000000
261,USDJPY,2025.01.07 01:49,false,1.000000
262,USDJPY,2025.01.07 02:00,true,1.000000
263,USDJPY,2025.01.07 02:26,false,20.000000
264,USDJPY,2025.01.07 02:49,false,20.000000
265,USDJPY,2025.01.07 02:54,false,-1.000000
266,USDJPY,2025.01.07 03:19,false,-1.000000
267,USDJPY,2025.01.07 03:22,true,1.000000
268,USDJPY,2025.01.07 03:26,true,1.000000
269,USDJPY,2025.01.07 03:46,false,-1.000000
270,USDJPY,2025.01.07 03:49,false,-1.000000
271,USDJPY,2025.01.07 03:51,false,-1.000000
272,USDJPY,2025.01.07 03:53,false,-1.000000
273,USDJPY,2025.01.07 04:00,false,-13.000000
274,USDJPY,2025.01.07 07:10,true,13.000000
275,USDJPY,2025.01.07 08:25,true,1.000000
276,USDJPY,2025.01.07 09:34,true,1.000000
277,USDJPY,2025.01.07 09:38,true,1.000000
278,USDJPY,2025.01.07 09:41,true,1.000000
279,USDJPY,2025.01.07 09:43,true,1.000000
280,USDJPY,2025.01.07 09:46,true,1.000000
281,USDJPY,2025.01.07 09:55,false,-1.000000
282,USDJPY,2025.01.07 10:28,true,2.000000
283,USDJPY,2025.01.07 10:46,true,13.000000
284,USDJPY,2025.01.07 12:00,false,-12.000000
285,USDJPY,2025.01.07 12:06,false,-12.000000
286,USDJPY,2025.01.07 12:08,false,-12.000000
287,USDJPY,2025.01.07 12:40,false,-13.000000
288,USDJPY,2025.01.07 13:04,false,-13.000000
289,USDJPY,2025.01.07 13:06,false,-13.000000
290,USDJPY,2025.01.07 13:31,false,-1.000000
291,USDJPY,2025.01.07 13:33,false,-1.000000
292,USDJPY,2025.01.07 13:36,false,-1.000000
293,USDJPY,2025.01.07 13:37,false,-1.000000
294,USDJPY,2025.01.07 13:47,true,1.000000
295,USDJPY,2025.01.07 13:58,false,-1.000000
296,USDJPY,2025.01.07 14:19,false,-13.000000
297,USDJPY,2025.01.07 14:23,false,-13.000000
298,USDJPY,2025.01.07 14:43,false,-13.000000
299,USDJPY,2025.01.07 15:44,false,-13.000000
300,USDJPY,2025.01.07 15:45,false,-13.000000
301,USDJPY,2025.01.07 15:54,false,-13.000000
302,USDJPY,2025.01.07 15:56,false,-13.000000
303,USDJPY,2025.01.07 15:59,false,-13.000000
304,USDJPY,2025.01.07 16:01,false,-13.000000
305,USDJPY,2025.01.07 16:51,false,-12.000000
306,USDJPY,2025.01.07 18:27,false,-13.000000
307,USDJPY,2025.01.07 18:29,false,-13.000000
308,USDJPY,2025.01.07 18:55,false,-1.000000
309,USDJPY,2025.01.07 18:58,false,-1.000000
310,USDJPY,2025.01.07 19:04,true,2.000000
311,USDJPY,2025.01.07 19:10,true,2.000000
312,USDJPY,2025.01.07 19:14,true,13.000000
313,USDJPY,2025.01.07 19:54,false,-13.000000
314,USDJPY,2025.01.07 19:57,false,-13.000000
315,USDJPY,2025.01.07 19:58,false,-13.000000
316,USDJPY,2025.01.07 20:01,false,-1.000000
317,USDJPY,2025.01.07 20:02,false,-1.000000
318,USDJPY,2025.01.07 20:07,true,1.000000
319,USDJPY,2025.01.07 20:08,true,1.000000
320,USDJPY,2025.01.07 20:15,false,-1.000000
321,USDJPY,2025.01.07 20:22,true,2.000000
322,USDJPY,2025.01.07 20:24,true,1.000000
323,USDJPY,2025.01.07 20:26,true,1.000000
324,USDJPY,2025.01.07 20:29,true,1.000000
325,USDJPY,2025.01.07 20:30,true,1.000000
326,USDJPY,2025.01.07 21:47,true,-10.000000
327,USDJPY,2025.01.07 22:08,true,-11.000000
328,USDJPY,2025.01.07 22:13,true,-10.000000
329,USDJPY,2025.01.07 22:16,true,-10.000000
330,USDJPY,2025.01.07 22:25,true,-11.000000
331,USDJPY,2025.01.07 22:30,true,-10.000000
332,USDJPY,2025.01.07 22:32,true,-10.000000
333,USDJPY,2025.01.07 22:33,true,-10.000000
334,USDJPY,2025.01.08 00:24,false,11.000000
335,USDJPY,2025.01.08 00:28,false,11.000000
336,USDJPY,2025.01.08 00:30,false,11.000000
337,USDJPY,2025.01.08 01:33,true,2.000000
338,USDJPY,2025.01.08 01:36,false,-1.000000
339,USDJPY,2025.01.08 01:43,false,-1.000000
340,USDJPY,2025.01.08 01:55,false,-1.000000
341,USDJPY,2025.01.08 02:01,false,-1.000000
342,USDJPY,2025.01.08 02:04,false,-1.000000
343,USDJPY,2025.01.08 02:07,true,2.000000
344,USDJPY,2025.01.08 02:21,false,-1.000000
345,USDJPY,2025.01.08 03:02,true,1.000000
346,USDJPY,2025.01.08 03:31,false,-1.000000
347,USDJPY,2025.01.08 03:35,false,-1.000000
348,USDJPY,2025.01.08 03:36,true,1.000000
349,USDJPY,2025.01.08 03:37,true,1.000000
350,USDJPY,2025.01.08 04:02,true,1.000000
351,USDJPY,2025.01.08 04:04,true,1.000000
352,USDJPY,2025.01.08 04:08,true,1.000000
353,USDJPY,2025.01.08 04:10,true,1.000000
354,USDJPY,2025.01.08 04:17,true,1.000000
355,USDJPY,2025.01.08 04:25,false,-1.000000
356,USDJPY,2025.01.08 04:34,false,-1.000000
357,USDJPY,2025.01.08 04:36,false,-1.000000
358,USDJPY,2025.01.08 06:57,false,12.000000
359,USDJPY,2025.01.08 06:58,false,12.000000
360,USDJPY,2025.01.08 07:02,true,-11.000000
361,USDJPY,2025.01.08 07:09,false,11.000000
362,USDJPY,2025.01.08 07:25,true,-11.000000
363,USDJPY,2025.01.08 08:00,false,11.000000
364,USDJPY,2025.01.08 08:01,true,-11.000000
365,USDJPY,2025.01.08 08:05,true,-11.000000
366,USDJPY,2025.01.08 08:10,true,-11.000000
367,USDJPY,2025.01.08 08:43,true,-11.000000
368,USDJPY,2025.01.08 09:03,true,2.000000
369,USDJPY,2025.01.08 09:13,true,3.000000
370,USDJPY,2025.01.08 09:18,true,-10.000000
371,USDJPY,2025.01.08 09:21,true,-11.000000
372,USDJPY,2025.01.08 09:26,true,-11.000000
373,USDJPY,2025.01.08 09:27,true,-10.000000
374,USDJPY,2025.01.08 09:30,true,-9.000000
375,USDJPY,2025.01.08 09:31,true,-9.000000
376,USDJPY,2025.01.08 09:35,true,-11.000000
377,USDJPY,2025.01.08 09:38,false,11.000000
378,USDJPY,2025.01.08 09:46,true,1.000000
379,USDJPY,2025.01.08 10:22,false,11.000000
380,USDJPY,2025.01.08 10:42,false,11.000000
381,USDJPY,2025.01.08 10:45,false,-1.000000
382,USDJPY,2025.01.08 10:58,true,1.000000
383,USDJPY,2025.01.08 11:00,false,-1.000000
384,USDJPY,2025.01.08 11:25,true,-11.000000
385,USDJPY,2025.01.08 12:17,false,-1.000000
386,USDJPY,2025.01.08 12:46,false,-1.000000
387,USDJPY,2025.01.08 12:59,true,1.000000
388,USDJPY,2025.01.08 13:17,false,-1.000000
389,USDJPY,2025.01.08 13:18,false,-1.000000
390,USDJPY,2025.01.08 14:01,true,-11.000000
391,USDJPY,2025.01.08 14:30,true,1.000000
392,USDJPY,2025.01.08 14:43,true,1.000000
393,USDJPY,2025.01.08 14:53,true,1.000000
394,USDJPY,2025.01.08 14:56,true,1.000000
395,USDJPY,2025.01.08 14:58,true,1.000000
396,USDJPY,2025.01.08 15:26,true,-11.000000
397,USDJPY,2025.01.08 15:28,true,-11.000000
398,USDJPY,2025.01.08 15:41,false,11.000000
399,USDJPY,2025.01.08 15:43,false,11.000000
400,USDJPY,2025.01.08 16:05,true,2.000000
401,USDJPY,2025.01.08 16:15,true,1.000000
402,USDJPY,2025.01.08 16:44,false,11.000000
403,USDJPY,2025.01.08 16:58,false,11.000000
404,USDJPY,2025.01.08 17:03,false,11.000000
405,USDJPY,2025.01.08 17:05,false,11.000000
406,USDJPY,2025.01.08 17:22,false,11.000000
407,USDJPY,2025.01.08 17:29,false,11.000000
408,USDJPY,2025.01.08 17:44,false,11.000000
409,USDJPY,2025.01.08 17:45,false,11.000000
410,USDJPY,2025.01.08 17:47,false,11.000000
411,USDJPY,2025.01.08 17:49,false,11.000000
412,USDJPY,2025.01.08 17:53,false,11.000000
413,USDJPY,2025.01.08 17:57,false,11.000000
414,USDJPY,2025.01.08 17:59,false,11.000000
415,USDJPY,2025.01.08 18:03,false,11.000000
416,USDJPY,2025.01.08 18:05,false,11.000000
417,USDJPY,2025.01.08 18:08,false,11.000000
418,USDJPY,2025.01.08 18:11,false,11.000000
419,USDJPY,2025.01.08 18:13,false,11.000000
420,USDJPY,2025.01.08 18:15,false,12.000000
421,USDJPY,2025.01.08 18:19,false,12.000000
422,USDJPY,2025.01.08 18:26,true,-11.000000
423,USDJPY,2025.01.08 18:28,true,-11.000000
424,USDJPY,2025.01.08 18:34,true,-11.000000
425,USDJPY,2025.01.08 18:49,true,-11.000000
426,USDJPY,2025.01.08 19:03,true,-11.000000
427,USDJPY,2025.01.08 19:05,true,-11.000000
428,USDJPY,2025.01.08 20:17,false,11.000000
429,USDJPY,2025.01.08 20:22,false,11.000000
430,USDJPY,2025.01.08 20:33,true,-11.000000
431,USDJPY,2025.01.08 20:39,true,-11.000000
432,USDJPY,2025.01.08 21:27,false,11.000000
433,USDJPY,2025.01.08 21:58,false,11.000000
434,USDJPY,2025.01.08 22:00,false,11.000000
435,USDJPY,2025.01.08 22:14,false,11.000000
436,USDJPY,2025.01.08 22:17,false,11.000000
437,USDJPY,2025.01.08 22:32,true,-11.000000
438,USDJPY,2025.01.08 22:34,false,11.000000
439,USDJPY,2025.01.08 22:35,true,-11.000000
440,USDJPY,2025.01.08 23:02,false,-1.000000
441,USDJPY,2025.01.08 23:04,false,-1.000000
442,USDJPY,2025.01.08 23:44,false,11.000000
443,USDJPY,2025.01.08 23:46,false,11.000000
444,USDJPY,2025.01.08 23:48,false,11.000000
445,USDJPY,2025.01.08 23:54,true,-11.000000
446,USDJPY,2025.01.09 00:27,true,-11.000000
447,USDJPY,2025.01.09 00:55,true,1.000000
448,USDJPY,2025.01.09 01:23,false,11.000000
449,USDJPY,2025.01.09 01:30,false,12.000000
450,USDJPY,2025.01.09 01:34,false,11.000000
451,USDJPY,2025.01.09 01:36,true,-11.000000
452,USDJPY,2025.01.09 02:58,false,0.000000
453,USDJPY,2025.01.09 03:42,true,1.000000
454,USDJPY,2025.01.09 03:44,true,-11.000000
455,USDJPY,2025.01.09 03:58,true,-11.000000
456,USDJPY,2025.01.09 03:59,false,11.000000
457,USDJPY,2025.01.09 04:05,false,11.000000
458,USDJPY,2025.01.09 04:06,true,-11.000000
459,USDJPY,2025.01.09 04:11,true,-11.000000
460,USDJPY,2025.01.09 04:15,true,-11.000000
461,USDJPY,2025.01.09 04:30,true,-11.000000
462,USDJPY,2025.01.09 04:33,false,11.000000
463,USDJPY,2025.01.09 04:38,true,-11.000000
464,USDJPY,2025.01.09 04:39,false,11.000000
465,USDJPY,2025.01.09 04:42,false,11.000000
466,USDJPY,2025.01.09 05:01,false,11.000000
467,USDJPY,2025.01.09 05:23,true,-11.000000
468,USDJPY,2025.01.09 05:27,true,-11.000000
469,USDJPY,2025.01.09 05:29,true,-11.000000
470,USDJPY,2025.01.09 05:34,true,-11.000000
471,USDJPY,2025.01.09 05:36,true,-11.000000
472,USDJPY,2025.01.09 05:38,true,-11.000000
473,USDJPY,2025.01.09 05:39,true,-11.000000
474,USDJPY,2025.01.09 05:41,true,-11.000000
475,USDJPY,2025.01.09 05:44,true,-11.000000
476,USDJPY,2025.01.09 05:46,true,-11.000000
477,USDJPY,2025.01.09 07:33,false,-1.000000
478,USDJPY,2025.01.09 08:26,false,-1.000000
479,USDJPY,2025.01.09 09:07,false,0.000000
480,USDJPY,2025.01.09 09:09,false,-1.000000
481,USDJPY,2025.01.09 09:12,false,-1.000000
482,USDJPY,2025.01.09 09:15,true,-11.000000
483,USDJPY,2025.01.09 09:18,false,11.000000
484,USDJPY,2025.01.09 09:20,false,11.000000
485,USDJPY,2025.01.09 09:21,true,-11.000000
486,USDJPY,2025.01.09 09:25,false,11.000000
487,USDJPY,2025.01.09 09:28,false,11.000000
488,USDJPY,2025.01.09 09:39,true,-11.000000
489,USDJPY,2025.01.09 09:47,true,-11.000000
490,USDJPY,2025.01.09 10:25,true,-11.000000
491,USDJPY,2025.01.09 10:41,false,11.000000
492,USDJPY,2025.01.09 10:43,false,11.000000
493,USDJPY,2025.01.09 11:03,false,11.000000
494,USDJPY,2025.01.09 11:12,true,-10.000000
495,USDJPY,2025.01.09 11:43,true,1.000000
496,USDJPY,2025.01.09 11:46,true,1.000000
497,USDJPY,2025.01.09 11:48,true,1.000000
498,USDJPY,2025.01.09 11:51,false,-1.000000
499,USDJPY,2025.01.09 11:58,true,1.000000
500,USDJPY,2025.01.09 12:03,false,-1.000000
501,USDJPY,2025.01.09 12:12,true,1.000000
502,USDJPY,2025.01.09 12:31,false,11.000000
503,USDJPY,2025.01.09 12:40,false,11.000000
504,USDJPY,2025.01.09 12:50,false,-1.000000
505,USDJPY,2025.01.09 12:52,false,-1.000000
506,USDJPY,2025.01.09 12:56,false,-1.000000
507,USDJPY,2025.01.09 13:00,true,1.000000
508,USDJPY,2025.01.09 13:02,false,-1.000000
509,USDJPY,2025.01.09 13:03,true,1.000000
510,USDJPY,2025.01.09 13:04,true,1.000000
511,USDJPY,2025.01.09 13:07,true,1.000000
512,USDJPY,2025.01.09 13:10,false,-1.000000
513,USDJPY,2025.01.09 13:50,true,-11.000000
514,USDJPY,2025.01.09 13:52,true,-11.000000
515,USDJPY,2025.01.09 13:55,true,-11.000000
516,USDJPY,2025.01.09 14:00,true,-11.000000
517,USDJPY,2025.01.09 14:07,false,11.000000
518,USDJPY,2025.01.09 14:33,false,11.000000
519,USDJPY,2025.01.09 14:36,false,11.000000
520,USDJPY,2025.01.09 14:39,false,11.000000
521,USDJPY,2025.01.09 14:46,true,10.000000
522,USDJPY,2025.01.09 14:48,true,10.000000
523,USDJPY,2025.01.09 14:51,false,11.000000
524,USDJPY,2025.01.09 14:52,true,10.000000
525,USDJPY,2025.01.09 14:54,true,10.000000
526,USDJPY,2025.01.09 15:09,true,10.000000
527,USDJPY,2025.01.09 15:15,true,10.000000
528,USDJPY,2025.01.09 15:21,false,11.000000
529,USDJPY,2025.01.09 15:26,false,12.000000
530,USDJPY,2025.01.09 16:05,false,-1.000000
531,USDJPY,2025.01.09 16:19,true,10.000000
532,USDJPY,2025.01.09 16:25,true,10.000000
533,USDJPY,2025.01.09 16:41,false,12.000000
534,USDJPY,2025.01.09 16:46,true,-11.000000
535,USDJPY,2025.01.09 17:40,true,1.000000
536,USDJPY,2025.01.09 17:55,false,0.000000
537,USDJPY,2025.01.09 18:00,false,0.000000
538,USDJPY,2025.01.09 18:30,false,0.000000
539,USDJPY,2025.01.09 18:37,false,0.000000
540,USDJPY,2025.01.09 18:42,false,0.000000
541,USDJPY,2025.01.09 18:55,false,11.000000
542,USDJPY,2025.01.09 19:00,false,11.000000
543,USDJPY,2025.01.09 20:18,false,-12.000000
544,USDJPY,2025.01.09 20:29,true,13.000000
545,USDJPY,2025.01.09 21:20,true,13.000000
546,USDJPY,2025.01.09 21:51,false,-13.000000
547,USDJPY,2025.01.09 21:59,true,13.000000
548,USDJPY,2025.01.09 22:01,false,-13.000000
549,USDJPY,2025.01.09 22:20,true,13.000000
550,USDJPY,2025.01.09 22:23,true,13.000000
551,USDJPY,2025.01.09 22:26,true,13.000000
552,USDJPY,2025.01.09 22:30,true,13.000000
553,USDJPY,2025.01.09 22:48,true,13.000000
554,USDJPY,2025.01.09 23:43,true,13.000000
555,USDJPY,2025.01.09 23:57,true,13.000000
556,USDJPY,2025.01.10 00:09,true,2.000000
557,USDJPY,2025.01.10 00:41,false,-1.000000
558,USDJPY,2025.01.10 00:54,false,-13.000000
559,USDJPY,2025.01.10 00:59,false,-13.000000
560,USDJPY,2025.01.10 01:27,true,14.000000
561,USDJPY,2025.01.10 02:05,true,1.000000
562,USDJPY,2025.01.10 03:26,true,13.000000
563,USDJPY,2025.01.10 03:28,true,13.000000
564,USDJPY,2025.01.10 03:31,false,-13.000000
565,USDJPY,2025.01.10 03:38,true,13.000000
566,USDJPY,2025.01.10 03:40,true,13.000000
567,USDJPY,2025.01.10 03:44,true,13.000000
568,USDJPY,2025.01.10 03:51,true,13.000000
569,USDJPY,2025.01.10 03:59,true,1.000000
570,USDJPY,2025.01.10 04:02,true,1.000000
571,USDJPY,2025.01.10 04:03,true,1.000000
572,USDJPY,2025.01.10 04:17,true,1.000000
573,USDJPY,2025.01.10 04:59,false,-1.000000
574,USDJPY,2025.01.10 05:15,false,-1.000000
575,USDJPY,2025.01.10 06:26,true,1.000000
576,USDJPY,2025.01.10 07:02,false,32.000000
577,USDJPY,2025.01.10 07:19,true,-11.000000
578,USDJPY,2025.01.10 07:24,true,-11.000000
579,USDJPY,2025.01.10 07:26,false,32.000000
580,USDJPY,2025.01.10 07:31,false,20.000000
581,USDJPY,2025.01.10 07:32,false,20.000000
582,USDJPY,2025.01.10 07:36,false,20.000000
583,USDJPY,2025.01.10 08:37,true,14.000000
584,USDJPY,2025.01.10 08:39,false,8.000000
585,USDJPY,2025.01.10 08:45,true,14.000000
586,USDJPY,2025.01.10 08:52,false,8.000000
587,USDJPY,2025.01.10 09:27,false,20.000000
588,USDJPY,2025.01.10 11:04,true,1.000000
589,USDJPY,2025.01.10 11:23,true,1.000000
590,USDJPY,2025.01.10 11:27,true,1.000000
591,USDJPY,2025.01.10 11:30,true,1.000000
592,USDJPY,2025.01.10 11:38,false,-1.000000
593,USDJPY,2025.01.10 11:47,true,13.000000
594,USDJPY,2025.01.10 14:15,true,-10.000000
595,USDJPY,2025.01.10 14:41,false,11.000000
596,USDJPY,2025.01.10 14:45,false,11.000000
597,USDJPY,2025.01.10 14:46,true,-11.000000
598,USDJPY,2025.01.10 14:48,false,11.000000
599,USDJPY,2025.01.10 15:12,false,11.000000
600,USDJPY,2025.01.10 15:15,false,-1.000000
601,USDJPY,2025.01.10 15:18,true,1.000000
602,USDJPY,2025.01.10 15:20,true,1.000000
603,USDJPY,2025.01.10 15:24,true,1.000000
604,USDJPY,2025.01.10 15:29,false,-1.000000
605,USDJPY,2025.01.10 16:06,true,13.000000
606,USDJPY,2025.01.10 16:46,true,2.000000
607,USDJPY,2025.01.10 17:34,true,22.000000
608,USDJPY,2025.01.10 18:43,true,22.000000
609,USDJPY,2025.01.10 18:53,true,1.000000
610,USDJPY,2025.01.10 19:23,false,-1.000000
611,USDJPY,2025.01.10 19:27,false,-1.000000
612,USDJPY,2025.01.10 19:29,false,-1.000000
613,USDJPY,2025.01.10 19:33,false,-1.000000
614,USDJPY,2025.01.10 19:39,true,1.000000
615,USDJPY,2025.01.10 19:49,true,1.000000
616,USDJPY,2025.01.10 19:50,true,1.000000
617,USDJPY,2025.01.10 20:04,true,1.000000
618,USDJPY,2025.01.10 20:54,true,1.000000
619,USDJPY,2025.01.10 20:57,false,-1.000000
620,USDJPY,2025.01.10 21:01,true,1.000000
621,USDJPY,2025.01.10 21:03,false,-1.000000
622,USDJPY,2025.01.10 21:37,false,-1.000000
623,USDJPY,2025.01.10 21:48,false,-13.000000
624,USDJPY,2025.01.10 21:51,true,13.000000
625,USDJPY,2025.01.10 22:09,false,-13.000000
626,USDJPY,2025.01.10 22:12,false,-13.000000
627,USDJPY,2025.01.10 22:41,false,-13.000000
628,USDJPY,2025.01.10 22:48,true,14.000000
629,USDJPY,2025.01.10 22:58,false,-13.000000
630,USDJPY,2025.01.13 00:15,true,2.000000
631,USDJPY,2025.01.13 00:20,false,-1.000000
632,USDJPY,2025.01.13 00:58,false,-1.000000
633,USDJPY,2025.01.13 01:02,true,2.000000
634,USDJPY,2025.01.13 01:42,false,0.000000
635,USDJPY,2025.01.13 02:05,false,-13.000000
636,USDJPY,2025.01.13 02:07,false,-13.000000
637,USDJPY,2025.01.13 02:45,true,13.000000
638,USDJPY,2025.01.13 02:54,true,14.000000
639,USDJPY,2025.01.13 03:04,true,14.000000
640,USDJPY,2025.01.13 03:07,true,14.000000
641,USDJPY,2025.01.13 04:05,true,-11.000000
642,USDJPY,2025.01.13 04:08,true,-11.000000
643,USDJPY,2025.01.13 04:11,false,12.000000
644,USDJPY,2025.01.13 04:13,true,-11.000000
645,USDJPY,2025.01.13 04:15,true,-11.000000
646,USDJPY,2025.01.13 04:16,false,12.000000
647,USDJPY,2025.01.13 04:39,true,-11.000000
648,USDJPY,2025.01.13 04:45,true,-11.000000
649,USDJPY,2025.01.13 05:40,true,2.000000
650,USDJPY,2025.01.13 06:13,true,-11.000000
651,USDJPY,2025.01.13 06:14,true,-11.000000
652,USDJPY,2025.01.13 06:18,false,11.000000
653,USDJPY,2025.01.13 06:20,true,-11.000000
654,USDJPY,2025.01.13 06:50,false,11.000000
655,USDJPY,2025.01.13 06:58,false,11.000000
656,USDJPY,2025.01.13 07:00,false,11.000000
657,USDJPY,2025.01.13 07:15,false,11.000000
658,USDJPY,2025.01.13 08:07,true,-10.000000
659,USDJPY,2025.01.13 08:37,false,-1.000000
660,USDJPY,2025.01.13 08:40,false,-1.000000
661,USDJPY,2025.01.13 08:45,true,1.000000
662,USDJPY,2025.01.13 08:59,false,11.000000
663,USDJPY,2025.01.13 09:00,false,11.000000
664,USDJPY,2025.01.13 09:02,false,11.000000
665,USDJPY,2025.01.13 09:03,false,11.000000
666,USDJPY,2025.01.13 09:04,false,11.000000
667,USDJPY,2025.01.13 09:12,false,11.000000
668,USDJPY,2025.01.13 09:43,true,-11.000000
669,USDJPY,2025.01.13 09:50,true,-11.000000
670,USDJPY,2025.01.13 10:31,true,-11.000000
671,USDJPY,2025.01.13 10:43,false,12.000000
672,USDJPY,2025.01.13 10:49,false,11.000000
673,USDJPY,2025.01.13 10:51,false,11.000000
674,USDJPY,2025.01.13 10:54,false,11.000000
675,USDJPY,2025.01.13 11:00,false,-1.000000
676,USDJPY,2025.01.13 11:25,false,-1.000000
677,USDJPY,2025.01.13 11:50,true,-11.000000
678,USDJPY,2025.01.13 11:56,true,-11.000000
679,USDJPY,2025.01.13 11:59,false,11.000000
680,USDJPY,2025.01.13 12:03,true,-11.000000
681,USDJPY,2025.01.13 12:08,true,-11.000000
682,USDJPY,2025.01.13 12:09,true,-11.000000
683,USDJPY,2025.01.13 12:17,true,-10.000000
684,USDJPY,2025.01.13 12:21,false,11.000000
685,USDJPY,2025.01.13 12:34,false,-1.000000
686,USDJPY,2025.01.13 12:45,false,-1.000000
687,USDJPY,2025.01.13 13:11,true,1.000000
688,USDJPY,2025.01.13 13:46,false,-1.000000
689,USDJPY,2025.01.13 13:47,false,-1.000000
690,USDJPY,2025.01.13 13:49,false,-1.000000
691,USDJPY,2025.01.13 13:51,false,-1.000000
692,USDJPY,2025.01.13 13:56,false,-1.000000
693,USDJPY,2025.01.13 14:17,false,-1.000000
694,USDJPY,2025.01.13 14:20,false,-1.000000
695,USDJPY,2025.01.13 14:22,false,-1.000000
696,USDJPY,2025.01.13 14:23,false,-1.000000
697,USDJPY,2025.01.13 14:30,false,-1.000000
698,USDJPY,2025.01.13 14:32,false,-1.000000
699,USDJPY,2025.01.13 14:33,false,-1.000000
700,USDJPY,2025.01.13 15:38,false,-1.000000
701,USDJPY,2025.01.13 16:09,true,1.000000
702,USDJPY,2025.01.13 16:11,true,1.000000
703,USDJPY,2025.01.13 16:17,true,-11.000000
704,USDJPY,2025.01.13 16:20,true,-11.000000
705,USDJPY,2025.01.13 16:23,true,-11.000000
706,USDJPY,2025.01.13 17:08,false,-1.000000
707,USDJPY,2025.01.13 17:14,false,11.000000
708,USDJPY,2025.01.13 17:18,false,11.000000
709,USDJPY,2025.01.13 17:24,false,11.000000
710,USDJPY,2025.01.13 17:25,false,11.000000
711,USDJPY,2025.01.13 18:37,false,11.000000
712,USDJPY,2025.01.13 18:39,false,11.000000
713,USDJPY,2025.01.13 18:40,false,11.000000
714,USDJPY,2025.01.13 20:09,false,11.000000
715,USDJPY,2025.01.13 20:28,false,11.000000
716,USDJPY,2025.01.13 20:31,false,11.000000
717,USDJPY,2025.01.13 21:12,false,11.000000
718,USDJPY,2025.01.13 21:18,false,11.000000
719,USDJPY,2025.01.13 22:06,false,-1.000000
720,USDJPY,2025.01.13 22:19,false,11.000000
721,USDJPY,2025.01.13 22:22,false,11.000000
722,USDJPY,2025.01.13 22:25,false,11.000000
723,USDJPY,2025.01.13 22:41,true,-10.000000
724,USDJPY,2025.01.13 22:50,true,-10.000000
725,USDJPY,2025.01.13 23:19,false,11.000000
726,USDJPY,2025.01.13 23:23,false,11.000000
727,USDJPY,2025.01.13 23:27,false,11.000000
728,USDJPY,2025.01.14 00:15,true,-11.000000
729,USDJPY,2025.01.14 01:04,true,-11.000000
730,USDJPY,2025.01.14 01:08,false,11.000000
731,USDJPY,2025.01.14 01:23,true,-10.000000
732,USDJPY,2025.01.14 01:41,true,-11.000000
733,USDJPY,2025.01.14 01:43,true,-11.000000
734,USDJPY,2025.01.14 01:46,true,-11.000000
735,USDJPY,2025.01.14 02:07,true,-11.000000
736,USDJPY,2025.01.14 02:45,true,-11.000000
737,USDJPY,2025.01.14 02:46,true,-11.000000
738,USDJPY,2025.01.14 03:01,false,-1.000000
739,USDJPY,2025.01.14 03:11,false,-1.000000
740,USDJPY,2025.01.14 03:19,false,-1.000000
741,USDJPY,2025.01.14 03:51,false,-1.000000
742,USDJPY,2025.01.14 03:53,false,-1.000000
743,USDJPY,2025.01.14 03:54,false,-1.000000
744,USDJPY,2025.01.14 04:00,true,1.000000
745,USDJPY,2025.01.14 04:01,true,1.000000
746,USDJPY,2025.01.14 04:08,false,-1.000000
747,USDJPY,2025.01.14 04:30,true,1.000000
748,USDJPY,2025.01.14 04:31,true,1.000000
749,USDJPY,2025.01.14 06:16,true,1.000000
750,USDJPY,2025.01.14 06:17,true,1.000000
751,USDJPY,2025.01.14 06:18,true,1.000000
752,USDJPY,2025.01.14 06:25,true,1.000000
753,USDJPY,2025.01.14 06:27,false,-1.000000
754,USDJPY,2025.01.14 06:35,true,1.000000
755,USDJPY,2025.01.14 06:37,true,1.000000
756,USDJPY,2025.01.14 06:38,false,-1.000000
757,USDJPY,2025.01.14 06:39,true,1.000000
758,USDJPY,2025.01.14 06:41,true,1.000000
759,USDJPY,2025.01.14 06:43,true,1.000000
760,USDJPY,2025.01.14 06:47,true,1.000000
761,USDJPY,2025.01.14 07:15,true,1.000000
762,USDJPY,2025.01.14 07:18,true,1.000000
763,USDJPY,2025.01.14 07:20,false,-1.000000
764,USDJPY,2025.01.14 07:27,true,1.000000
765,USDJPY,2025.01.14 07:37,false,-1.000000
766,USDJPY,2025.01.14 07:42,false,-1.000000
767,USDJPY,2025.01.14 07:44,false,-1.000000
768,USDJPY,2025.01.14 07:47,true,1.000000
769,USDJPY,2025.01.14 07:59,false,-1.000000
770,USDJPY,2025.01.14 08:00,false,-1.000000
771,USDJPY,2025.01.14 08:15,false,-1.000000
772,USDJPY,2025.01.14 08:17,false,-1.000000
773,USDJPY,2025.01.14 08:19,false,-1.000000
774,USDJPY,2025.01.14 10:03,true,1.000000
775,USDJPY,2025.01.14 10:16,false,-1.000000
776,USDJPY,2025.01.14 10:18,false,-1.000000
777,USDJPY,2025.01.14 10:20,false,-1.000000
778,USDJPY,2025.01.14 10:21,false,-1.000000
779,USDJPY,2025.01.14 10:29,false,-1.000000
780,USDJPY,2025.01.14 10:40,false,-1.000000
781,USDJPY,2025.01.14 10:42,false,-1.000000
782,USDJPY,2025.01.14 10:48,false,-1.000000
783,USDJPY,2025.01.14 10:50,false,-1.000000
784,USDJPY,2025.01.14 13:13,true,-10.000000
785,USDJPY,2025.01.14 13:20,false,-1.000000
786,USDJPY,2025.01.14 13:25,false,-1.000000
787,USDJPY,2025.01.14 13:30,false,-1.000000
788,USDJPY,2025.01.14 13:34,true,2.000000
789,USDJPY,2025.01.14 14:27,false,-1.000000
790,USDJPY,2025.01.14 14:35,true,-10.000000
791,USDJPY,2025.01.14 14:48,true,-10.000000
792,USDJPY,2025.01.14 14:49,true,-10.000000
793,USDJPY,2025.01.14 15:43,true,3.000000
794,USDJPY,2025.01.14 15:52,true,1.000000
795,USDJPY,2025.01.14 16:08,false,-1.000000
796,USDJPY,2025.01.14 16:12,false,-1.000000
797,USDJPY,2025.01.14 16:15,false,-1.000000
798,USDJPY,2025.01.14 16:24,true,1.000000
799,USDJPY,2025.01.14 16:33,true,1.000000
800,USDJPY,2025.01.14 17:19,true,-11.000000
801,USDJPY,2025.01.14 17:39,false,0.000000
802,USDJPY,2025.01.14 18:23,false,11.000000
803,USDJPY,2025.01.14 18:46,true,-11.000000
804,USDJPY,2025.01.14 19:18,false,-1.000000
805,USDJPY,2025.01.14 19:36,true,1.000000
806,USDJPY,2025.01.14 19:51,false,0.000000
807,USDJPY,2025.01.14 20:23,false,11.000000
808,USDJPY,2025.01.14 21:32,true,-11.000000
809,USDJPY,2025.01.14 21:58,false,11.000000
810,USDJPY,2025.01.14 22:11,true,2.000000
811,USDJPY,2025.01.14 22:15,true,2.000000
812,USDJPY,2025.01.14 22:20,true,2.000000
813,USDJPY,2025.01.14 23:00,false,-1.000000
814,USDJPY,2025.01.14 23:01,false,-1.000000
815,USDJPY,2025.01.14 23:34,true,1.000000
816,USDJPY,2025.01.14 23:43,true,1.000000
817,USDJPY,2025.01.14 23:48,true,1.000000
818,USDJPY,2025.01.15 00:04,false,-1.000000
819,USDJPY,2025.01.15 00:05,true,1.000000
820,USDJPY,2025.01.15 00:27,false,12.000000
821,USDJPY,2025.01.15 00:30,false,11.000000
822,USDJPY,2025.01.15 01:02,true,-11.000000
823,USDJPY,2025.01.15 01:08,false,11.000000
824,USDJPY,2025.01.15 01:11,true,-11.000000
825,USDJPY,2025.01.15 01:18,false,11.000000
826,USDJPY,2025.01.15 01:20,false,11.000000
827,USDJPY,2025.01.15 02:01,true,2.000000
828,USDJPY,2025.01.15 02:23,true,-11.000000
829,USDJPY,2025.01.15 02:36,true,-11.000000
830,USDJPY,2025.01.15 02:51,true,-11.000000
831,USDJPY,2025.01.15 03:13,false,11.000000
832,USDJPY,2025.01.15 03:23,true,-11.000000
833,USDJPY,2025.01.15 03:37,true,1.000000
834,USDJPY,2025.01.15 03:42,true,1.000000
835,USDJPY,2025.01.15 03:48,false,11.000000
836,USDJPY,2025.01.15 04:00,true,-11.000000
837,USDJPY,2025.01.15 04:01,true,-11.000000
838,USDJPY,2025.01.15 04:02,false,11.000000
839,USDJPY,2025.01.15 04:04,true,-11.000000
840,USDJPY,2025.01.15 04:10,true,-11.000000
841,USDJPY,2025.01.15 04:20,false,11.000000
842,USDJPY,2025.01.15 04:24,false,11.000000
843,USDJPY,2025.01.15 04:37,false,11.000000
844,USDJPY,2025.01.15 04:42,false,11.000000
845,USDJPY,2025.01.15 04:51,true,-11.000000
846,USDJPY,2025.01.15 04:52,false,11.000000
847,USDJPY,2025.01.15 04:58,false,11.000000
848,USDJPY,2025.01.15 05:00,false,11.000000
849,USDJPY,2025.01.15 05:05,false,11.000000
850,USDJPY,2025.01.15 05:06,false,11.000000
851,USDJPY,2025.01.15 05:07,true,-11.000000
852,USDJPY,2025.01.15 05:09,true,-11.000000
853,USDJPY,2025.01.15 05:11,true,-11.000000
854,USDJPY,2025.01.15 05:53,false,11.000000
855,USDJPY,2025.01.15 05:54,false,11.000000
856,USDJPY,2025.01.15 05:59,true,-11.000000
857,USDJPY,2025.01.15 06:11,false,11.000000
858,USDJPY,2025.01.15 06:15,true,-11.000000
859,USDJPY,2025.01.15 06:35,true,-11.000000
860,USDJPY,2025.01.15 07:25,true,-10.000000
861,USDJPY,2025.01.15 07:51,true,-10.000000
862,USDJPY,2025.01.15 07:54,true,-10.000000
863,USDJPY,2025.01.15 07:55,true,-10.000000
864,USDJPY,2025.01.15 07:58,true,-10.000000
865,USDJPY,2025.01.15 08:01,true,1.000000
866,USDJPY,2025.01.15 08:09,true,1.000000
867,USDJPY,2025.01.15 08:15,true,1.000000
868,USDJPY,2025.01.15 09:24,false,-1.000000
869,USDJPY,2025.01.15 09:31,true,-11.000000
870,USDJPY,2025.01.15 10:14,true,10.000000
871,USDJPY,2025.01.15 10:21,false,11.000000
872,USDJPY,2025.01.15 11:36,false,11.000000
873,USDJPY,2025.01.15 11:48,true,22.000000
874,USDJPY,2025.01.15 12:55,true,22.000000
875,USDJPY,2025.01.15 13:23,false,-1.000000
876,USDJPY,2025.01.15 14:01,false,1.000000
877,USDJPY,2025.01.15 14:07,true,1.000000
878,USDJPY,2025.01.15 14:13,true,2.000000
879,USDJPY,2025.01.15 14:15,true,2.000000
880,USDJPY,2025.01.15 14:18,true,1.000000
881,USDJPY,2025.01.15 14:25,true,2.000000
882,USDJPY,2025.01.15 14:47,true,-11.000000
883,USDJPY,2025.01.15 14:48,true,-11.000000
884,USDJPY,2025.01.15 14:51,false,12.000000
885,USDJPY,2025.01.15 15:58,true,-11.000000
886,USDJPY,2025.01.15 18:01,false,11.000000
887,USDJPY,2025.01.15 18:02,true,-11.000000
888,USDJPY,2025.01.15 18:23,true,-11.000000
889,USDJPY,2025.01.15 18:46,false,12.000000
890,USDJPY,2025.01.15 18:57,false,12.000000
891,USDJPY,2025.01.15 19:00,false,11.000000
892,USDJPY,2025.01.15 19:04,false,11.000000
893,USDJPY,2025.01.15 19:17,true,-11.000000
894,USDJPY,2025.01.15 19:18,true,-11.000000
895,USDJPY,2025.01.15 19:19,true,-11.000000
896,USDJPY,2025.01.15 19:23,true,-11.000000
897,USDJPY,2025.01.15 19:28,true,-11.000000
898,USDJPY,2025.01.15 19:32,true,-11.000000
899,USDJPY,2025.01.15 19:34,true,-11.000000
900,USDJPY,2025.01.15 19:36,true,-11.000000
901,USDJPY,2025.01.15 19:38,true,-11.000000
902,USDJPY,2025.01.15 19:42,true,-11.000000
903,USDJPY,2025.01.15 19:43,true,-11.000000
904,USDJPY,2025.01.15 19:47,true,-11.000000
905,USDJPY,2025.01.15 20:34,true,13.000000
906,USDJPY,2025.01.15 21:18,false,-13.000000
907,USDJPY,2025.01.15 21:19,false,-13.000000
908,USDJPY,2025.01.15 21:25,false,-13.000000
909,USDJPY,2025.01.15 21:31,true,13.000000
910,USDJPY,2025.01.15 21:48,false,-13.000000
911,USDJPY,2025.01.15 21:55,true,13.000000
912,USDJPY,2025.01.15 22:02,true,14.000000
913,USDJPY,2025.01.15 22:12,true,14.000000
914,USDJPY,2025.01.15 22:28,true,14.000000
915,USDJPY,2025.01.15 22:30,true,14.000000
916,USDJPY,2025.01.15 22:51,false,-13.000000
917,USDJPY,2025.01.15 22:57,true,14.000000
918,USDJPY,2025.01.15 23:00,true,14.000000
919,USDJPY,2025.01.15 23:03,false,-13.000000
920,USDJPY,2025.01.15 23:14,false,-13.000000
921,USDJPY,2025.01.15 23:17,false,-13.000000
922,USDJPY,2025.01.16 00:43,false,-1.000000
923,USDJPY,2025.01.16 00:46,false,-1.000000
924,USDJPY,2025.01.16 00:51,false,-1.000000
925,USDJPY,2025.01.16 00:53,false,-1.000000
926,USDJPY,2025.01.16 00:55,true,1.000000
927,USDJPY,2025.01.16 00:57,true,1.000000
928,USDJPY,2025.01.16 01:04,false,-1.000000
929,USDJPY,2025.01.16 01:11,false,-1.000000
930,USDJPY,2025.01.16 02:10,true,1.000000
931,USDJPY,2025.01.16 02:11,false,-1.000000
932,USDJPY,2025.01.16 02:13,true,1.000000
933,USDJPY,2025.01.16 02:45,true,1.000000
934,USDJPY,2025.01.16 03:14,false,-1.000000
935,USDJPY,2025.01.16 03:19,false,-1.000000
936,USDJPY,2025.01.16 03:58,true,25.000000
937,USDJPY,2025.01.16 04:00,true,25.000000
938,USDJPY,2025.01.16 04:01,true,25.000000
939,USDJPY,2025.01.16 04:12,false,-1.000000
940,USDJPY,2025.01.16 04:29,false,-1.000000
941,USDJPY,2025.01.16 04:37,false,-1.000000
942,USDJPY,2025.01.16 04:41,false,-1.000000
943,USDJPY,2025.01.16 05:02,false,0.000000
944,USDJPY,2025.01.16 05:07,false,0.000000
945,USDJPY,2025.01.16 05:24,false,0.000000
946,USDJPY,2025.01.16 05:53,true,25.000000
947,USDJPY,2025.01.16 06:00,false,-1.000000
948,USDJPY,2025.01.16 06:03,false,-1.000000
949,USDJPY,2025.01.16 06:07,true,25.000000
950,USDJPY,2025.01.16 06:10,false,-1.000000
951,USDJPY,2025.01.16 06:14,true,25.000000
952,USDJPY,2025.01.16 06:16,true,25.000000
953,USDJPY,2025.01.16 06:20,true,25.000000
954,USDJPY,2025.01.16 06:35,false,0.000000
955,USDJPY,2025.01.16 06:53,false,0.000000
956,USDJPY,2025.01.16 07:50,false,-13.000000
957,USDJPY,2025.01.16 07:56,false,-13.000000
958,USDJPY,2025.01.16 08:05,false,-13.000000
959,USDJPY,2025.01.16 08:08,false,-13.000000
960,USDJPY,2025.01.16 08:09,false,-13.000000
961,USDJPY,2025.01.16 08:42,false,-1.000000
962,USDJPY,2025.01.16 08:48,false,-1.000000
963,USDJPY,2025.01.16 08:54,false,-1.000000
964,USDJPY,2025.01.16 08:55,true,1.000000
965,USDJPY,2025.01.16 08:56,false,-1.000000
966,USDJPY,2025.01.16 09:00,true,1.000000
967,USDJPY,2025.01.16 09:01,false,-1.000000
968,USDJPY,2025.01.16 09:14,false,-1.000000
969,USDJPY,2025.01.16 09:19,true,2.000000
970,USDJPY,2025.01.16 09:23,true,2.000000
971,USDJPY,2025.01.16 09:31,true,1.000000
972,USDJPY,2025.01.16 09:42,true,1.000000
973,USDJPY,2025.01.16 09:46,true,2.000000
974,USDJPY,2025.01.16 10:15,true,3.000000
975,USDJPY,2025.01.16 10:35,false,-1.000000
976,USDJPY,2025.01.16 10:39,false,-1.000000
977,USDJPY,2025.01.16 10:41,false,-1.000000
978,USDJPY,2025.01.16 10:43,false,-1.000000
979,USDJPY,2025.01.16 10:44,true,14.000000
980,USDJPY,2025.01.16 11:01,true,25.000000
981,USDJPY,2025.01.16 11:10,true,2.000000
982,USDJPY,2025.01.16 11:26,true,26.000000
983,USDJPY,2025.01.16 11:50,false,-1.000000
984,USDJPY,2025.01.16 12:13,false,11.000000
985,USDJPY,2025.01.16 12:46,true,13.000000
986,USDJPY,2025.01.16 12:54,false,11.000000
987,USDJPY,2025.01.16 12:56,false,11.000000
988,USDJPY,2025.01.16 13:00,true,13.000000
989,USDJPY,2025.01.16 13:21,false,0.000000
990,USDJPY,2025.01.16 13:33,true,13.000000
991,USDJPY,2025.01.16 13:47,false,-1.000000
992,USDJPY,2025.01.16 14:47,false,-1.000000
993,USDJPY,2025.01.16 15:11,false,11.000000
994,USDJPY,2025.01.16 16:00,true,-9.000000
995,USDJPY,2025.01.16 16:19,true,2.000000
996,USDJPY,2025.01.16 16:38,true,-10.000000
997,USDJPY,2025.01.16 16:48,true,-9.000000
998,USDJPY,2025.01.16 16:50,true,-10.000000
999,USDJPY,2025.01.16 17:00,false,-1.000000
1000,USDJPY,2025.01.16 17:02,false,-1.000000
1001,USDJPY,2025.01.16 17:05,false,-1.000000
1002,USDJPY,2025.01.16 17:36,true,14.000000
1003,USDJPY,2025.01.16 17:42,true,13.000000
1004,USDJPY,2025.01.16 17:58,false,11.000000
1005,USDJPY,2025.01.16 18:15,true,13.000000
1006,USDJPY,2025.01.16 18:16,true,13.000000
1007,USDJPY,2025.01.16 18:17,true,13.000000
1008,USDJPY,2025.01.16 18:21,false,11.000000
1009,USDJPY,2025.01.16 18:23,true,13.000000
1010,USDJPY,2025.01.16 18:24,false,11.000000
1011,USDJPY,2025.01.16 18:27,false,11.000000
1012,USDJPY,2025.01.16 18:41,true,35.000000
1013,USDJPY,2025.01.16 18:54,true,13.000000
1014,USDJPY,2025.01.16 18:57,true,13.000000
1015,USDJPY,2025.01.16 18:59,false,-1.000000
1016,USDJPY,2025.01.16 19:01,false,-1.000000
1017,USDJPY,2025.01.16 19:02,false,-1.000000
1018,USDJPY,2025.01.16 19:09,false,-1.000000
1019,USDJPY,2025.01.16 19:10,false,-1.000000
1020,USDJPY,2025.01.16 19:11,true,25.000000
1021,USDJPY,2025.01.16 19:15,true,25.000000
1022,USDJPY,2025.01.16 19:39,true,25.000000
1023,USDJPY,2025.01.16 19:52,true,13.000000
1024,USDJPY,2025.01.16 19:55,true,13.000000
1025,USDJPY,2025.01.16 19:59,true,25.000000
1026,USDJPY,2025.01.16 20:16,true,25.000000
1027,USDJPY,2025.01.16 20:58,false,-1.000000
1028,USDJPY,2025.01.16 21:23,true,25.000000
1029,USDJPY,2025.01.16 21:25,true,25.000000
1030,USDJPY,2025.01.16 21:56,false,-1.000000
1031,USDJPY,2025.01.16 22:08,false,-1.000000
1032,USDJPY,2025.01.16 22:10,false,-1.000000
1033,USDJPY,2025.01.16 22:14,false,-1.000000
1034,USDJPY,2025.01.16 22:22,false,-1.000000
1035,USDJPY,2025.01.16 22:24,false,-1.000000
1036,USDJPY,2025.01.16 22:31,true,25.000000
1037,USDJPY,2025.01.16 22:33,false,-1.000000
1038,USDJPY,2025.01.16 23:03,true,25.000000
1039,USDJPY,2025.01.16 23:07,true,25.000000
1040,USDJPY,2025.01.16 23:15,true,25.000000
1041,USDJPY,2025.01.17 00:05,true,14.000000
1042,USDJPY,2025.01.17 00:15,true,14.000000
1043,USDJPY,2025.01.17 01:31,true,25.000000
1044,USDJPY,2025.01.17 01:42,false,-1.000000
1045,USDJPY,2025.01.17 01:43,true,25.000000
1046,USDJPY,2025.01.17 01:44,false,-1.000000
1047,USDJPY,2025.01.17 02:25,false,-1.000000
1048,USDJPY,2025.01.17 02:42,false,-1.000000
1049,USDJPY,2025.01.17 03:01,true,25.000000
1050,USDJPY,2025.01.17 03:03,true,25.000000
1051,USDJPY,2025.01.17 03:09,true,25.000000
1052,USDJPY,2025.01.17 03:42,false,11.000000
1053,USDJPY,2025.01.17 03:52,true,14.000000
1054,USDJPY,2025.01.17 03:54,true,14.000000
1055,USDJPY,2025.01.17 03:55,true,14.000000
1056,USDJPY,2025.01.17 04:03,true,25.000000
1057,USDJPY,2025.01.17 04:32,true,13.000000
1058,USDJPY,2025.01.17 04:35,true,13.000000
1059,USDJPY,2025.01.17 04:36,true,13.000000
1060,USDJPY,2025.01.17 04:38,true,13.000000
1061,USDJPY,2025.01.17 04:58,false,0.000000
1062,USDJPY,2025.01.17 05:00,false,0.000000
1063,USDJPY,2025.01.17 05:01,true,25.000000
1064,USDJPY,2025.01.17 05:23,true,25.000000
1065,USDJPY,2025.01.17 05:39,false,0.000000
1066,USDJPY,2025.01.17 05:50,true,25.000000
1067,USDJPY,2025.01.17 05:51,false,0.000000
1068,USDJPY,2025.01.17 05:59,false,0.000000
1069,USDJPY,2025.01.17 06:50,false,12.000000
1070,USDJPY,2025.01.17 06:55,false,12.000000
1071,USDJPY,2025.01.17 06:59,true,13.000000
1072,USDJPY,2025.01.17 07:19,false,12.000000
1073,USDJPY,2025.01.17 07:26,false,12.000000
1074,USDJPY,2025.01.17 07:28,false,12.000000
1075,USDJPY,2025.01.17 08:26,false,11.000000
1076,USDJPY,2025.01.17 08:28,false,11.000000
1077,USDJPY,2025.01.17 08:32,false,11.000000
1078,USDJPY,2025.01.17 08:40,false,11.000000
1079,USDJPY,2025.01.17 08:45,false,-1.000000
1080,USDJPY,2025.01.17 08:48,false,-1.000000
1081,USDJPY,2025.01.17 08:53,false,-1.000000
1082,USDJPY,2025.01.17 08:56,false,-1.000000
1083,USDJPY,2025.01.17 08:58,true,25.000000
1084,USDJPY,2025.01.17 09:00,false,-1.000000
1085,USDJPY,2025.01.17 09:05,true,25.000000
1086,USDJPY,2025.01.17 09:33,false,0.000000
1087,USDJPY,2025.01.17 09:34,false,0.000000
1088,USDJPY,2025.01.17 09:37,false,0.000000
1089,USDJPY,2025.01.17 09:39,false,0.000000
1090,USDJPY,2025.01.17 09:47,false,11.000000
1091,USDJPY,2025.01.17 09:53,false,30.000000
1092,USDJPY,2025.01.17 11:52,false,0.000000
1093,USDJPY,2025.01.17 11:55,true,26.000000
1094,USDJPY,2025.01.17 12:00,false,-13.000000
1095,USDJPY,2025.01.17 12:03,true,37.000000
1096,USDJPY,2025.01.17 12:05,false,-13.000000
1097,USDJPY,2025.01.17 12:20,true,37.000000
1098,USDJPY,2025.01.17 12:25,true,37.000000
1099,USDJPY,2025.01.17 12:29,true,37.000000
1100,USDJPY,2025.01.17 12:40,true,37.000000
1101,USDJPY,2025.01.17 12:45,true,37.000000
1102,USDJPY,2025.01.17 13:10,false,-13.000000
1103,USDJPY,2025.01.17 13:48,true,37.000000
1104,USDJPY,2025.01.17 13:53,false,-13.000000
1105,USDJPY,2025.01.17 13:58,false,-13.000000
1106,USDJPY,2025.01.17 14:04,false,-13.000000
1107,USDJPY,2025.01.17 14:06,true,37.000000
1108,USDJPY,2025.01.17 14:12,true,37.000000
1109,USDJPY,2025.01.17 14:15,true,37.000000
1110,USDJPY,2025.01.17 14:20,true,37.000000
1111,USDJPY,2025.01.17 14:42,false,-13.000000
1112,USDJPY,2025.01.17 14:48,true,37.000000
1113,USDJPY,2025.01.17 14:54,false,-13.000000
1114,USDJPY,2025.01.17 14:55,true,37.000000
1115,USDJPY,2025.01.17 14:58,false,-13.000000
1116,USDJPY,2025.01.17 15:31,true,26.000000
1117,USDJPY,2025.01.17 15:32,false,-1.000000
1118,USDJPY,2025.01.17 15:33,true,26.000000
1119,USDJPY,2025.01.17 15:42,false,-1.000000
1120,USDJPY,2025.01.17 15:54,false,-1.000000
1121,USDJPY,2025.01.17 15:57,true,25.000000
1122,USDJPY,2025.01.17 16:10,true,25.000000
1123,USDJPY,2025.01.17 17:04,true,3.000000
1124,USDJPY,2025.01.17 17:25,true,2.000000
1125,USDJPY,2025.01.17 17:33,true,2.000000
1126,USDJPY,2025.01.17 17:36,false,-1.000000
1127,USDJPY,2025.01.17 17:38,true,2.000000
1128,USDJPY,2025.01.17 17:52,true,2.000000
1129,USDJPY,2025.01.17 17:57,true,2.000000
1130,USDJPY,2025.01.17 17:59,false,-1.000000
1131,USDJPY,2025.01.17 18:07,false,19.000000
1132,USDJPY,2025.01.17 18:10,false,19.000000
1133,USDJPY,2025.01.17 19:00,false,18.000000
1134,USDJPY,2025.01.17 19:06,false,18.000000
1135,USDJPY,2025.01.17 19:17,true,1.000000
1136,USDJPY,2025.01.17 19:29,false,18.000000
1137,USDJPY,2025.01.17 19:30,false,18.000000
1138,USDJPY,2025.01.17 19:34,false,18.000000
1139,USDJPY,2025.01.17 19:40,true,2.000000
1140,USDJPY,2025.01.17 20:00,true,1.000000
1141,USDJPY,2025.01.17 20:48,true,-10.000000
1142,USDJPY,2025.01.17 21:12,true,-10.000000
1143,USDJPY,2025.01.17 21:14,true,-10.000000
1144,USDJPY,2025.01.17 21:17,true,-10.000000
1145,USDJPY,2025.01.17 21:26,true,-10.000000
1146,USDJPY,2025.01.17 21:39,true,1.000000
1147,USDJPY,2025.01.17 21:44,false,18.000000
1148,USDJPY,2025.01.17 21:45,true,1.000000
1149,USDJPY,2025.01.17 21:55,true,1.000000
1150,USDJPY,2025.01.17 21:57,true,1.000000
1151,USDJPY,2025.01.17 22:10,true,1.000000
1152,USDJPY,2025.01.17 22:16,false,18.000000
1153,USDJPY,2025.01.20 00:12,false,29.000000
1154,USDJPY,2025.01.20 00:25,false,17.000000
1155,USDJPY,2025.01.20 02:41,false,29.000000
1156,USDJPY,2025.01.20 03:27,true,9.000000
1157,USDJPY,2025.01.20 03:48,true,9.000000
1158,USDJPY,2025.01.20 04:10,true,9.000000
1159,USDJPY,2025.01.20 04:12,true,9.000000
1160,USDJPY,2025.01.20 04:17,true,9.000000
1161,USDJPY,2025.01.20 04:19,true,9.000000
1162,USDJPY,2025.01.20 04:22,true,9.000000
1163,USDJPY,2025.01.20 04:26,true,9.000000
1164,USDJPY,2025.01.20 04:27,true,9.000000
1165,USDJPY,2025.01.20 04:32,false,10.000000
1166,USDJPY,2025.01.20 04:44,true,9.000000
1167,USDJPY,2025.01.20 06:24,false,10.000000
1168,USDJPY,2025.01.20 07:36,true,9.000000
1169,USDJPY,2025.01.20 07:41,false,10.000000
1170,USDJPY,2025.01.20 07:43,true,9.000000
1171,USDJPY,2025.01.20 07:46,true,9.000000
1172,USDJPY,2025.01.20 07:50,true,9.000000
1173,USDJPY,2025.01.20 07:52,true,9.000000
1174,USDJPY,2025.01.20 07:53,true,9.000000
1175,USDJPY,2025.01.20 07:56,true,9.000000
1176,USDJPY,2025.01.20 08:08,false,-1.000000
1177,USDJPY,2025.01.20 08:13,true,21.000000
1178,USDJPY,2025.01.20 08:49,true,2.000000
1179,USDJPY,2025.01.20 08:52,false,18.000000
1180,USDJPY,2025.01.20 08:56,true,2.000000
1181,USDJPY,2025.01.20 09:27,true,2.000000
1182,USDJPY,2025.01.20 09:40,false,10.000000
1183,USDJPY,2025.01.20 10:49,true,9.000000
1184,USDJPY,2025.01.20 10:52,true,-10.000000
1185,USDJPY,2025.01.20 11:04,false,29.000000
1186,USDJPY,2025.01.20 11:26,false,19.000000
1187,USDJPY,2025.01.20 13:05,true,14.000000
1188,USDJPY,2025.01.20 13:19,true,14.000000
1189,USDJPY,2025.01.20 13:26,true,14.000000
1190,USDJPY,2025.01.20 13:28,true,14.000000
1191,USDJPY,2025.01.20 13:30,true,14.000000
1192,USDJPY,2025.01.20 13:31,true,14.000000
1193,USDJPY,2025.01.20 13:36,true,14.000000
1194,USDJPY,2025.01.20 13:38,true,14.000000
1195,USDJPY,2025.01.20 13:39,false,5.000000
1196,USDJPY,2025.01.20 13:41,true,14.000000
1197,USDJPY,2025.01.20 13:47,false,-14.000000
1198,USDJPY,2025.01.20 13:56,false,-14.000000
1199,USDJPY,2025.01.20 14:11,true,15.000000
1200,USDJPY,2025.01.20 14:14,true,14.000000
1201,USDJPY,2025.01.20 14:16,true,14.000000
1202,USDJPY,2025.01.20 14:21,true,14.000000
1203,USDJPY,2025.01.20 14:33,false,-14.000000
1204,USDJPY,2025.01.20 14:38,false,5.000000
1205,USDJPY,2025.01.20 14:40,false,5.000000
1206,USDJPY,2025.01.20 14:45,false,17.000000
1207,USDJPY,2025.01.20 14:46,true,2.000000
1208,USDJPY,2025.01.20 15:07,false,-2.000000
1209,USDJPY,2025.01.20 15:08,true,2.000000
1210,USDJPY,2025.01.20 15:24,false,-2.000000
1211,USDJPY,2025.01.20 15:26,true,2.000000
1212,USDJPY,2025.01.20 15:30,false,-1.000000
1213,USDJPY,2025.01.20 16:12,false,10.000000
1214,USDJPY,2025.01.20 16:36,true,24.000000
1215,USDJPY,2025.01.20 16:53,true,11.000000
1216,USDJPY,2025.01.20 16:56,true,11.000000
1217,USDJPY,2025.01.20 16:57,true,11.000000
1218,USDJPY,2025.01.20 17:00,true,23.000000
1219,USDJPY,2025.01.20 17:16,true,23.000000
1220,USDJPY,2025.01.20 17:19,false,-2.000000
1221,USDJPY,2025.01.20 17:51,false,-2.000000
1222,USDJPY,2025.01.20 17:53,false,-2.000000
1223,USDJPY,2025.01.20 17:55,false,-2.000000
1224,USDJPY,2025.01.20 18:03,false,-2.000000
1225,USDJPY,2025.01.20 21:08,true,2.000000
1226,USDJPY,2025.01.20 21:15,true,2.000000
1227,USDJPY,2025.01.20 21:42,true,2.000000
1228,USDJPY,2025.01.20 22:03,true,15.000000
1229,USDJPY,2025.01.20 22:41,true,2.000000
1230,USDJPY,2025.01.20 22:43,true,2.000000
1231,USDJPY,2025.01.20 22:44,true,2.000000
1232,USDJPY,2025.01.20 22:45,false,-2.000000
1233,USDJPY,2025.01.20 22:46,true,2.000000
1234,USDJPY,2025.01.20 22:48,false,-2.000000
1235,USDJPY,2025.01.20 22:58,false,-2.000000
1236,USDJPY,2025.01.20 23:00,true,2.000000
1237,USDJPY,2025.01.20 23:15,true,2.000000
1238,USDJPY,2025.01.20 23:16,true,2.000000
1239,USDJPY,2025.01.20 23:18,true,2.000000
1240,USDJPY,2025.01.20 23:30,false,-2.000000
1241,USDJPY,2025.01.20 23:31,true,2.000000
1242,USDJPY,2025.01.20 23:51,true,2.000000
1243,USDJPY,2025.01.20 23:53,true,2.000000
1244,USDJPY,2025.01.20 23:57,true,2.000000
1245,USDJPY,2025.01.20 23:59,false,10.000000
1246,USDJPY,2025.01.21 00:00,true,-10.000000
1247,USDJPY,2025.01.21 00:15,true,2.000000
1248,USDJPY,2025.01.21 00:36,false,-1.000000
1249,USDJPY,2025.01.21 00:56,true,-10.000000
1250,USDJPY,2025.01.21 01:04,false,10.000000
1251,USDJPY,2025.01.21 01:06,false,10.000000
1252,USDJPY,2025.01.21 01:24,true,-9.000000
1253,USDJPY,2025.01.21 01:34,false,10.000000
1254,USDJPY,2025.01.21 01:36,true,-9.000000
1255,USDJPY,2025.01.21 02:34,false,-2.000000
1256,USDJPY,2025.01.21 02:36,false,-2.000000
1257,USDJPY,2025.01.21 02:42,false,-2.000000
1258,USDJPY,2025.01.21 02:43,false,-2.000000
1259,USDJPY,2025.01.21 02:45,false,-2.000000
1260,USDJPY,2025.01.21 03:26,true,-9.000000
1261,USDJPY,2025.01.21 03:27,false,10.000000
1262,USDJPY,2025.01.21 03:54,true,-9.000000
1263,USDJPY,2025.01.21 03:57,true,-9.000000
1264,USDJPY,2025.01.21 04:19,false,10.000000
1265,USDJPY,2025.01.21 04:34,true,-10.000000
1266,USDJPY,2025.01.21 04:44,true,15.000000
1267,USDJPY,2025.01.21 04:47,true,15.000000
1268,USDJPY,2025.01.21 04:48,true,-10.000000
1269,USDJPY,2025.01.21 04:58,true,-10.000000
1270,USDJPY,2025.01.21 04:59,true,-10.000000
1271,USDJPY,2025.01.21 06:00,false,-2.000000
1272,USDJPY,2025.01.21 06:06,true,2.000000
1273,USDJPY,2025.01.21 06:34,true,27.000000
1274,USDJPY,2025.01.21 06:37,true,2.000000
1275,USDJPY,2025.01.21 06:38,true,2.000000
1276,USDJPY,2025.01.21 06:42,true,2.000000
1277,USDJPY,2025.01.21 06:53,false,-2.000000
1278,USDJPY,2025.01.21 06:58,false,-2.000000
1279,USDJPY,2025.01.21 07:00,false,-2.000000
1280,USDJPY,2025.01.21 07:11,true,2.000000
1281,USDJPY,2025.01.21 07:14,true,2.000000
1282,USDJPY,2025.01.21 07:15,false,-2.000000
1283,USDJPY,2025.01.21 07:20,false,-2.000000
1284,USDJPY,2025.01.21 08:17,false,-2.000000
1285,USDJPY,2025.01.21 08:39,false,-2.000000
1286,USDJPY,2025.01.21 08:41,false,-2.000000
1287,USDJPY,2025.01.21 08:49,false,-2.000000
1288,USDJPY,2025.01.21 08:53,false,-2.000000
1289,USDJPY,2025.01.21 08:59,false,-2.000000
1290,USDJPY,2025.01.21 09:33,false,-2.000000
1291,USDJPY,2025.01.21 09:35,false,-2.000000
1292,USDJPY,2025.01.21 09:46,false,-2.000000
1293,USDJPY,2025.01.21 10:18,true,2.000000
1294,USDJPY,2025.01.21 10:24,true,2.000000
1295,USDJPY,2025.01.21 10:25,false,-2.000000
1296,USDJPY,2025.01.21 10:26,true,2.000000
1297,USDJPY,2025.01.21 10:31,true,2.000000
1298,USDJPY,2025.01.21 10:44,false,-2.000000
1299,USDJPY,2025.01.21 10:55,true,2.000000
1300,USDJPY,2025.01.21 11:00,false,-2.000000
1301,USDJPY,2025.01.21 11:23,true,2.000000
1302,USDJPY,2025.01.21 12:03,true,2.000000
1303,USDJPY,2025.01.21 12:16,false,-2.000000
1304,USDJPY,2025.01.21 12:26,false,-2.000000
1305,USDJPY,2025.01.21 12:37,true,2.000000
1306,USDJPY,2025.01.21 12:38,true,2.000000
1307,USDJPY,2025.01.21 13:14,false,10.000000
1308,USDJPY,2025.01.21 13:17,true,-10.000000
1309,USDJPY,2025.01.21 13:18,true,-10.000000
1310,USDJPY,2025.01.21 13:19,true,-10.000000
1311,USDJPY,2025.01.21 13:43,false,10.000000
1312,USDJPY,2025.01.21 13:51,false,10.000000
1313,USDJPY,2025.01.21 13:56,true,-10.000000
1314,USDJPY,2025.01.21 13:59,true,-10.000000
1315,USDJPY,2025.01.21 14:10,true,-10.000000
1316,USDJPY,2025.01.21 14:55,false,10.000000
1317,USDJPY,2025.01.21 15:25,true,-10.000000
1318,USDJPY,2025.01.21 15:26,true,-10.000000
1319,USDJPY,2025.01.21 15:29,true,-10.000000
1320,USDJPY,2025.01.21 15:54,true,-10.000000
1321,USDJPY,2025.01.21 16:10,false,10.000000
1322,USDJPY,2025.01.21 16:11,false,10.000000
1323,USDJPY,2025.01.21 16:19,true,-10.000000
1324,USDJPY,2025.01.21 16:21,false,10.000000
1325,USDJPY,2025.01.21 16:27,true,-10.000000
1326,USDJPY,2025.01.21 16:29,true,-10.000000
1327,USDJPY,2025.01.21 16:30,true,-10.000000
1328,USDJPY,2025.01.21 16:32,true,-10.000000
1329,USDJPY,2025.01.21 16:52,false,10.000000
1330,USDJPY,2025.01.21 16:59,false,-2.000000
1331,USDJPY,2025.01.21 17:08,false,-2.000000
1332,USDJPY,2025.01.21 17:12,false,-2.000000
1333,USDJPY,2025.01.21 17:14,false,10.000000
1334,USDJPY,2025.01.21 17:22,false,10.000000
1335,USDJPY,2025.01.21 17:24,false,10.000000
1336,USDJPY,2025.01.21 17:28,true,-10.000000
1337,USDJPY,2025.01.21 17:30,false,10.000000
1338,USDJPY,2025.01.21 17:31,true,-10.000000
1339,USDJPY,2025.01.21 17:53,false,-2.000000
1340,USDJPY,2025.01.21 18:05,false,10.000000
1341,USDJPY,2025.01.21 18:29,false,-2.000000
1342,USDJPY,2025.01.21 18:37,false,-2.000000
1343,USDJPY,2025.01.21 18:42,false,-2.000000
1344,USDJPY,2025.01.21 19:06,false,-2.000000
1345,USDJPY,2025.01.21 19:07,true,2.000000
1346,USDJPY,2025.01.21 19:17,false,-2.000000
1347,USDJPY,2025.01.21 19:45,false,-2.000000
1348,USDJPY,2025.01.21 19:47,false,-2.000000
1349,USDJPY,2025.01.21 20:02,false,0.000000
1350,USDJPY,2025.01.21 20:06,false,-1.000000
1351,USDJPY,2025.01.21 20:11,false,-2.000000
1352,USDJPY,2025.01.21 20:13,false,-2.000000
1353,USDJPY,2025.01.21 20:20,false,10.000000
1354,USDJPY,2025.01.21 20:27,false,10.000000
1355,USDJPY,2025.01.21 20:32,false,10.000000
1356,USDJPY,2025.01.21 20:44,true,-10.000000
1357,USDJPY,2025.01.21 20:47,true,-10.000000
1358,USDJPY,2025.01.21 20:58,false,10.000000
1359,USDJPY,2025.01.21 21:00,false,10.000000
1360,USDJPY,2025.01.21 21:04,false,10.000000
1361,USDJPY,2025.01.21 21:14,true,-10.000000
1362,USDJPY,2025.01.21 21:16,true,-10.000000
1363,USDJPY,2025.01.21 21:19,true,-10.000000
1364,USDJPY,2025.01.21 21:55,false,10.000000
1365,USDJPY,2025.01.21 22:05,false,11.000000
1366,USDJPY,2025.01.21 22:29,false,10.000000
1367,USDJPY,2025.01.21 22:30,false,10.000000
1368,USDJPY,2025.01.21 22:36,false,10.000000
1369,USDJPY,2025.01.21 22:48,true,-9.000000
1370,USDJPY,2025.01.21 22:54,true,-9.000000
1371,USDJPY,2025.01.21 22:56,true,-9.000000
1372,USDJPY,2025.01.21 23:01,true,-10.000000
1373,USDJPY,2025.01.21 23:05,true,-10.000000
1374,USDJPY,2025.01.21 23:38,false,10.000000
1375,USDJPY,2025.01.21 23:56,false,10.000000
1376,USDJPY,2025.01.22 00:26,false,-2.000000
1377,USDJPY,2025.01.22 00:51,false,-2.000000
1378,USDJPY,2025.01.22 00:57,false,-2.000000
1379,USDJPY,2025.01.22 01:32,false,10.000000
1380,USDJPY,2025.01.22 01:52,false,10.000000
1381,USDJPY,2025.01.22 01:54,false,10.000000
1382,USDJPY,2025.01.22 01:58,false,10.000000
1383,USDJPY,2025.01.22 01:59,false,10.000000
1384,USDJPY,2025.01.22 02:04,false,11.000000
1385,USDJPY,2025.01.22 02:29,true,13.000000
1386,USDJPY,2025.01.22 02:33,true,13.000000
1387,USDJPY,2025.01.22 02:44,true,13.000000
1388,USDJPY,2025.01.22 02:55,false,10.000000
1389,USDJPY,2025.01.22 03:01,true,13.000000
1390,USDJPY,2025.01.22 03:20,false,10.000000
1391,USDJPY,2025.01.22 04:22,true,13.000000
1392,USDJPY,2025.01.22 04:30,false,10.000000
1393,USDJPY,2025.01.22 04:44,true,13.000000
1394,USDJPY,2025.01.22 04:45,true,13.000000
1395,USDJPY,2025.01.22 04:46,true,13.000000
1396,USDJPY,2025.01.22 04:52,true,13.000000
1397,USDJPY,2025.01.22 05:02,false,10.000000
1398,USDJPY,2025.01.22 06:05,true,26.000000
1399,USDJPY,2025.01.22 06:19,true,14.000000
1400,USDJPY,2025.01.22 06:23,true,13.000000
1401,USDJPY,2025.01.22 06:53,true,13.000000
1402,USDJPY,2025.01.22 06:54,true,13.000000
1403,USDJPY,2025.01.22 06:56,true,13.000000
1404,USDJPY,2025.01.22 07:00,true,13.000000
1405,USDJPY,2025.01.22 07:40,true,-10.000000
1406,USDJPY,2025.01.22 07:43,true,-10.000000
1407,USDJPY,2025.01.22 07:54,true,13.000000
1408,USDJPY,2025.01.22 07:56,true,13.000000
1409,USDJPY,2025.01.22 08:13,true,13.000000
1410,USDJPY,2025.01.22 08:15,true,26.000000
1411,USDJPY,2025.01.22 08:41,false,-1.000000
1412,USDJPY,2025.01.22 08:57,false,-2.000000
1413,USDJPY,2025.01.22 09:10,true,25.000000
1414,USDJPY,2025.01.22 09:15,true,25.000000
1415,USDJPY,2025.01.22 09:17,false,-2.000000
1416,USDJPY,2025.01.22 10:07,false,-2.000000
1417,USDJPY,2025.01.22 10:11,false,19.000000
1418,USDJPY,2025.01.22 10:14,false,19.000000
1419,USDJPY,2025.01.22 11:11,false,-2.000000
1420,USDJPY,2025.01.22 11:21,false,10.000000
1421,USDJPY,2025.01.22 11:25,false,10.000000
1422,USDJPY,2025.01.22 11:29,false,10.000000
1423,USDJPY,2025.01.22 11:37,false,10.000000
1424,USDJPY,2025.01.22 11:41,false,10.000000
1425,USDJPY,2025.01.22 11:44,false,10.000000
1426,USDJPY,2025.01.22 11:50,false,10.000000
1427,USDJPY,2025.01.22 11:53,false,10.000000
1428,USDJPY,2025.01.22 12:06,false,10.000000
1429,USDJPY,2025.01.22 12:35,false,10.000000
1430,USDJPY,2025.01.22 12:38,false,10.000000
1431,USDJPY,2025.01.22 12:42,false,10.000000
1432,USDJPY,2025.01.22 13:01,false,11.000000
1433,USDJPY,2025.01.22 13:08,false,11.000000
1434,USDJPY,2025.01.22 14:33,false,-2.000000
1435,USDJPY,2025.01.22 14:34,false,-2.000000
1436,USDJPY,2025.01.22 14:42,false,-2.000000
1437,USDJPY,2025.01.22 14:46,false,10.000000
1438,USDJPY,2025.01.22 15:05,true,13.000000
1439,USDJPY,2025.01.22 15:15,false,-2.000000
1440,USDJPY,2025.01.22 15:17,false,-2.000000
1441,USDJPY,2025.01.22 15:27,false,-2.000000
1442,USDJPY,2025.01.22 16:13,false,10.000000
1443,USDJPY,2025.01.22 17:18,false,39.000000
1444,USDJPY,2025.01.22 17:21,false,39.000000
1445,USDJPY,2025.01.22 17:24,false,39.000000
1446,USDJPY,2025.01.22 18:31,false,19.000000
1447,USDJPY,2025.01.22 18:58,false,68.000000
1448,USDJPY,2025.01.22 19:09,false,45.000000
1449,USDJPY,2025.01.22 19:14,false,68.000000
1450,USDJPY,2025.01.22 19:15,false,68.000000
1451,USDJPY,2025.01.22 20:31,true,2.000000
1452,USDJPY,2025.01.22 20:41,true,2.000000
1453,USDJPY,2025.01.22 20:45,false,19.000000
1454,USDJPY,2025.01.22 21:02,false,44.000000
1455,USDJPY,2025.01.22 21:04,false,19.000000
1456,USDJPY,2025.01.22 21:20,true,14.000000
1457,USDJPY,2025.01.22 21:27,false,7.000000
1458,USDJPY,2025.01.22 21:32,true,14.000000
1459,USDJPY,2025.01.22 21:35,false,7.000000
1460,USDJPY,2025.01.22 21:51,false,7.000000
1461,USDJPY,2025.01.22 21:58,false,7.000000
1462,USDJPY,2025.01.22 22:04,false,7.000000
1463,USDJPY,2025.01.22 22:58,false,7.000000
1464,USDJPY,2025.01.22 23:29,false,7.000000
1465,USDJPY,2025.01.22 23:34,true,14.000000
1466,USDJPY,2025.01.23 00:18,true,7.000000
1467,USDJPY,2025.01.23 00:32,false,12.000000
1468,USDJPY,2025.01.23 01:01,false,12.000000
1469,USDJPY,2025.01.23 01:04,true,-12.000000
1470,USDJPY,2025.01.23 01:13,true,-12.000000
1471,USDJPY,2025.01.23 01:40,false,12.000000
1472,USDJPY,2025.01.23 01:43,false,12.000000
1473,USDJPY,2025.01.23 01:44,false,12.000000
1474,USDJPY,2025.01.23 01:48,true,7.000000
1475,USDJPY,2025.01.23 01:51,true,-12.000000
1476,USDJPY,2025.01.23 01:52,false,12.000000
1477,USDJPY,2025.01.23 02:13,true,8.000000
1478,USDJPY,2025.01.23 02:15,true,8.000000
1479,USDJPY,2025.01.23 02:18,true,8.000000
1480,USDJPY,2025.01.23 02:25,true,8.000000
1481,USDJPY,2025.01.23 02:53,true,19.000000
1482,USDJPY,2025.01.23 02:55,false,0.000000
1483,USDJPY,2025.01.23 02:59,false,0.000000
1484,USDJPY,2025.01.23 03:00,false,0.000000
1485,USDJPY,2025.01.23 03:03,false,0.000000
1486,USDJPY,2025.01.23 03:04,false,0.000000
1487,USDJPY,2025.01.23 04:20,true,0.000000
1488,USDJPY,2025.01.23 05:01,false,0.000000
1489,USDJPY,2025.01.23 05:14,false,0.000000
1490,USDJPY,2025.01.23 05:49,false,0.000000
1491,USDJPY,2025.01.23 05:52,false,0.000000
1492,USDJPY,2025.01.23 05:53,true,0.000000
1493,USDJPY,2025.01.23 05:55,false,0.000000
1494,USDJPY,2025.01.23 05:58,false,0.000000
1495,USDJPY,2025.01.23 06:14,true,0.000000
1496,USDJPY,2025.01.23 06:19,true,0.000000
1497,USDJPY,2025.01.23 07:35,false,-12.000000
1498,USDJPY,2025.01.23 07:50,false,-12.000000
1499,USDJPY,2025.01.23 08:48,true,0.000000
1500,USDJPY,2025.01.23 08:50,true,1.000000
1501,USDJPY,2025.01.23 08:51,true,1.000000
1502,USDJPY,2025.01.23 09:07,true,12.000000
1503,USDJPY,2025.01.23 09:17,true,12.000000
1504,USDJPY,2025.01.23 09:29,false,-11.000000
1505,USDJPY,2025.01.23 09:36,true,12.000000
1506,USDJPY,2025.01.23 09:41,false,-11.000000
1507,USDJPY,2025.01.23 10:32,false,-11.000000
1508,USDJPY,2025.01.23 10:35,false,-11.000000
1509,USDJPY,2025.01.23 10:51,false,0.000000
1510,USDJPY,2025.01.23 10:55,false,0.000000
1511,USDJPY,2025.01.23 11:19,false,0.000000
1512,USDJPY,2025.01.23 11:40,true,12.000000
1513,USDJPY,2025.01.23 11:45,true,1.000000
1514,USDJPY,2025.01.23 13:43,false,-12.000000
1515,USDJPY,2025.01.23 13:51,false,-12.000000
1516,USDJPY,2025.01.23 14:04,false,-12.000000
1517,USDJPY,2025.01.23 14:15,false,-12.000000
1518,USDJPY,2025.01.23 14:30,false,-12.000000
1519,USDJPY,2025.01.23 14:38,false,-12.000000
1520,USDJPY,2025.01.23 14:40,false,-12.000000
1521,USDJPY,2025.01.23 14:50,false,-12.000000
1522,USDJPY,2025.01.23 15:30,false,-12.000000
1523,USDJPY,2025.01.23 15:41,true,31.000000
1524,USDJPY,2025.01.23 15:51,false,0.000000
1525,USDJPY,2025.01.23 15:58,false,0.000000
1526,USDJPY,2025.01.23 16:02,true,31.000000
1527,USDJPY,2025.01.23 16:04,false,-12.000000
1528,USDJPY,2025.01.23 16:41,false,-12.000000
1529,USDJPY,2025.01.23 17:08,false,-12.000000
1530,USDJPY,2025.01.23 17:27,false,-12.000000
1531,USDJPY,2025.01.23 17:33,false,-12.000000
1532,USDJPY,2025.01.23 18:01,true,31.000000
1533,USDJPY,2025.01.23 18:47,true,0.000000
1534,USDJPY,2025.01.23 19:30,false,0.000000
1535,USDJPY,2025.01.23 19:32,false,0.000000
1536,USDJPY,2025.01.23 19:52,true,0.000000
1537,USDJPY,2025.01.23 19:59,true,-12.000000
1538,USDJPY,2025.01.23 20:08,true,-12.000000
1539,USDJPY,2025.01.23 20:17,true,-12.000000
1540,USDJPY,2025.01.23 20:18,true,-12.000000
1541,USDJPY,2025.01.23 20:49,true,-12.000000
1542,USDJPY,2025.01.23 20:53,false,12.000000
1543,USDJPY,2025.01.23 20:54,false,12.000000
1544,USDJPY,2025.01.23 20:55,true,-12.000000
1545,USDJPY,2025.01.23 21:08,false,13.000000
1546,USDJPY,2025.01.23 21:10,false,13.000000
1547,USDJPY,2025.01.23 21:11,false,13.000000
1548,USDJPY,2025.01.23 21:12,false,13.000000
1549,USDJPY,2025.01.23 21:15,false,13.000000
1550,USDJPY,2025.01.23 21:17,false,13.000000
1551,USDJPY,2025.01.23 21:18,false,13.000000
1552,USDJPY,2025.01.23 23:21,false,0.000000
1553,USDJPY,2025.01.23 23:56,false,0.000000
1554,USDJPY,2025.01.23 23:59,false,-2.000000
1555,USDJPY,2025.01.24 00:06,false,-2.000000
1556,USDJPY,2025.01.24 00:08,true,2.000000
1557,USDJPY,2025.01.24 00:11,true,2.000000
1558,USDJPY,2025.01.24 00:13,true,2.000000
1559,USDJPY,2025.01.24 00:14,true,2.000000
1560,USDJPY,2025.01.24 00:15,false,-2.000000
1561,USDJPY,2025.01.24 00:18,false,-2.000000
1562,USDJPY,2025.01.24 00:27,false,-2.000000
1563,USDJPY,2025.01.24 00:28,true,3.000000
1564,USDJPY,2025.01.24 00:58,false,-2.000000
1565,USDJPY,2025.01.24 01:00,false,-2.000000
1566,USDJPY,2025.01.24 01:08,true,2.000000
1567,USDJPY,2025.01.24 01:12,false,-2.000000
1568,USDJPY,2025.01.24 01:22,false,-2.000000
1569,USDJPY,2025.01.24 02:15,true,-10.000000
1570,USDJPY,2025.01.24 02:17,true,-10.000000
1571,USDJPY,2025.01.24 02:29,false,10.000000
1572,USDJPY,2025.01.24 03:11,false,-1.000000
1573,USDJPY,2025.01.24 03:14,true,-10.000000
1574,USDJPY,2025.01.24 03:17,true,-10.000000
1575,USDJPY,2025.01.24 03:22,true,-10.000000
1576,USDJPY,2025.01.24 03:28,false,10.000000
1577,USDJPY,2025.01.24 03:33,false,10.000000
1578,USDJPY,2025.01.24 03:48,false,10.000000
1579,USDJPY,2025.01.24 03:56,false,10.000000
1580,USDJPY,2025.01.24 03:59,false,10.000000
1581,USDJPY,2025.01.24 04:00,false,10.000000
1582,USDJPY,2025.01.24 04:02,false,10.000000
1583,USDJPY,2025.01.24 04:07,true,-10.000000
1584,USDJPY,2025.01.24 04:13,false,10.000000
1585,USDJPY,2025.01.24 04:16,false,10.000000
1586,USDJPY,2025.01.24 04:19,false,10.000000
1587,USDJPY,2025.01.24 04:21,true,-10.000000
1588,USDJPY,2025.01.24 06:13,false,10.000000
1589,USDJPY,2025.01.24 06:58,true,11.000000
1590,USDJPY,2025.01.24 07:10,true,11.000000
1591,USDJPY,2025.01.24 07:23,true,11.000000
1592,USDJPY,2025.01.24 08:26,true,11.000000
1593,USDJPY,2025.01.24 08:29,true,11.000000
1594,USDJPY,2025.01.24 08:31,true,11.000000
1595,USDJPY,2025.01.24 09:25,false,-2.000000
1596,USDJPY,2025.01.24 09:28,false,-2.000000
1597,USDJPY,2025.01.24 09:34,true,23.000000
1598,USDJPY,2025.01.24 10:39,false,11.000000
1599,USDJPY,2025.01.24 11:02,false,-2.000000
1600,USDJPY,2025.01.24 11:03,false,-2.000000
1601,USDJPY,2025.01.24 11:07,true,24.000000
1602,USDJPY,2025.01.24 11:10,false,-2.000000
1603,USDJPY,2025.01.24 11:11,true,24.000000
1604,USDJPY,2025.01.24 12:56,false,-14.000000
1605,USDJPY,2025.01.24 13:18,false,-2.000000
1606,USDJPY,2025.01.24 13:26,false,-2.000000
1607,USDJPY,2025.01.24 13:28,false,-2.000000
1608,USDJPY,2025.01.24 13:36,false,-2.000000
1609,USDJPY,2025.01.24 13:40,false,-2.000000
1610,USDJPY,2025.01.24 13:45,false,-2.000000
1611,USDJPY,2025.01.24 13:49,false,-2.000000
1612,USDJPY,2025.01.24 14:25,false,-14.000000
1613,USDJPY,2025.01.24 14:30,true,14.000000
1614,USDJPY,2025.01.24 15:04,false,8.000000
1615,USDJPY,2025.01.24 15:29,false,-2.000000
1616,USDJPY,2025.01.24 15:31,false,-2.000000
1617,USDJPY,2025.01.24 15:38,false,-2.000000
1618,USDJPY,2025.01.24 15:51,true,2.000000
1619,USDJPY,2025.01.24 15:55,true,2.000000
1620,USDJPY,2025.01.24 15:57,true,2.000000
1621,USDJPY,2025.01.24 15:58,true,2.000000
1622,USDJPY,2025.01.24 15:59,false,-2.000000
1623,USDJPY,2025.01.24 16:01,true,2.000000
1624,USDJPY,2025.01.24 16:04,true,2.000000
1625,USDJPY,2025.01.24 16:10,true,2.000000
1626,USDJPY,2025.01.24 16:13,false,-2.000000
1627,USDJPY,2025.01.24 16:27,false,-2.000000
1628,USDJPY,2025.01.24 16:31,false,-2.000000
1629,USDJPY,2025.01.24 16:45,false,-2.000000
1630,USDJPY,2025.01.24 16:55,false,-2.000000
1631,USDJPY,2025.01.24 17:21,true,3.000000
1632,USDJPY,2025.01.24 17:26,true,3.000000
1633,USDJPY,2025.01.24 19:15,true,2.000000
1634,USDJPY,2025.01.24 19:38,false,-14.000000
1635,USDJPY,2025.01.24 20:12,false,-14.000000
1636,USDJPY,2025.01.24 20:14,false,-14.000000
1637,USDJPY,2025.01.24 20:15,false,-14.000000
1638,USDJPY,2025.01.24 20:16,true,14.000000
1639,USDJPY,2025.01.24 20:27,false,-14.000000
1640,USDJPY,2025.01.24 20:29,false,-14.000000
1641,USDJPY,2025.01.24 20:51,false,-14.000000
1642,USDJPY,2025.01.24 20:55,false,-14.000000
1643,USDJPY,2025.01.24 21:16,false,-14.000000
1644,USDJPY,2025.01.24 21:17,true,14.000000
1645,USDJPY,2025.01.24 21:24,false,-14.000000
1646,USDJPY,2025.01.24 21:25,true,14.000000
1647,USDJPY,2025.01.24 21:26,false,-14.000000
1648,USDJPY,2025.01.24 22:15,false,-2.000000
1649,USDJPY,2025.01.24 22:17,false,-2.000000
1650,USDJPY,2025.01.24 22:20,false,-2.000000
1651,USDJPY,2025.01.24 22:58,true,2.000000
1652,USDJPY,2025.01.24 23:01,false,-2.000000
1653,USDJPY,2025.01.24 23:34,false,-2.000000
1654,USDJPY,2025.01.24 23:36,false,-2.000000
1655,USDJPY,2025.01.24 23:41,true,2.000000
1656,USDJPY,2025.01.24 23:43,false,-2.000000
1657,USDJPY,2025.01.24 23:52,false,-1.000000
1658,USDJPY,2025.01.27 00:22,false,-2.000000
1659,USDJPY,2025.01.27 00:29,false,-2.000000
1660,USDJPY,2025.01.27 00:35,false,-1.000000
1661,USDJPY,2025.01.27 00:37,false,-1.000000
1662,USDJPY,2025.01.27 00:39,false,-1.000000
1663,USDJPY,2025.01.27 00:41,false,-1.000000
1664,USDJPY,2025.01.27 01:02,false,-13.000000
1665,USDJPY,2025.01.27 01:05,false,-13.000000
1666,USDJPY,2025.01.27 01:08,false,-13.000000
1667,USDJPY,2025.01.27 01:10,false,-13.000000
1668,USDJPY,2025.01.27 01:11,false,-13.000000
1669,USDJPY,2025.01.27 01:25,true,3.000000
1670,USDJPY,2025.01.27 01:30,true,3.000000
1671,USDJPY,2025.01.27 03:00,false,-14.000000
1672,USDJPY,2025.01.27 03:16,true,3.000000
1673,USDJPY,2025.01.27 03:22,true,3.000000
1674,USDJPY,2025.01.27 03:33,false,-2.000000
1675,USDJPY,2025.01.27 03:41,false,-2.000000
1676,USDJPY,2025.01.27 03:43,false,-2.000000
1677,USDJPY,2025.01.27 03:54,true,3.000000
1678,USDJPY,2025.01.27 04:00,true,3.000000
1679,USDJPY,2025.01.27 04:01,false,-2.000000
1680,USDJPY,2025.01.27 04:10,true,3.000000
1681,USDJPY,2025.01.27 04:11,true,3.000000
1682,USDJPY,2025.01.27 04:16,true,3.000000
1683,USDJPY,2025.01.27 04:27,false,-1.000000
1684,USDJPY,2025.01.27 04:42,false,-2.000000
1685,USDJPY,2025.01.27 04:48,false,-2.000000
1686,USDJPY,2025.01.27 04:50,true,3.000000
1687,USDJPY,2025.01.27 04:59,false,-1.000000
1688,USDJPY,2025.01.27 05:24,false,-2.000000
1689,USDJPY,2025.01.27 06:06,false,-1.000000
1690,USDJPY,2025.01.27 06:10,false,-1.000000
1691,USDJPY,2025.01.27 07:10,false,-1.000000
1692,USDJPY,2025.01.27 07:48,true,3.000000
1693,USDJPY,2025.01.27 07:52,true,3.000000
1694,USDJPY,2025.01.27 07:54,true,3.000000
1695,USDJPY,2025.01.27 07:56,true,3.000000
1696,USDJPY,2025.01.27 08:16,false,-14.000000
1697,USDJPY,2025.01.27 08:18,false,-14.000000
1698,USDJPY,2025.01.27 08:24,true,14.000000
1699,USDJPY,2025.01.27 08:41,true,16.000000
1700,USDJPY,2025.01.27 08:52,false,-14.000000
1701,USDJPY,2025.01.27 08:56,true,15.000000
1702,USDJPY,2025.01.27 08:57,false,-14.000000
1703,USDJPY,2025.01.27 09:58,false,-1.000000
1704,USDJPY,2025.01.27 10:00,false,-2.000000
1705,USDJPY,2025.01.27 10:54,true,24.000000
1706,USDJPY,2025.01.27 10:57,true,24.000000
1707,USDJPY,2025.01.27 10:59,true,24.000000
1708,USDJPY,2025.01.27 11:58,true,49.000000
1709,USDJPY,2025.01.27 13:47,false,10.000000
1710,USDJPY,2025.01.27 13:51,false,10.000000
1711,USDJPY,2025.01.27 13:58,true,16.000000
1712,USDJPY,2025.01.27 13:59,false,10.000000
1713,USDJPY,2025.01.27 14:02,false,10.000000
1714,USDJPY,2025.01.27 14:05,true,16.000000
1715,USDJPY,2025.01.27 14:13,false,10.000000
1716,USDJPY,2025.01.27 14:15,false,10.000000
1717,USDJPY,2025.01.27 14:18,false,10.000000
1718,USDJPY,2025.01.27 14:25,false,10.000000
1719,USDJPY,2025.01.27 14:30,false,10.000000
1720,USDJPY,2025.01.27 14:46,false,10.000000
1721,USDJPY,2025.01.27 14:52,false,10.000000
1722,USDJPY,2025.01.27 14:54,false,10.000000
1723,USDJPY,2025.01.27 15:15,false,11.000000
1724,USDJPY,2025.01.27 15:37,false,11.000000
1725,USDJPY,2025.01.27 16:24,false,10.000000
1726,USDJPY,2025.01.27 16:30,true,16.000000
1727,USDJPY,2025.01.27 16:32,true,35.000000
1728,USDJPY,2025.01.27 16:47,false,10.000000
1729,USDJPY,2025.01.27 17:07,true,35.000000
1730,USDJPY,2025.01.27 17:28,true,35.000000
1731,USDJPY,2025.01.27 17:58,true,47.000000
1732,USDJPY,2025.01.27 18:00,true,47.000000
1733,USDJPY,2025.01.27 18:19,true,47.000000
1734,USDJPY,2025.01.27 18:21,true,47.000000
1735,USDJPY,2025.01.27 18:23,true,47.000000
1736,USDJPY,2025.01.27 18:58,false,-2.000000
1737,USDJPY,2025.01.27 18:59,true,47.000000
1738,USDJPY,2025.01.27 19:02,true,47.000000
1739,USDJPY,2025.01.27 19:11,false,-2.000000
1740,USDJPY,2025.01.27 19:30,false,-2.000000
1741,USDJPY,2025.01.27 19:55,true,47.000000
1742,USDJPY,2025.01.27 19:58,true,47.000000
1743,USDJPY,2025.01.27 20:03,true,47.000000
1744,USDJPY,2025.01.27 20:05,true,47.000000
1745,USDJPY,2025.01.27 20:15,true,47.000000
1746,USDJPY,2025.01.27 20:16,true,47.000000
1747,USDJPY,2025.01.27 21:05,false,-2.000000
1748,USDJPY,2025.01.27 21:06,false,-2.000000
1749,USDJPY,2025.01.27 21:21,false,0.000000
1750,USDJPY,2025.01.27 21:43,false,0.000000
1751,USDJPY,2025.01.27 21:47,false,10.000000
1752,USDJPY,2025.01.27 22:03,false,10.000000
1753,USDJPY,2025.01.27 22:14,false,-1.000000
1754,USDJPY,2025.01.27 22:49,false,-2.000000
1755,USDJPY,2025.01.27 22:51,false,-2.000000
1756,USDJPY,2025.01.27 22:52,false,-2.000000
1757,USDJPY,2025.01.27 23:04,true,28.000000
1758,USDJPY,2025.01.27 23:45,true,29.000000
1759,USDJPY,2025.01.27 23:57,true,28.000000
1760,USDJPY,2025.01.28 00:16,true,26.000000
1761,USDJPY,2025.01.28 00:18,true,26.000000
1762,USDJPY,2025.01.28 00:19,true,26.000000
1763,USDJPY,2025.01.28 00:27,true,27.000000
1764,USDJPY,2025.01.28 00:58,false,1.000000
1765,USDJPY,2025.01.28 02:10,false,13.000000
1766,USDJPY,2025.01.28 02:42,false,1.000000
1767,USDJPY,2025.01.28 02:51,false,0.000000
1768,USDJPY,2025.01.28 02:55,true,1.000000
1769,USDJPY,2025.01.28 03:45,false,0.000000
1770,USDJPY,2025.01.28 03:48,true,1.000000
1771,USDJPY,2025.01.28 03:55,true,1.000000
1772,USDJPY,2025.01.28 04:13,true,1.000000
1773,USDJPY,2025.01.28 04:19,true,1.000000
1774,USDJPY,2025.01.28 04:37,true,1.000000
1775,USDJPY,2025.01.28 04:51,false,0.000000
1776,USDJPY,2025.01.28 04:54,false,0.000000
1777,USDJPY,2025.01.28 04:59,false,0.000000
1778,USDJPY,2025.01.28 05:01,false,0.000000
1779,USDJPY,2025.01.28 05:03,true,1.000000
1780,USDJPY,2025.01.28 05:04,true,1.000000
1781,USDJPY,2025.01.28 07:03,true,2.000000
1782,USDJPY,2025.01.28 07:04,true,2.000000
1783,USDJPY,2025.01.28 07:06,true,2.000000
1784,USDJPY,2025.01.28 07:31,true,-11.000000
1785,USDJPY,2025.01.28 07:42,true,-11.000000
1786,USDJPY,2025.01.28 07:53,true,-11.000000
1787,USDJPY,2025.01.28 07:58,true,-11.000000
1788,USDJPY,2025.01.28 08:00,false,12.000000
1789,USDJPY,2025.01.28 08:07,false,12.000000
1790,USDJPY,2025.01.28 08:13,true,-11.000000
1791,USDJPY,2025.01.28 08:29,true,-11.000000
1792,USDJPY,2025.01.28 08:41,false,12.000000
1793,USDJPY,2025.01.28 09:04,true,-11.000000
1794,USDJPY,2025.01.28 09:18,true,-11.000000
1795,USDJPY,2025.01.28 09:54,false,1.000000
1796,USDJPY,2025.01.28 10:04,true,-11.000000
1797,USDJPY,2025.01.28 10:14,true,1.000000
1798,USDJPY,2025.01.28 10:24,false,0.000000
1799,USDJPY,2025.01.28 10:46,true,-11.000000
1800,USDJPY,2025.01.28 10:48,true,-11.000000
1801,USDJPY,2025.01.28 10:52,false,12.000000
1802,USDJPY,2025.01.28 10:56,false,13.000000
1803,USDJPY,2025.01.28 11:07,false,12.000000
1804,USDJPY,2025.01.28 11:08,false,12.000000
1805,USDJPY,2025.01.28 11:13,false,12.000000
1806,USDJPY,2025.01.28 11:25,false,12.000000
1807,USDJPY,2025.01.28 11:27,false,12.000000
1808,USDJPY,2025.01.28 11:28,false,12.000000
1809,USDJPY,2025.01.28 12:07,true,2.000000
1810,USDJPY,2025.01.28 12:19,true,2.000000
1811,USDJPY,2025.01.28 12:22,true,2.000000
1812,USDJPY,2025.01.28 13:58,true,13.000000
1813,USDJPY,2025.01.28 14:04,true,13.000000
1814,USDJPY,2025.01.28 14:26,true,13.000000
1815,USDJPY,2025.01.28 14:29,false,-12.000000
1816,USDJPY,2025.01.28 14:38,false,-12.000000
1817,USDJPY,2025.01.28 14:48,true,14.000000
1818,USDJPY,2025.01.28 14:54,true,14.000000
1819,USDJPY,2025.01.28 14:57,true,13.000000
1820,USDJPY,2025.01.28 14:58,false,-12.000000
1821,USDJPY,2025.01.28 15:19,true,13.000000
1822,USDJPY,2025.01.28 15:25,true,13.000000
1823,USDJPY,2025.01.28 15:26,true,13.000000
1824,USDJPY,2025.01.28 15:29,false,-12.000000
1825,USDJPY,2025.01.28 15:32,false,-12.000000
1826,USDJPY,2025.01.28 15:41,false,-12.000000
1827,USDJPY,2025.01.28 15:44,true,13.000000
1828,USDJPY,2025.01.28 16:07,false,-11.000000
1829,USDJPY,2025.01.28 16:17,true,1.000000
1830,USDJPY,2025.01.28 16:18,true,1.000000
1831,USDJPY,2025.01.28 16:19,false,0.000000
1832,USDJPY,2025.01.28 16:21,true,1.000000
1833,USDJPY,2025.01.28 16:59,true,13.000000
1834,USDJPY,2025.01.28 17:09,false,-11.000000
1835,USDJPY,2025.01.28 17:35,false,-12.000000
1836,USDJPY,2025.01.28 17:39,false,-12.000000
1837,USDJPY,2025.01.28 17:42,false,-11.000000
1838,USDJPY,2025.01.28 17:51,true,13.000000
1839,USDJPY,2025.01.28 18:26,true,1.000000
1840,USDJPY,2025.01.28 18:31,true,1.000000
1841,USDJPY,2025.01.28 18:39,true,1.000000
1842,USDJPY,2025.01.28 18:42,true,1.000000
1843,USDJPY,2025.01.28 18:46,true,1.000000
1844,USDJPY,2025.01.28 19:54,true,1.000000
1845,USDJPY,2025.01.28 19:57,true,1.000000
1846,USDJPY,2025.01.28 20:00,true,1.000000
1847,USDJPY,2025.01.28 20:06,true,1.000000
1848,USDJPY,2025.01.28 20:08,true,1.000000
1849,USDJPY,2025.01.28 20:38,true,1.000000
1850,USDJPY,2025.01.28 20:40,true,1.000000
1851,USDJPY,2025.01.28 20:42,false,0.000000
1852,USDJPY,2025.01.28 20:49,true,1.000000
1853,USDJPY,2025.01.28 20:54,false,0.000000
1854,USDJPY,2025.01.28 21:19,false,0.000000
1855,USDJPY,2025.01.28 21:26,true,1.000000
1856,USDJPY,2025.01.28 21:36,true,1.000000
1857,USDJPY,2025.01.28 21:52,false,0.000000
1858,USDJPY,2025.01.28 21:56,true,1.000000
1859,USDJPY,2025.01.28 21:59,true,13.000000
1860,USDJPY,2025.01.28 22:47,false,-12.000000
1861,USDJPY,2025.01.28 22:59,true,13.000000
1862,USDJPY,2025.01.28 23:00,false,-12.000000
1863,USDJPY,2025.01.28 23:04,true,13.000000
1864,USDJPY,2025.01.28 23:06,true,13.000000
1865,USDJPY,2025.01.28 23:09,true,13.000000
1866,USDJPY,2025.01.28 23:20,false,-12.000000
1867,USDJPY,2025.01.28 23:21,true,13.000000
1868,USDJPY,2025.01.28 23:36,false,-12.000000
1869,USDJPY,2025.01.28 23:39,false,-12.000000
1870,USDJPY,2025.01.28 23:40,false,-12.000000
1871,USDJPY,2025.01.28 23:59,false,-2.000000
1872,USDJPY,2025.01.29 00:27,true,15.000000
1873,USDJPY,2025.01.29 00:38,true,15.000000
1874,USDJPY,2025.01.29 00:43,false,-14.000000
1875,USDJPY,2025.01.29 01:02,false,-14.000000
1876,USDJPY,2025.01.29 02:19,true,15.000000
1877,USDJPY,2025.01.29 02:22,false,-13.000000
1878,USDJPY,2025.01.29 02:27,false,-13.000000
1879,USDJPY,2025.01.29 02:29,false,-2.000000
1880,USDJPY,2025.01.29 02:36,true,3.000000
1881,USDJPY,2025.01.29 02:50,false,-2.000000
1882,USDJPY,2025.01.29 03:18,true,15.000000
1883,USDJPY,2025.01.29 04:05,false,-2.000000
1884,USDJPY,2025.01.29 04:07,false,-2.000000
1885,USDJPY,2025.01.29 04:08,false,-2.000000
1886,USDJPY,2025.01.29 04:12,true,3.000000
1887,USDJPY,2025.01.29 04:15,true,3.000000
1888,USDJPY,2025.01.29 04:27,false,-2.000000
1889,USDJPY,2025.01.29 04:39,false,-2.000000
1890,USDJPY,2025.01.29 04:46,false,-14.000000
1891,USDJPY,2025.01.29 06:09,true,34.000000
1892,USDJPY,2025.01.29 06:13,true,35.000000
1893,USDJPY,2025.01.29 06:15,true,23.000000
1894,USDJPY,2025.01.29 06:18,true,22.000000
1895,USDJPY,2025.01.29 06:24,true,22.000000
1896,USDJPY,2025.01.29 07:05,true,22.000000
1897,USDJPY,2025.01.29 07:08,true,22.000000
1898,USDJPY,2025.01.29 08:03,true,23.000000
1899,USDJPY,2025.01.29 08:33,false,-14.000000
1900,USDJPY,2025.01.29 08:36,false,-14.000000
1901,USDJPY,2025.01.29 08:43,false,-14.000000
1902,USDJPY,2025.01.29 08:53,true,34.000000
1903,USDJPY,2025.01.29 08:57,true,34.000000
1904,USDJPY,2025.01.29 09:09,false,-14.000000
1905,USDJPY,2025.01.29 09:28,false,-14.000000
1906,USDJPY,2025.01.29 09:55,false,-14.000000
1907,USDJPY,2025.01.29 10:04,true,34.000000
1908,USDJPY,2025.01.29 10:52,true,22.000000
1909,USDJPY,2025.01.29 11:00,false,-2.000000
1910,USDJPY,2025.01.29 11:42,true,23.000000
1911,USDJPY,2025.01.29 11:45,true,34.000000
1912,USDJPY,2025.01.29 11:47,true,34.000000
1913,USDJPY,2025.01.29 11:50,true,34.000000
1914,USDJPY,2025.01.29 11:51,true,34.000000
1915,USDJPY,2025.01.29 12:39,true,22.000000
1916,USDJPY,2025.01.29 12:54,false,-14.000000
1917,USDJPY,2025.01.29 12:55,true,34.000000
1918,USDJPY,2025.01.29 12:57,false,-14.000000
1919,USDJPY,2025.01.29 12:58,true,34.000000
1920,USDJPY,2025.01.29 13:01,false,-14.000000
1921,USDJPY,2025.01.29 13:02,false,-14.000000
1922,USDJPY,2025.01.29 13:03,true,34.000000
1923,USDJPY,2025.01.29 13:08,true,34.000000
1924,USDJPY,2025.01.29 13:25,false,-14.000000
1925,USDJPY,2025.01.29 13:28,false,-14.000000
1926,USDJPY,2025.01.29 14:20,true,15.000000
1927,USDJPY,2025.01.29 14:56,true,3.000000
1928,USDJPY,2025.01.29 15:09,false,-2.000000
1929,USDJPY,2025.01.29 15:13,true,23.000000
1930,USDJPY,2025.01.29 15:22,true,34.000000
1931,USDJPY,2025.01.29 15:30,true,34.000000
1932,USDJPY,2025.01.29 15:32,true,34.000000
1933,USDJPY,2025.01.29 15:42,true,34.000000
1934,USDJPY,2025.01.29 16:22,false,-14.000000
1935,USDJPY,2025.01.29 16:26,false,-14.000000
1936,USDJPY,2025.01.29 16:30,false,-14.000000
1937,USDJPY,2025.01.29 16:33,true,15.000000
1938,USDJPY,2025.01.29 16:38,false,-14.000000
1939,USDJPY,2025.01.29 16:41,false,-14.000000
1940,USDJPY,2025.01.29 16:48,true,15.000000
1941,USDJPY,2025.01.29 16:51,true,16.000000
1942,USDJPY,2025.01.29 16:53,true,15.000000
1943,USDJPY,2025.01.29 17:26,true,3.000000
1944,USDJPY,2025.01.29 17:32,true,3.000000
1945,USDJPY,2025.01.29 17:40,false,-2.000000
1946,USDJPY,2025.01.29 18:13,false,-14.000000
1947,USDJPY,2025.01.29 18:23,true,15.000000
1948,USDJPY,2025.01.29 18:26,false,-14.000000
1949,USDJPY,2025.01.29 18:28,false,-14.000000
1950,USDJPY,2025.01.29 19:33,true,15.000000
1951,USDJPY,2025.01.29 19:36,true,15.000000
1952,USDJPY,2025.01.29 20:09,true,15.000000
1953,USDJPY,2025.01.29 20:17,true,15.000000
1954,USDJPY,2025.01.29 20:20,true,15.000000
1955,USDJPY,2025.01.29 20:35,true,15.000000
1956,USDJPY,2025.01.29 20:36,false,-14.000000
1957,USDJPY,2025.01.29 20:39,true,15.000000
1958,USDJPY,2025.01.29 20:59,false,-14.000000
1959,USDJPY,2025.01.29 21:28,false,-14.000000
1960,USDJPY,2025.01.29 21:42,true,16.000000
1961,USDJPY,2025.01.29 21:49,true,4.000000
1962,USDJPY,2025.01.29 21:55,true,4.000000
1963,USDJPY,2025.01.29 22:20,false,-14.000000
1964,USDJPY,2025.01.29 22:28,true,16.000000
1965,USDJPY,2025.01.29 22:32,true,15.000000
1966,USDJPY,2025.01.29 22:53,false,-14.000000
1967,USDJPY,2025.01.29 23:00,false,-14.000000
1968,USDJPY,2025.01.29 23:07,false,-14.000000
1969,USDJPY,2025.01.29 23:12,false,-14.000000
1970,USDJPY,2025.01.29 23:16,true,16.000000
1971,USDJPY,2025.01.29 23:19,true,16.000000
1972,USDJPY,2025.01.29 23:30,true,16.000000
1973,USDJPY,2025.01.29 23:37,true,15.000000
1974,USDJPY,2025.01.29 23:39,true,15.000000
1975,USDJPY,2025.01.29 23:51,false,-14.000000
1976,USDJPY,2025.01.30 01:07,false,10.000000
1977,USDJPY,2025.01.30 01:08,true,-9.000000
1978,USDJPY,2025.01.30 01:14,false,10.000000
1979,USDJPY,2025.01.30 01:17,true,-8.000000
1980,USDJPY,2025.01.30 02:13,false,-2.000000
1981,USDJPY,2025.01.30 02:16,false,10.000000
1982,USDJPY,2025.01.30 02:48,false,10.000000
1983,USDJPY,2025.01.30 03:17,false,10.000000
1984,USDJPY,2025.01.30 03:36,false,10.000000
1985,USDJPY,2025.01.30 03:42,true,-9.000000
1986,USDJPY,2025.01.30 03:44,false,10.000000
1987,USDJPY,2025.01.30 03:50,false,10.000000
1988,USDJPY,2025.01.30 03:51,true,-9.000000
1989,USDJPY,2025.01.30 03:52,false,10.000000
1990,USDJPY,2025.01.30 03:53,true,-9.000000
1991,USDJPY,2025.01.30 03:55,true,-9.000000
1992,USDJPY,2025.01.30 03:57,true,-9.000000
1993,USDJPY,2025.01.30 03:58,true,-9.000000
1994,USDJPY,2025.01.30 03:59,true,-9.000000
1995,USDJPY,2025.01.30 04:09,true,-8.000000
1996,USDJPY,2025.01.30 04:12,true,-8.000000
1997,USDJPY,2025.01.30 04:32,true,-8.000000
1998,USDJPY,2025.01.30 04:57,false,-2.000000
1999,USDJPY,2025.01.30 05:14,false,-2.000000
2000,USDJPY,2025.01.30 05:21,true,4.000000
2001,USDJPY,2025.01.30 05:34,false,-2.000000
2002,USDJPY,2025.01.30 05:42,false,-2.000000
2003,USDJPY,2025.01.30 05:47,false,-2.000000
2004,USDJPY,2025.01.30 06:04,true,3.000000
2005,USDJPY,2025.01.30 06:06,false,-2.000000
2006,USDJPY,2025.01.30 06:09,true,3.000000
2007,USDJPY,2025.01.30 06:10,true,3.000000
2008,USDJPY,2025.01.30 06:12,true,3.000000
2009,USDJPY,2025.01.30 06:58,false,-2.000000
2010,USDJPY,2025.01.30 07:02,false,-2.000000
2011,USDJPY,2025.01.30 07:07,false,-2.000000
2012,USDJPY,2025.01.30 07:11,true,3.000000
2013,USDJPY,2025.01.30 07:15,true,3.000000
2014,USDJPY,2025.01.30 07:24,true,3.000000
2015,USDJPY,2025.01.30 07:49,false,-2.000000
2016,USDJPY,2025.01.30 07:51,false,-2.000000
2017,USDJPY,2025.01.30 07:56,false,-2.000000
2018,USDJPY,2025.01.30 08:01,false,-2.000000
2019,USDJPY,2025.01.30 08:24,true,-9.000000
2020,USDJPY,2025.01.30 08:34,false,10.000000
2021,USDJPY,2025.01.30 08:37,false,10.000000
2022,USDJPY,2025.01.30 08:41,false,10.000000
2023,USDJPY,2025.01.30 08:46,true,-9.000000
2024,USDJPY,2025.01.30 09:09,false,-2.000000
2025,USDJPY,2025.01.30 09:31,false,10.000000
2026,USDJPY,2025.01.30 09:42,false,10.000000
2027,USDJPY,2025.01.30 09:44,true,-9.000000
2028,USDJPY,2025.01.30 10:13,true,-9.000000
2029,USDJPY,2025.01.30 10:20,false,10.000000
2030,USDJPY,2025.01.30 10:34,false,10.000000
2031,USDJPY,2025.01.30 10:37,false,10.000000
2032,USDJPY,2025.01.30 10:40,false,10.000000
2033,USDJPY,2025.01.30 10:44,true,-9.000000
2034,USDJPY,2025.01.30 11:39,true,-9.000000
2035,USDJPY,2025.01.30 11:46,false,10.000000
2036,USDJPY,2025.01.30 11:51,false,10.000000
2037,USDJPY,2025.01.30 11:52,false,10.000000
2038,USDJPY,2025.01.30 12:00,true,-9.000000
2039,USDJPY,2025.01.30 12:06,false,11.000000
2040,USDJPY,2025.01.30 12:08,false,11.000000
2041,USDJPY,2025.01.30 12:12,true,-9.000000
2042,USDJPY,2025.01.30 12:18,true,-9.000000
2043,USDJPY,2025.01.30 12:22,true,-9.000000
2044,USDJPY,2025.01.30 12:38,false,10.000000
2045,USDJPY,2025.01.30 12:51,false,10.000000
2046,USDJPY,2025.01.30 13:05,false,11.000000
2047,USDJPY,2025.01.30 13:16,true,-9.000000
2048,USDJPY,2025.01.30 13:24,false,10.000000
2049,USDJPY,2025.01.30 13:56,true,-9.000000
2050,USDJPY,2025.01.30 13:57,true,-9.000000
2051,USDJPY,2025.01.30 14:00,false,10.000000
2052,USDJPY,2025.01.30 14:08,false,10.000000
2053,USDJPY,2025.01.30 14:09,false,10.000000
2054,USDJPY,2025.01.30 15:30,true,-8.000000
2055,USDJPY,2025.01.30 15:44,true,-9.000000
2056,USDJPY,2025.01.30 16:06,false,10.000000
2057,USDJPY,2025.01.30 16:15,false,-2.000000
2058,USDJPY,2025.01.30 16:18,true,3.000000
2059,USDJPY,2025.01.30 16:22,false,-2.000000
2060,USDJPY,2025.01.30 16:37,true,-9.000000
2061,USDJPY,2025.01.30 16:47,true,-9.000000
2062,USDJPY,2025.01.30 16:56,true,-9.000000
2063,USDJPY,2025.01.30 17:00,false,10.000000
2064,USDJPY,2025.01.30 17:01,false,10.000000
2065,USDJPY,2025.01.30 17:22,false,10.000000
2066,USDJPY,2025.01.30 17:28,true,-9.000000
2067,USDJPY,2025.01.30 17:45,true,3.000000
2068,USDJPY,2025.01.30 19:04,false,-1.000000
2069,USDJPY,2025.01.30 19:13,false,-1.000000
2070,USDJPY,2025.01.30 19:14,false,10.000000
2071,USDJPY,2025.01.30 19:19,false,10.000000
2072,USDJPY,2025.01.30 20:10,false,-2.000000
2073,USDJPY,2025.01.30 20:11,false,-2.000000
2074,USDJPY,2025.01.30 20:19,false,-2.000000
2075,USDJPY,2025.01.30 20:22,true,3.000000
2076,USDJPY,2025.01.30 20:59,true,-9.000000
2077,USDJPY,2025.01.30 21:06,true,-9.000000
2078,USDJPY,2025.01.30 21:58,true,-9.000000
2079,USDJPY,2025.01.30 22:36,true,-8.000000
2080,USDJPY,2025.01.30 22:37,true,-8.000000
2081,USDJPY,2025.01.30 22:49,true,3.000000
2082,USDJPY,2025.01.30 22:55,true,3.000000
2083,USDJPY,2025.01.31 01:24,true,3.000000
2084,USDJPY,2025.01.31 01:28,false,-1.000000
2085,USDJPY,2025.01.31 01:52,true,-9.000000
2086,USDJPY,2025.01.31 02:35,true,3.000000
2087,USDJPY,2025.01.31 02:39,true,3.000000
2088,USDJPY,2025.01.31 02:59,false,-1.000000
2089,USDJPY,2025.01.31 03:04,false,-2.000000
2090,USDJPY,2025.01.31 03:12,false,-2.000000
2091,USDJPY,2025.01.31 03:17,false,10.000000
2092,USDJPY,2025.01.31 03:28,false,10.000000
2093,USDJPY,2025.01.31 03:51,true,3.000000
2094,USDJPY,2025.01.31 04:03,false,-2.000000
2095,USDJPY,2025.01.31 04:06,false,-2.000000
2096,USDJPY,2025.01.31 04:08,false,-2.000000
2097,USDJPY,2025.01.31 04:10,false,-2.000000
2098,USDJPY,2025.01.31 04:19,false,-2.000000
2099,USDJPY,2025.01.31 04:25,true,4.000000
2100,USDJPY,2025.01.31 05:01,false,-1.000000
2101,USDJPY,2025.01.31 05:20,true,3.000000
2102,USDJPY,2025.01.31 05:22,true,3.000000
2103,USDJPY,2025.01.31 05:38,false,-1.000000
2104,USDJPY,2025.01.31 05:43,false,-1.000000
2105,USDJPY,2025.01.31 07:51,false,19.000000
2106,USDJPY,2025.01.31 08:23,false,5.000000
2107,USDJPY,2025.01.31 08:27,false,5.000000
2108,USDJPY,2025.01.31 08:28,false,5.000000
2109,USDJPY,2025.01.31 09:07,true,17.000000
2110,USDJPY,2025.01.31 09:09,true,17.000000
2111,USDJPY,2025.01.31 09:12,true,17.000000
2112,USDJPY,2025.01.31 09:21,false,26.000000
2113,USDJPY,2025.01.31 09:30,true,15.000000
2114,USDJPY,2025.01.31 09:39,true,15.000000
2115,USDJPY,2025.01.31 09:40,true,15.000000
2116,USDJPY,2025.01.31 09:42,true,15.000000
2117,USDJPY,2025.01.31 09:50,false,38.000000
2118,USDJPY,2025.01.31 09:53,false,38.000000
2119,USDJPY,2025.01.31 09:57,false,38.000000
2120,USDJPY,2025.01.31 10:04,false,38.000000
2121,USDJPY,2025.01.31 10:05,false,38.000000
2122,USDJPY,2025.01.31 10:14,false,26.000000
2123,USDJPY,2025.01.31 10:22,true,15.000000
2124,USDJPY,2025.01.31 10:27,true,15.000000
2125,USDJPY,2025.01.31 10:38,false,38.000000
2126,USDJPY,2025.01.31 10:40,false,38.000000
2127,USDJPY,2025.01.31 10:57,false,19.000000
2128,USDJPY,2025.01.31 10:59,false,19.000000
2129,USDJPY,2025.01.31 11:26,true,3.000000
2130,USDJPY,2025.01.31 11:35,false,19.000000
2131,USDJPY,2025.01.31 11:40,true,4.000000
2132,USDJPY,2025.01.31 11:43,true,4.000000
2133,USDJPY,2025.01.31 11:45,true,4.000000
2134,USDJPY,2025.01.31 12:41,false,26.000000
2135,USDJPY,2025.01.31 12:57,false,26.000000
2136,USDJPY,2025.01.31 13:02,false,26.000000
2137,USDJPY,2025.01.31 13:12,true,16.000000
2138,USDJPY,2025.01.31 13:26,true,16.000000
2139,USDJPY,2025.01.31 13:28,true,16.000000
2140,USDJPY,2025.01.31 13:31,true,15.000000
2141,USDJPY,2025.01.31 13:39,false,26.000000
2142,USDJPY,2025.01.31 13:45,false,26.000000
2143,USDJPY,2025.01.31 13:49,false,26.000000
2144,USDJPY,2025.01.31 14:12,false,6.000000
2145,USDJPY,2025.01.31 14:32,false,6.000000
2146,USDJPY,2025.01.31 14:46,false,6.000000
2147,USDJPY,2025.01.31 14:57,true,15.000000
2148,USDJPY,2025.01.31 15:04,false,5.000000
2149,USDJPY,2025.01.31 15:11,false,5.000000
2150,USDJPY,2025.01.31 15:16,false,6.000000
2151,USDJPY,2025.01.31 15:18,false,6.000000
2152,USDJPY,2025.01.31 15:19,false,6.000000
2153,USDJPY,2025.01.31 15:21,true,15.000000
2154,USDJPY,2025.01.31 15:22,false,6.000000
2155,USDJPY,2025.01.31 15:24,false,6.000000
2156,USDJPY,2025.01.31 15:43,true,3.000000
2157,USDJPY,2025.01.31 16:17,false,5.000000
2158,USDJPY,2025.01.31 16:21,true,15.000000
2159,USDJPY,2025.01.31 16:42,false,5.000000
2160,USDJPY,2025.01.31 17:23,true,4.000000
2161,USDJPY,2025.01.31 17:40,true,4.000000
2162,USDJPY,2025.01.31 18:42,false,6.000000
2163,USDJPY,2025.01.31 18:59,false,17.000000
2164,USDJPY,2025.01.31 20:10,false,5.000000
2165,USDJPY,2025.01.31 21:02,false,-14.000000
2166,USDJPY,2025.01.31 21:40,false,-14.000000
2167,USDJPY,2025.01.31 21:45,false,-14.000000
2168,USDJPY,2025.01.31 22:13,false,-14.000000
2169,USDJPY,2025.01.31 22:21,true,15.000000
2170,USDJPY,2025.01.31 22:28,true,15.000000
2171,USDJPY,2025.01.31 22:30,true,15.000000
2172,USDJPY,2025.01.31 22:37,true,15.000000
2173,USDJPY,2025.01.31 23:23,true,15.000000
2174,USDJPY,2025.01.31 23:31,false,-14.000000
2175,USDJPY,2025.01.31 23:38,true,15.000000
2176,USDJPY,2025.01.31 23:40,true,15.000000
2177,USDJPY,2025.01.31 23:43,false,-14.000000
2178,USDJPY,2025.02.03 00:22,true,15.000000
2179,USDJPY,2025.02.03 00:27,true,15.000000
2180,USDJPY,2025.02.03 00:55,false,-14.000000
2181,USDJPY,2025.02.03 01:26,false,-13.000000
2182,USDJPY,2025.02.03 01:35,true,3.000000
2183,USDJPY,2025.02.03 01:46,false,-2.000000
2184,USDJPY,2025.02.03 01:50,true,3.000000
2185,USDJPY,2025.02.03 01:59,false,-14.000000
2186,USDJPY,2025.02.03 02:35,false,19.000000
2187,USDJPY,2025.02.03 03:09,false,19.000000
2188,USDJPY,2025.02.03 03:11,true,3.000000
2189,USDJPY,2025.02.03 03:14,true,3.000000
2190,USDJPY,2025.02.03 03:19,false,19.000000
2191,USDJPY,2025.02.03 03:23,true,3.000000
2192,USDJPY,2025.02.03 03:27,false,19.000000
2193,USDJPY,2025.02.03 04:12,false,19.000000
2194,USDJPY,2025.02.03 04:17,false,19.000000
2195,USDJPY,2025.02.03 05:09,false,-2.000000
2196,USDJPY,2025.02.03 05:19,false,20.000000
2197,USDJPY,2025.02.03 05:21,true,3.000000
2198,USDJPY,2025.02.03 05:25,false,-2.000000
2199,USDJPY,2025.02.03 05:28,false,20.000000
2200,USDJPY,2025.02.03 06:02,true,3.000000
2201,USDJPY,2025.02.03 06:23,false,19.000000
2202,USDJPY,2025.02.03 06:41,true,3.000000
2203,USDJPY,2025.02.03 06:45,true,3.000000
2204,USDJPY,2025.02.03 07:16,true,4.000000
2205,USDJPY,2025.02.03 07:52,true,3.000000
2206,USDJPY,2025.02.03 08:16,true,-9.000000
2207,USDJPY,2025.02.03 08:25,true,10.000000
2208,USDJPY,2025.02.03 09:21,true,-9.000000
2209,USDJPY,2025.02.03 09:24,true,-9.000000
2210,USDJPY,2025.02.03 10:05,false,11.000000
2211,USDJPY,2025.02.03 10:13,true,-9.000000
2212,USDJPY,2025.02.03 10:14,true,-9.000000
2213,USDJPY,2025.02.03 10:17,true,-9.000000
2214,USDJPY,2025.02.03 10:38,false,10.000000
2215,USDJPY,2025.02.03 11:02,false,10.000000
2216,USDJPY,2025.02.03 11:47,true,-8.000000
2217,USDJPY,2025.02.03 12:18,true,3.000000
2218,USDJPY,2025.02.03 12:23,true,3.000000
2219,USDJPY,2025.02.03 13:37,true,3.000000
2220,USDJPY,2025.02.03 13:54,false,10.000000
2221,USDJPY,2025.02.03 14:17,true,-9.000000
2222,USDJPY,2025.02.03 14:19,true,-9.000000
2223,USDJPY,2025.02.03 15:04,false,-1.000000
2224,USDJPY,2025.02.03 15:10,false,-2.000000
2225,USDJPY,2025.02.03 15:11,false,-2.000000
2226,USDJPY,2025.02.03 15:18,false,-2.000000
2227,USDJPY,2025.02.03 15:43,false,-1.000000
2228,USDJPY,2025.02.03 16:00,true,-9.000000
2229,USDJPY,2025.02.03 16:08,true,-9.000000
2230,USDJPY,2025.02.03 16:19,false,10.000000
2231,USDJPY,2025.02.03 16:21,false,10.000000
2232,USDJPY,2025.02.03 16:58,true,-9.000000
2233,USDJPY,2025.02.03 16:59,false,10.000000
2234,USDJPY,2025.02.03 17:00,true,-9.000000
2235,USDJPY,2025.02.03 17:53,true,3.000000
2236,USDJPY,2025.02.03 18:03,true,-9.000000
2237,USDJPY,2025.02.03 18:36,true,-9.000000
2238,USDJPY,2025.02.03 18:41,true,-9.000000
2239,USDJPY,2025.02.03 18:42,true,-9.000000
2240,USDJPY,2025.02.03 18:50,true,-9.000000
2241,USDJPY,2025.02.03 19:52,false,10.000000
2242,USDJPY,2025.02.03 19:55,false,10.000000
2243,USDJPY,2025.02.03 20:02,false,10.000000
2244,USDJPY,2025.02.03 20:11,false,10.000000
2245,USDJPY,2025.02.03 20:19,false,10.000000
2246,USDJPY,2025.02.03 21:18,false,17.000000
2247,USDJPY,2025.02.03 21:22,false,17.000000
2248,USDJPY,2025.02.03 21:41,true,3.000000
2249,USDJPY,2025.02.03 21:45,true,-8.000000
2250,USDJPY,2025.02.03 21:48,true,-8.000000
2251,USDJPY,2025.02.03 21:53,true,-8.000000
2252,USDJPY,2025.02.03 21:58,true,-8.000000
2253,USDJPY,2025.02.03 21:59,true,3.000000
2254,USDJPY,2025.02.03 22:01,true,3.000000
2255,USDJPY,2025.02.03 22:24,true,4.000000
2256,USDJPY,2025.02.03 23:49,false,-2.000000
2257,USDJPY,2025.02.03 23:53,false,18.000000
2258,USDJPY,2025.02.04 00:12,true,-8.000000
2259,USDJPY,2025.02.04 00:16,true,-8.000000
2260,USDJPY,2025.02.04 00:17,true,-8.000000
2261,USDJPY,2025.02.04 01:48,false,29.000000
2262,USDJPY,2025.02.04 02:00,false,17.000000
2263,USDJPY,2025.02.04 02:02,false,17.000000
2264,USDJPY,2025.02.04 02:45,false,17.000000
2265,USDJPY,2025.02.04 02:52,false,17.000000
2266,USDJPY,2025.02.04 03:01,false,17.000000
2267,USDJPY,2025.02.04 03:18,true,3.000000
2268,USDJPY,2025.02.04 03:22,true,3.000000
2269,USDJPY,2025.02.04 03:23,true,3.000000
2270,USDJPY,2025.02.04 03:25,true,3.000000
2271,USDJPY,2025.02.04 03:26,true,3.000000
2272,USDJPY,2025.02.04 04:06,true,3.000000
2273,USDJPY,2025.02.04 04:30,false,-2.000000
2274,USDJPY,2025.02.04 04:37,false,-2.000000
2275,USDJPY,2025.02.04 04:58,true,3.000000
2276,USDJPY,2025.02.04 05:23,true,-9.000000
2277,USDJPY,2025.02.04 05:26,true,-9.000000
2278,USDJPY,2025.02.04 05:47,false,-1.000000
2279,USDJPY,2025.02.04 05:50,false,-1.000000
2280,USDJPY,2025.02.04 05:56,false,-2.000000
2281,USDJPY,2025.02.04 05:58,false,-2.000000
2282,USDJPY,2025.02.04 06:13,false,10.000000
2283,USDJPY,2025.02.04 06:23,false,10.000000
2284,USDJPY,2025.02.04 06:26,false,10.000000
2285,USDJPY,2025.02.04 06:28,false,10.000000
2286,USDJPY,2025.02.04 06:35,false,10.000000
2287,USDJPY,2025.02.04 07:54,false,-2.000000
2288,USDJPY,2025.02.04 08:05,false,17.000000
2289,USDJPY,2025.02.04 08:08,false,17.000000
2290,USDJPY,2025.02.04 08:13,false,17.000000
2291,USDJPY,2025.02.04 08:16,false,17.000000
2292,USDJPY,2025.02.04 08:35,false,18.000000
2293,USDJPY,2025.02.04 08:36,false,17.000000
2294,USDJPY,2025.02.04 08:41,true,3.000000
2295,USDJPY,2025.02.04 09:06,true,3.000000
2296,USDJPY,2025.02.04 09:22,false,17.000000
2297,USDJPY,2025.02.04 09:25,false,17.000000
2298,USDJPY,2025.02.04 09:26,true,3.000000
2299,USDJPY,2025.02.04 09:30,true,3.000000
2300,USDJPY,2025.02.04 09:32,false,17.000000
2301,USDJPY,2025.02.04 09:45,true,4.000000
2302,USDJPY,2025.02.04 09:59,false,17.000000
2303,USDJPY,2025.02.04 11:25,true,3.000000
2304,USDJPY,2025.02.04 11:34,false,10.000000
2305,USDJPY,2025.02.04 11:56,false,18.000000
2306,USDJPY,2025.02.04 12:24,false,18.000000
2307,USDJPY,2025.02.04 12:41,false,29.000000
2308,USDJPY,2025.02.04 13:08,false,29.000000
2309,USDJPY,2025.02.04 13:13,false,29.000000
2310,USDJPY,2025.02.04 13:32,true,3.000000
2311,USDJPY,2025.02.04 13:35,true,3.000000
2312,USDJPY,2025.02.04 13:42,false,18.000000
2313,USDJPY,2025.02.04 13:51,false,29.000000
2314,USDJPY,2025.02.04 14:05,false,30.000000
2315,USDJPY,2025.02.04 14:42,true,-9.000000
2316,USDJPY,2025.02.04 14:46,true,-9.000000
2317,USDJPY,2025.02.04 14:53,true,-9.000000
2318,USDJPY,2025.02.04 15:00,true,-9.000000
2319,USDJPY,2025.02.04 15:02,true,-9.000000
2320,USDJPY,2025.02.04 15:03,false,29.000000
2321,USDJPY,2025.02.04 15:04,false,29.000000
2322,USDJPY,2025.02.04 15:06,false,29.000000
2323,USDJPY,2025.02.04 15:11,false,29.000000
2324,USDJPY,2025.02.04 15:14,true,-9.000000
2325,USDJPY,2025.02.04 15:20,true,-9.000000
2326,USDJPY,2025.02.04 15:23,true,-9.000000
2327,USDJPY,2025.02.04 15:28,true,-9.000000
2328,USDJPY,2025.02.04 15:40,true,-9.000000
2329,USDJPY,2025.02.04 15:45,true,-9.000000
2330,USDJPY,2025.02.04 15:56,false,29.000000
2331,USDJPY,2025.02.04 16:05,true,-8.000000
2332,USDJPY,2025.02.04 16:28,true,-8.000000
2333,USDJPY,2025.02.04 16:35,false,10.000000
2334,USDJPY,2025.02.04 16:56,true,-9.000000
2335,USDJPY,2025.02.04 18:14,true,-9.000000
2336,USDJPY,2025.02.04 18:19,true,-9.000000
2337,USDJPY,2025.02.04 18:38,true,-9.000000
2338,USDJPY,2025.02.04 18:40,true,-9.000000
2339,USDJPY,2025.02.04 19:10,false,-1.000000
2340,USDJPY,2025.02.04 19:12,false,-2.000000
2341,USDJPY,2025.02.04 19:15,false,10.000000
2342,USDJPY,2025.02.04 19:17,false,10.000000
2343,USDJPY,2025.02.04 20:20,false,10.000000
2344,USDJPY,2025.02.04 20:22,true,-9.000000
2345,USDJPY,2025.02.04 20:33,true,-9.000000
2346,USDJPY,2025.02.04 20:34,true,-9.000000
2347,USDJPY,2025.02.04 20:36,false,10.000000
2348,USDJPY,2025.02.04 21:03,false,10.000000
2349,USDJPY,2025.02.04 21:13,false,10.000000
2350,USDJPY,2025.02.04 21:19,false,10.000000
2351,USDJPY,2025.02.04 21:38,true,-9.000000
2352,USDJPY,2025.02.04 21:53,false,10.000000
2353,USDJPY,2025.02.04 21:55,false,10.000000
2354,USDJPY,2025.02.04 21:58,false,10.000000
2355,USDJPY,2025.02.04 21:59,true,-9.000000
2356,USDJPY,2025.02.04 22:00,false,10.000000
2357,USDJPY,2025.02.04 22:01,true,-9.000000
2358,USDJPY,2025.02.04 22:11,false,10.000000
2359,USDJPY,2025.02.04 22:16,true,-9.000000
2360,USDJPY,2025.02.04 22:18,true,-9.000000
2361,USDJPY,2025.02.04 22:21,true,-9.000000
2362,USDJPY,2025.02.04 22:28,false,10.000000
2363,USDJPY,2025.02.04 22:33,true,-9.000000
2364,USDJPY,2025.02.04 22:38,false,10.000000
2365,USDJPY,2025.02.04 22:41,true,-9.000000
2366,USDJPY,2025.02.04 22:53,true,-9.000000
2367,USDJPY,2025.02.04 23:00,true,-9.000000
2368,USDJPY,2025.02.04 23:30,false,10.000000
2369,USDJPY,2025.02.04 23:33,false,10.000000
2370,USDJPY,2025.02.04 23:52,false,10.000000
2371,USDJPY,2025.02.05 00:28,true,-9.000000
2372,USDJPY,2025.02.05 01:04,false,30.000000
2373,USDJPY,2025.02.05 01:10,false,30.000000
2374,USDJPY,2025.02.05 01:30,false,18.000000
2375,USDJPY,2025.02.05 01:49,true,-8.000000
2376,USDJPY,2025.02.05 02:03,false,11.000000
2377,USDJPY,2025.02.05 02:14,false,-1.000000
2378,USDJPY,2025.02.05 02:25,false,-1.000000
2379,USDJPY,2025.02.05 02:49,true,13.000000
2380,USDJPY,2025.02.05 02:52,false,10.000000
2381,USDJPY,2025.02.05 02:56,false,10.000000
2382,USDJPY,2025.02.05 03:31,true,36.000000
2383,USDJPY,2025.02.05 04:01,true,36.000000
2384,USDJPY,2025.02.05 05:53,false,11.000000
2385,USDJPY,2025.02.05 05:57,true,38.000000
2386,USDJPY,2025.02.05 06:07,true,38.000000
2387,USDJPY,2025.02.05 06:12,false,10.000000
2388,USDJPY,2025.02.05 06:15,true,38.000000
2389,USDJPY,2025.02.05 06:16,false,10.000000
2390,USDJPY,2025.02.05 06:17,true,15.000000
2391,USDJPY,2025.02.05 06:19,false,10.000000
2392,USDJPY,2025.02.05 06:26,false,10.000000
2393,USDJPY,2025.02.05 06:40,false,10.000000
2394,USDJPY,2025.02.05 06:43,false,10.000000
2395,USDJPY,2025.02.05 06:44,false,11.000000
2396,USDJPY,2025.02.05 06:46,false,11.000000
2397,USDJPY,2025.02.05 06:48,true,15.000000
2398,USDJPY,2025.02.05 07:22,false,-1.000000
2399,USDJPY,2025.02.05 07:45,false,-1.000000
2400,USDJPY,2025.02.05 07:50,false,-1.000000
2401,USDJPY,2025.02.05 07:53,true,48.000000
2402,USDJPY,2025.02.05 08:03,true,15.000000
2403,USDJPY,2025.02.05 08:08,true,15.000000
2404,USDJPY,2025.02.05 08:11,true,36.000000
2405,USDJPY,2025.02.05 08:14,false,10.000000
2406,USDJPY,2025.02.05 09:02,false,10.000000
2407,USDJPY,2025.02.05 09:13,false,11.000000
2408,USDJPY,2025.02.05 09:21,true,39.000000
2409,USDJPY,2025.02.05 09:23,true,39.000000
2410,USDJPY,2025.02.05 09:34,true,39.000000
2411,USDJPY,2025.02.05 09:41,false,10.000000
2412,USDJPY,2025.02.05 09:43,false,10.000000
2413,USDJPY,2025.02.05 09:52,true,50.000000
2414,USDJPY,2025.02.05 10:15,true,15.000000
2415,USDJPY,2025.02.05 10:23,false,10.000000
2416,USDJPY,2025.02.05 11:48,true,16.000000
2417,USDJPY,2025.02.05 11:50,true,16.000000
2418,USDJPY,2025.02.05 11:52,true,39.000000
2419,USDJPY,2025.02.05 11:54,true,39.000000
2420,USDJPY,2025.02.05 11:56,true,39.000000
2421,USDJPY,2025.02.05 12:45,true,-9.000000
2422,USDJPY,2025.02.05 12:49,true,-9.000000
2423,USDJPY,2025.02.05 12:51,true,-9.000000
2424,USDJPY,2025.02.05 13:13,false,10.000000
2425,USDJPY,2025.02.05 13:18,false,10.000000
2426,USDJPY,2025.02.05 13:20,false,10.000000
2427,USDJPY,2025.02.05 13:26,false,10.000000
2428,USDJPY,2025.02.05 13:27,false,10.000000
2429,USDJPY,2025.02.05 13:31,false,10.000000
2430,USDJPY,2025.02.05 13:39,true,16.000000
2431,USDJPY,2025.02.05 13:42,true,16.000000
2432,USDJPY,2025.02.05 13:46,false,10.000000
2433,USDJPY,2025.02.05 14:16,true,39.000000
2434,USDJPY,2025.02.05 14:34,true,16.000000
2435,USDJPY,2025.02.05 14:38,true,39.000000
2436,USDJPY,2025.02.05 14:52,true,51.000000
2437,USDJPY,2025.02.05 14:57,true,51.000000
2438,USDJPY,2025.02.05 15:30,false,-1.000000
2439,USDJPY,2025.02.05 15:33,true,51.000000
2440,USDJPY,2025.02.05 15:36,false,-1.000000
2441,USDJPY,2025.02.05 15:38,false,-1.000000
2442,USDJPY,2025.02.05 15:59,false,11.000000
2443,USDJPY,2025.02.05 16:27,true,50.000000
2444,USDJPY,2025.02.05 16:30,true,38.000000
2445,USDJPY,2025.02.05 16:32,true,39.000000
2446,USDJPY,2025.02.05 16:35,true,38.000000
2447,USDJPY,2025.02.05 16:41,true,38.000000
2448,USDJPY,2025.02.05 16:42,true,38.000000
2449,USDJPY,2025.02.05 17:23,true,-9.000000
2450,USDJPY,2025.02.05 17:26,true,-9.000000
2451,USDJPY,2025.02.05 18:14,false,10.000000
2452,USDJPY,2025.02.05 19:27,false,10.000000
2453,USDJPY,2025.02.05 19:32,false,11.000000
2454,USDJPY,2025.02.05 19:37,false,11.000000
2455,USDJPY,2025.02.05 19:45,false,11.000000
2456,USDJPY,2025.02.05 19:47,false,10.000000
2457,USDJPY,2025.02.05 19:49,false,10.000000
2458,USDJPY,2025.02.05 20:57,false,10.000000
2459,USDJPY,2025.02.05 21:01,true,-9.000000
2460,USDJPY,2025.02.05 21:03,false,10.000000
2461,USDJPY,2025.02.05 21:52,false,0.000000
2462,USDJPY,2025.02.05 21:54,false,-1.000000
2463,USDJPY,2025.02.05 21:57,false,0.000000
2464,USDJPY,2025.02.05 22:41,false,-1.000000
2465,USDJPY,2025.02.05 22:53,false,-1.000000
2466,USDJPY,2025.02.05 22:58,false,-1.000000
2467,USDJPY,2025.02.05 23:06,true,3.000000
2468,USDJPY,2025.02.05 23:07,false,-1.000000
2469,USDJPY,2025.02.06 00:50,false,12.000000
2470,USDJPY,2025.02.06 00:55,false,12.000000
2471,USDJPY,2025.02.06 00:56,true,-11.000000
2472,USDJPY,2025.02.06 01:00,false,12.000000
2473,USDJPY,2025.02.06 01:01,true,-10.000000
2474,USDJPY,2025.02.06 01:09,true,-11.000000
2475,USDJPY,2025.02.06 01:10,false,12.000000
2476,USDJPY,2025.02.06 01:21,true,1.000000
2477,USDJPY,2025.02.06 01:27,false,2.000000
2478,USDJPY,2025.02.06 01:28,false,2.000000
2479,USDJPY,2025.02.06 01:30,false,12.000000
2480,USDJPY,2025.02.06 02:03,false,1.000000
2481,USDJPY,2025.02.06 02:09,false,1.000000
2482,USDJPY,2025.02.06 02:14,false,1.000000
2483,USDJPY,2025.02.06 02:17,false,1.000000
2484,USDJPY,2025.02.06 02:23,false,1.000000
2485,USDJPY,2025.02.06 02:25,false,1.000000
2486,USDJPY,2025.02.06 02:29,false,1.000000
2487,USDJPY,2025.02.06 02:31,true,1.000000
2488,USDJPY,2025.02.06 03:59,false,12.000000
2489,USDJPY,2025.02.06 04:02,false,13.000000
2490,USDJPY,2025.02.06 04:07,true,-11.000000
2491,USDJPY,2025.02.06 04:44,false,12.000000
2492,USDJPY,2025.02.06 04:48,false,12.000000
2493,USDJPY,2025.02.06 04:55,false,12.000000
2494,USDJPY,2025.02.06 04:58,false,12.000000
2495,USDJPY,2025.02.06 05:01,false,12.000000
2496,USDJPY,2025.02.06 05:20,false,13.000000
2497,USDJPY,2025.02.06 06:07,false,0.000000
2498,USDJPY,2025.02.06 06:08,false,1.000000
2499,USDJPY,2025.02.06 06:14,true,1.000000
2500,USDJPY,2025.02.06 06:16,true,1.000000
2501,USDJPY,2025.02.06 06:55,false,0.000000
2502,USDJPY,2025.02.06 07:00,false,0.000000
2503,USDJPY,2025.02.06 07:20,false,1.000000
2504,USDJPY,2025.02.06 07:23,false,1.000000
2505,USDJPY,2025.02.06 07:43,false,0.000000
2506,USDJPY,2025.02.06 08:20,true,1.000000
2507,USDJPY,2025.02.06 08:25,true,1.000000
2508,USDJPY,2025.02.06 08:36,false,0.000000
2509,USDJPY,2025.02.06 08:42,true,1.000000
2510,USDJPY,2025.02.06 09:22,true,-10.000000
2511,USDJPY,2025.02.06 09:31,false,1.000000
2512,USDJPY,2025.02.06 09:34,false,1.000000
2513,USDJPY,2025.02.06 09:36,true,1.000000
2514,USDJPY,2025.02.06 09:44,true,-11.000000
2515,USDJPY,2025.02.06 10:06,true,1.000000
2516,USDJPY,2025.02.06 10:09,true,1.000000
2517,USDJPY,2025.02.06 10:17,true,1.000000
2518,USDJPY,2025.02.06 12:44,false,0.000000
2519,USDJPY,2025.02.06 12:49,false,0.000000
2520,USDJPY,2025.02.06 14:14,true,-11.000000
2521,USDJPY,2025.02.06 14:30,false,0.000000
2522,USDJPY,2025.02.06 14:36,true,1.000000
2523,USDJPY,2025.02.06 14:40,true,1.000000
2524,USDJPY,2025.02.06 14:47,true,1.000000
2525,USDJPY,2025.02.06 15:18,false,12.000000
2526,USDJPY,2025.02.06 15:19,true,-11.000000
2527,USDJPY,2025.02.06 15:20,true,-11.000000
2528,USDJPY,2025.02.06 15:28,false,12.000000
2529,USDJPY,2025.02.06 16:22,true,-10.000000
2530,USDJPY,2025.02.06 16:55,false,12.000000
2531,USDJPY,2025.02.06 17:13,true,-11.000000
2532,USDJPY,2025.02.06 17:16,true,-11.000000
2533,USDJPY,2025.02.06 17:33,false,12.000000
2534,USDJPY,2025.02.06 17:44,true,1.000000
2535,USDJPY,2025.02.06 18:48,true,-11.000000
2536,USDJPY,2025.02.06 19:05,false,12.000000
2537,USDJPY,2025.02.06 19:06,false,12.000000
2538,USDJPY,2025.02.06 19:07,false,12.000000
2539,USDJPY,2025.02.06 19:09,true,-11.000000
2540,USDJPY,2025.02.06 19:10,false,12.000000
2541,USDJPY,2025.02.06 19:32,false,12.000000
2542,USDJPY,2025.02.06 19:34,false,12.000000
2543,USDJPY,2025.02.06 19:44,true,-11.000000
2544,USDJPY,2025.02.06 19:47,false,12.000000
2545,USDJPY,2025.02.06 19:49,true,-11.000000
2546,USDJPY,2025.02.06 19:50,false,12.000000
2547,USDJPY,2025.02.06 19:52,true,-11.000000
2548,USDJPY,2025.02.06 19:55,false,12.000000
2549,USDJPY,2025.02.06 19:56,true,-11.000000
2550,USDJPY,2025.02.06 19:57,false,12.000000
2551,USDJPY,2025.02.06 21:35,true,1.000000
2552,USDJPY,2025.02.06 21:50,true,1.000000
2553,USDJPY,2025.02.06 21:52,false,0.000000
2554,USDJPY,2025.02.06 21:59,false,0.000000
2555,USDJPY,2025.02.06 22:03,false,0.000000
2556,USDJPY,2025.02.06 22:16,false,0.000000
2557,USDJPY,2025.02.06 22:44,true,1.000000
2558,USDJPY,2025.02.06 22:46,true,1.000000
2559,USDJPY,2025.02.06 22:55,false,0.000000
2560,USDJPY,2025.02.06 22:56,false,0.000000
2561,USDJPY,2025.02.06 23:38,true,1.000000
2562,USDJPY,2025.02.06 23:42,true,1.000000
2563,USDJPY,2025.02.07 00:42,true,-11.000000
2564,USDJPY,2025.02.07 00:43,false,12.000000
2565,USDJPY,2025.02.07 00:51,false,12.000000
2566,USDJPY,2025.02.07 00:53,false,12.000000
2567,USDJPY,2025.02.07 01:41,true,-10.000000
2568,USDJPY,2025.02.07 01:54,true,-11.000000
2569,USDJPY,2025.02.07 02:08,true,-11.000000
2570,USDJPY,2025.02.07 02:41,false,12.000000
2571,USDJPY,2025.02.07 02:58,false,12.000000
2572,USDJPY,2025.02.07 03:46,false,2.000000
2573,USDJPY,2025.02.07 03:53,false,1.000000
2574,USDJPY,2025.02.07 03:56,true,1.000000
2575,USDJPY,2025.02.07 03:58,true,1.000000
2576,USDJPY,2025.02.07 04:00,true,-11.000000
2577,USDJPY,2025.02.07 04:12,true,-11.000000
2578,USDJPY,2025.02.07 04:42,true,1.000000
2579,USDJPY,2025.02.07 04:49,true,1.000000
2580,USDJPY,2025.02.07 05:55,false,13.000000
2581,USDJPY,2025.02.07 06:03,true,-11.000000
2582,USDJPY,2025.02.07 06:31,true,-11.000000
2583,USDJPY,2025.02.07 06:46,false,12.000000
2584,USDJPY,2025.02.07 06:54,false,12.000000
2585,USDJPY,2025.02.07 07:21,false,13.000000
2586,USDJPY,2025.02.07 07:31,true,-11.000000
2587,USDJPY,2025.02.07 07:33,true,-11.000000
2588,USDJPY,2025.02.07 07:47,false,13.000000
2589,USDJPY,2025.02.07 07:59,false,12.000000
2590,USDJPY,2025.02.07 08:14,true,-11.000000
2591,USDJPY,2025.02.07 08:21,false,13.000000
2592,USDJPY,2025.02.07 08:26,false,13.000000
2593,USDJPY,2025.02.07 09:11,false,2.000000
2594,USDJPY,2025.02.07 09:18,false,1.000000
2595,USDJPY,2025.02.07 09:35,true,-10.000000
2596,USDJPY,2025.02.07 09:50,true,-11.000000
2597,USDJPY,2025.02.07 09:51,true,-11.000000
2598,USDJPY,2025.02.07 09:55,false,12.000000
2599,USDJPY,2025.02.07 10:52,false,12.000000
2600,USDJPY,2025.02.07 11:03,true,1.000000
2601,USDJPY,2025.02.07 11:10,false,0.000000
2602,USDJPY,2025.02.07 11:16,true,1.000000
2603,USDJPY,2025.02.07 11:36,true,1.000000
2604,USDJPY,2025.02.07 11:41,true,2.000000
2605,USDJPY,2025.02.07 12:00,false,12.000000
2606,USDJPY,2025.02.07 12:20,false,0.000000
2607,USDJPY,2025.02.07 12:23,false,0.000000
2608,USDJPY,2025.02.07 12:25,false,0.000000
2609,USDJPY,2025.02.07 12:27,false,0.000000
2610,USDJPY,2025.02.07 12:31,false,0.000000
2611,USDJPY,2025.02.07 12:35,false,0.000000
2612,USDJPY,2025.02.07 12:36,false,0.000000
2613,USDJPY,2025.02.07 12:43,false,0.000000
2614,USDJPY,2025.02.07 14:24,false,12.000000
2615,USDJPY,2025.02.07 14:29,false,12.000000
2616,USDJPY,2025.02.07 14:30,false,12.000000
2617,USDJPY,2025.02.07 15:05,false,0.000000
2618,USDJPY,2025.02.07 15:16,true,-11.000000
2619,USDJPY,2025.02.07 15:56,false,0.000000
2620,USDJPY,2025.02.07 15:57,false,0.000000
2621,USDJPY,2025.02.07 16:19,true,1.000000
2622,USDJPY,2025.02.07 16:21,false,19.000000
2623,USDJPY,2025.02.07 16:22,false,19.000000
2624,USDJPY,2025.02.07 16:32,true,1.000000
2625,USDJPY,2025.02.07 16:36,true,3.000000
2626,USDJPY,2025.02.07 17:20,false,12.000000
2627,USDJPY,2025.02.07 17:24,true,-11.000000
2628,USDJPY,2025.02.07 17:26,true,-11.000000
2629,USDJPY,2025.02.07 17:35,true,-11.000000
2630,USDJPY,2025.02.07 17:43,false,13.000000
2631,USDJPY,2025.02.07 17:45,false,12.000000
2632,USDJPY,2025.02.07 17:47,false,12.000000
2633,USDJPY,2025.02.07 17:48,false,12.000000
2634,USDJPY,2025.02.07 17:53,true,-11.000000
2635,USDJPY,2025.02.07 18:12,false,0.000000
2636,USDJPY,2025.02.07 18:14,false,0.000000
2637,USDJPY,2025.02.07 19:04,false,0.000000
2638,USDJPY,2025.02.07 19:09,false,0.000000
2639,USDJPY,2025.02.07 19:10,false,0.000000
2640,USDJPY,2025.02.07 19:13,false,0.000000
2641,USDJPY,2025.02.07 19:14,false,0.000000
2642,USDJPY,2025.02.07 20:19,true,-11.000000
2643,USDJPY,2025.02.07 20:24,true,-11.000000
2644,USDJPY,2025.02.07 20:29,true,-11.000000
2645,USDJPY,2025.02.07 21:50,false,1.000000
2646,USDJPY,2025.02.07 21:53,false,0.000000
2647,USDJPY,2025.02.07 21:56,true,1.000000
2648,USDJPY,2025.02.07 22:01,true,-11.000000
2649,USDJPY,2025.02.07 22:24,false,12.000000
2650,USDJPY,2025.02.10 00:23,true,-13.000000
2651,USDJPY,2025.02.10 00:28,true,-13.000000
2652,USDJPY,2025.02.10 00:41,true,-13.000000
2653,USDJPY,2025.02.10 00:49,false,3.000000
2654,USDJPY,2025.02.10 00:52,true,-1.000000
2655,USDJPY,2025.02.10 00:58,false,3.000000
2656,USDJPY,2025.02.10 02:23,true,0.000000
2657,USDJPY,2025.02.10 02:32,true,-1.000000
2658,USDJPY,2025.02.10 02:55,false,2.000000
2659,USDJPY,2025.02.10 03:21,true,-13.000000
2660,USDJPY,2025.02.10 03:47,false,14.000000
2661,USDJPY,2025.02.10 03:50,false,14.000000
2662,USDJPY,2025.02.10 03:52,false,14.000000
2663,USDJPY,2025.02.10 05:04,true,-1.000000
2664,USDJPY,2025.02.10 05:05,true,-1.000000
2665,USDJPY,2025.02.10 05:08,true,0.000000
2666,USDJPY,2025.02.10 05:24,true,-1.000000
2667,USDJPY,2025.02.10 05:34,true,-13.000000
2668,USDJPY,2025.02.10 05:37,true,-13.000000
2669,USDJPY,2025.02.10 06:05,true,-1.000000
2670,USDJPY,2025.02.10 06:06,false,21.000000
2671,USDJPY,2025.02.10 07:37,true,-1.000000
2672,USDJPY,2025.02.10 08:52,true,-13.000000
2673,USDJPY,2025.02.10 09:41,false,21.000000
2674,USDJPY,2025.02.10 09:44,true,-13.000000
2675,USDJPY,2025.02.10 09:47,true,-13.000000
2676,USDJPY,2025.02.10 09:56,false,14.000000
2677,USDJPY,2025.02.10 10:02,false,2.000000
2678,USDJPY,2025.02.10 10:06,false,3.000000
2679,USDJPY,2025.02.10 13:27,false,15.000000
2680,USDJPY,2025.02.10 13:48,true,-12.000000
2681,USDJPY,2025.02.10 13:51,false,15.000000
2682,USDJPY,2025.02.10 13:53,false,15.000000
2683,USDJPY,2025.02.10 14:15,false,3.000000
2684,USDJPY,2025.02.10 14:23,false,3.000000
2685,USDJPY,2025.02.10 14:31,true,-1.000000
2686,USDJPY,2025.02.10 14:34,true,-1.000000
2687,USDJPY,2025.02.10 14:36,true,-1.000000
2688,USDJPY,2025.02.10 14:37,true,-1.000000
2689,USDJPY,2025.02.10 14:54,true,-12.000000
2690,USDJPY,2025.02.10 15:07,true,0.000000
2691,USDJPY,2025.02.10 15:26,false,14.000000
2692,USDJPY,2025.02.10 16:02,false,2.000000
2693,USDJPY,2025.02.10 16:22,true,0.000000
2694,USDJPY,2025.02.10 17:21,false,14.000000
2695,USDJPY,2025.02.10 17:31,true,-13.000000
2696,USDJPY,2025.02.10 17:32,true,-13.000000
2697,USDJPY,2025.02.10 17:33,true,-13.000000
2698,USDJPY,2025.02.10 17:38,false,14.000000
2699,USDJPY,2025.02.10 17:41,false,14.000000
2700,USDJPY,2025.02.10 17:43,true,-13.000000
2701,USDJPY,2025.02.10 17:46,true,-13.000000
2702,USDJPY,2025.02.10 17:48,false,14.000000
2703,USDJPY,2025.02.10 17:53,true,-13.000000
2704,USDJPY,2025.02.10 18:10,false,14.000000
2705,USDJPY,2025.02.10 18:58,false,14.000000
2706,USDJPY,2025.02.10 19:04,false,14.000000
2707,USDJPY,2025.02.10 19:19,false,14.000000
2708,USDJPY,2025.02.10 20:07,false,14.000000
2709,USDJPY,2025.02.10 21:25,false,14.000000
2710,USDJPY,2025.02.10 21:27,false,14.000000
2711,USDJPY,2025.02.10 21:30,false,14.000000
2712,USDJPY,2025.02.10 21:33,false,14.000000
2713,USDJPY,2025.02.10 22:03,true,-13.000000
2714,USDJPY,2025.02.10 22:33,true,-13.000000
2715,USDJPY,2025.02.10 22:35,true,-13.000000
2716,USDJPY,2025.02.10 22:44,false,14.000000
2717,USDJPY,2025.02.11 00:04,true,-1.000000
2718,USDJPY,2025.02.11 00:10,false,2.000000
2719,USDJPY,2025.02.11 00:12,false,2.000000
2720,USDJPY,2025.02.11 00:32,false,14.000000
2721,USDJPY,2025.02.11 00:44,true,-13.000000
2722,USDJPY,2025.02.11 00:47,true,-13.000000
2723,USDJPY,2025.02.11 00:51,true,-13.000000
2724,USDJPY,2025.02.11 00:53,true,-13.000000
2725,USDJPY,2025.02.11 01:05,true,-13.000000
2726,USDJPY,2025.02.11 01:09,true,-13.000000
2727,USDJPY,2025.02.11 01:20,false,14.000000
2728,USDJPY,2025.02.11 01:21,false,14.000000
2729,USDJPY,2025.02.11 01:25,false,14.000000
2730,USDJPY,2025.02.11 01:33,true,-12.000000
2731,USDJPY,2025.02.11 02:29,false,14.000000
2732,USDJPY,2025.02.11 03:01,false,14.000000
2733,USDJPY,2025.02.11 03:08,true,-13.000000
2734,USDJPY,2025.02.11 03:12,false,15.000000
2735,USDJPY,2025.02.11 03:13,false,14.000000
2736,USDJPY,2025.02.11 03:14,true,-13.000000
2737,USDJPY,2025.02.11 05:10,true,-1.000000
2738,USDJPY,2025.02.11 05:40,true,-13.000000
2739,USDJPY,2025.02.11 05:48,true,-13.000000
2740,USDJPY,2025.02.11 06:13,false,14.000000
2741,USDJPY,2025.02.11 06:19,false,14.000000
2742,USDJPY,2025.02.11 06:24,false,14.000000
2743,USDJPY,2025.02.11 06:25,false,14.000000
2744,USDJPY,2025.02.11 06:28,false,14.000000
2745,USDJPY,2025.02.11 06:30,false,14.000000
2746,USDJPY,2025.02.11 06:31,false,14.000000
2747,USDJPY,2025.02.11 06:35,false,14.000000
2748,USDJPY,2025.02.11 06:42,false,14.000000
2749,USDJPY,2025.02.11 07:00,true,-13.000000
2750,USDJPY,2025.02.11 07:03,true,-13.000000
2751,USDJPY,2025.02.11 07:24,true,-1.000000
2752,USDJPY,2025.02.11 08:28,true,0.000000
2753,USDJPY,2025.02.11 08:34,true,-1.000000
2754,USDJPY,2025.02.11 09:03,false,2.000000
2755,USDJPY,2025.02.11 09:06,false,3.000000
2756,USDJPY,2025.02.11 09:10,false,2.000000
2757,USDJPY,2025.02.11 09:14,false,2.000000
2758,USDJPY,2025.02.11 09:17,false,2.000000
2759,USDJPY,2025.02.11 09:42,false,2.000000
2760,USDJPY,2025.02.11 09:45,false,2.000000
2761,USDJPY,2025.02.11 09:46,false,2.000000
2762,USDJPY,2025.02.11 09:48,false,2.000000
2763,USDJPY,2025.02.11 10:02,true,-13.000000
2764,USDJPY,2025.02.11 10:47,false,3.000000
2765,USDJPY,2025.02.11 10:49,false,3.000000
2766,USDJPY,2025.02.11 10:51,false,3.000000
2767,USDJPY,2025.02.11 11:47,false,2.000000
2768,USDJPY,2025.02.11 12:03,false,3.000000
2769,USDJPY,2025.02.11 12:05,false,2.000000
2770,USDJPY,2025.02.11 12:09,false,3.000000
2771,USDJPY,2025.02.11 14:03,false,21.000000
2772,USDJPY,2025.02.11 14:08,false,21.000000
2773,USDJPY,2025.02.11 14:10,false,21.000000
2774,USDJPY,2025.02.11 14:19,true,-1.000000
2775,USDJPY,2025.02.11 14:21,true,-1.000000
2776,USDJPY,2025.02.11 14:23,true,-1.000000
2777,USDJPY,2025.02.11 14:31,false,21.000000
2778,USDJPY,2025.02.11 14:40,false,21.000000
2779,USDJPY,2025.02.11 14:43,false,21.000000
2780,USDJPY,2025.02.11 15:15,true,-13.000000
2781,USDJPY,2025.02.11 15:22,false,14.000000
2782,USDJPY,2025.02.11 15:23,false,14.000000
2783,USDJPY,2025.02.11 15:27,true,-13.000000
2784,USDJPY,2025.02.11 16:17,false,21.000000
2785,USDJPY,2025.02.11 16:52,true,-1.000000
2786,USDJPY,2025.02.11 16:54,true,-1.000000
2787,USDJPY,2025.02.11 16:56,true,-1.000000
2788,USDJPY,2025.02.11 17:22,false,2.000000
2789,USDJPY,2025.02.11 17:57,true,-1.000000
2790,USDJPY,2025.02.11 18:01,true,-1.000000
2791,USDJPY,2025.02.11 18:02,false,2.000000
2792,USDJPY,2025.02.11 18:33,false,21.000000
2793,USDJPY,2025.02.11 18:52,false,21.000000
2794,USDJPY,2025.02.11 19:10,false,22.000000
2795,USDJPY,2025.02.11 19:14,false,33.000000
2796,USDJPY,2025.02.11 19:16,false,33.000000
2797,USDJPY,2025.02.11 19:27,false,33.000000
2798,USDJPY,2025.02.11 19:29,false,33.000000
2799,USDJPY,2025.02.11 19:49,true,-13.000000
2800,USDJPY,2025.02.11 19:54,true,-13.000000
2801,USDJPY,2025.02.11 20:00,false,34.000000
2802,USDJPY,2025.02.11 20:02,false,33.000000
2803,USDJPY,2025.02.11 20:03,true,-13.000000
2804,USDJPY,2025.02.11 20:07,false,33.000000
2805,USDJPY,2025.02.11 20:15,false,34.000000
2806,USDJPY,2025.02.11 20:53,false,14.000000
2807,USDJPY,2025.02.11 21:06,false,14.000000
2808,USDJPY,2025.02.11 21:17,false,2.000000
2809,USDJPY,2025.02.11 21:47,true,-1.000000
2810,USDJPY,2025.02.11 21:49,true,-1.000000
2811,USDJPY,2025.02.11 21:54,true,-1.000000
2812,USDJPY,2025.02.11 21:55,true,-1.000000
2813,USDJPY,2025.02.11 21:57,true,-1.000000
2814,USDJPY,2025.02.11 21:58,true,-1.000000
2815,USDJPY,2025.02.11 22:01,false,2.000000
2816,USDJPY,2025.02.11 22:03,true,-1.000000
2817,USDJPY,2025.02.11 22:16,false,2.000000
2818,USDJPY,2025.02.11 23:14,true,-13.000000
2819,USDJPY,2025.02.11 23:18,true,-13.000000
2820,USDJPY,2025.02.11 23:22,true,-13.000000
2821,USDJPY,2025.02.12 00:26,true,0.000000
2822,USDJPY,2025.02.12 00:28,false,2.000000
2823,USDJPY,2025.02.12 00:35,true,11.000000
2824,USDJPY,2025.02.12 00:37,true,11.000000
2825,USDJPY,2025.02.12 00:42,false,-10.000000
2826,USDJPY,2025.02.12 00:48,false,-10.000000
2827,USDJPY,2025.02.12 01:45,false,-10.000000
2828,USDJPY,2025.02.12 01:48,true,12.000000
2829,USDJPY,2025.02.12 01:50,true,11.000000
2830,USDJPY,2025.02.12 03:07,false,34.000000
2831,USDJPY,2025.02.12 04:01,false,13.000000
2832,USDJPY,2025.02.12 04:02,false,13.000000
2833,USDJPY,2025.02.12 04:05,false,13.000000
2834,USDJPY,2025.02.12 04:12,false,13.000000
2835,USDJPY,2025.02.12 04:22,false,13.000000
2836,USDJPY,2025.02.12 04:24,false,13.000000
2837,USDJPY,2025.02.12 04:27,false,13.000000
2838,USDJPY,2025.02.12 04:29,false,13.000000
2839,USDJPY,2025.02.12 04:44,false,13.000000
2840,USDJPY,2025.02.12 04:45,false,13.000000
2841,USDJPY,2025.02.12 04:47,true,10.000000
2842,USDJPY,2025.02.12 04:49,false,13.000000
2843,USDJPY,2025.02.12 04:51,true,10.000000
2844,USDJPY,2025.02.12 04:55,false,13.000000
2845,USDJPY,2025.02.12 05:37,true,10.000000
2846,USDJPY,2025.02.12 06:31,false,13.000000
2847,USDJPY,2025.02.12 06:32,true,10.000000
2848,USDJPY,2025.02.12 06:38,true,10.000000
2849,USDJPY,2025.02.12 06:39,true,10.000000
2850,USDJPY,2025.02.12 06:45,true,10.000000
2851,USDJPY,2025.02.12 06:48,true,10.000000
2852,USDJPY,2025.02.12 06:51,true,10.000000
2853,USDJPY,2025.02.12 07:08,true,10.000000
2854,USDJPY,2025.02.12 07:13,true,10.000000
2855,USDJPY,2025.02.12 07:23,true,10.000000
2856,USDJPY,2025.02.12 07:25,true,10.000000
2857,USDJPY,2025.02.12 07:28,true,10.000000
2858,USDJPY,2025.02.12 07:36,true,10.000000
2859,USDJPY,2025.02.12 08:37,true,-2.000000
2860,USDJPY,2025.02.12 08:44,false,25.000000
2861,USDJPY,2025.02.12 09:18,false,25.000000
2862,USDJPY,2025.02.12 09:45,true,-13.000000
2863,USDJPY,2025.02.12 09:51,false,37.000000
2864,USDJPY,2025.02.12 09:52,true,-13.000000
2865,USDJPY,2025.02.12 10:10,false,26.000000
2866,USDJPY,2025.02.12 10:13,false,25.000000
2867,USDJPY,2025.02.12 10:16,true,-14.000000
2868,USDJPY,2025.02.12 10:20,true,-14.000000
2869,USDJPY,2025.02.12 10:26,true,-14.000000
2870,USDJPY,2025.02.12 10:29,true,-14.000000
2871,USDJPY,2025.02.12 11:01,true,-14.000000
2872,USDJPY,2025.02.12 11:04,true,-14.000000
2873,USDJPY,2025.02.12 11:05,false,37.000000
2874,USDJPY,2025.02.12 11:26,true,-14.000000
2875,USDJPY,2025.02.12 11:28,true,-14.000000
2876,USDJPY,2025.02.12 11:31,true,-2.000000
2877,USDJPY,2025.02.12 11:35,true,-2.000000
2878,USDJPY,2025.02.12 11:40,true,-2.000000
2879,USDJPY,2025.02.12 11:43,true,-2.000000
2880,USDJPY,2025.02.12 11:48,false,25.000000
2881,USDJPY,2025.02.12 11:51,false,25.000000
2882,USDJPY,2025.02.12 11:55,false,25.000000
2883,USDJPY,2025.02.12 12:00,false,25.000000
2884,USDJPY,2025.02.12 12:02,false,25.000000
2885,USDJPY,2025.02.12 12:06,false,25.000000
2886,USDJPY,2025.02.12 12:55,true,-2.000000
2887,USDJPY,2025.02.12 13:01,true,-2.000000
2888,USDJPY,2025.02.12 13:06,true,-2.000000
2889,USDJPY,2025.02.12 13:11,true,-2.000000
2890,USDJPY,2025.02.12 13:13,false,25.000000
2891,USDJPY,2025.02.12 13:14,true,-2.000000
2892,USDJPY,2025.02.12 13:15,false,25.000000
2893,USDJPY,2025.02.12 13:43,true,-2.000000
2894,USDJPY,2025.02.12 13:45,true,-2.000000
2895,USDJPY,2025.02.12 13:49,true,-2.000000
2896,USDJPY,2025.02.12 14:12,true,-2.000000
2897,USDJPY,2025.02.12 14:18,false,25.000000
2898,USDJPY,2025.02.12 14:29,true,-2.000000
2899,USDJPY,2025.02.12 14:42,true,-2.000000
2900,USDJPY,2025.02.12 14:46,false,25.000000
2901,USDJPY,2025.02.12 14:50,false,25.000000
2902,USDJPY,2025.02.12 14:53,false,25.000000
2903,USDJPY,2025.02.12 14:57,false,25.000000
2904,USDJPY,2025.02.12 15:10,true,-2.000000
2905,USDJPY,2025.02.12 15:14,true,-14.000000
2906,USDJPY,2025.02.12 15:25,false,37.000000
2907,USDJPY,2025.02.12 16:03,true,-2.000000
2908,USDJPY,2025.02.12 16:14,true,-2.000000
2909,USDJPY,2025.02.12 16:18,true,-2.000000
2910,USDJPY,2025.02.12 16:33,true,-1.000000
2911,USDJPY,2025.02.12 16:36,true,-1.000000
2912,USDJPY,2025.02.12 16:42,true,-2.000000
2913,USDJPY,2025.02.12 16:43,true,-2.000000
2914,USDJPY,2025.02.12 16:45,true,-2.000000
2915,USDJPY,2025.02.12 18:13,false,21.000000
2916,USDJPY,2025.02.12 18:43,false,21.000000
2917,USDJPY,2025.02.12 19:06,true,-1.000000
2918,USDJPY,2025.02.12 19:53,true,-2.000000
2919,USDJPY,2025.02.12 21:23,false,2.000000
2920,USDJPY,2025.02.12 21:39,false,2.000000
2921,USDJPY,2025.02.12 21:41,false,2.000000
2922,USDJPY,2025.02.12 22:02,true,-2.000000
2923,USDJPY,2025.02.12 22:06,true,-2.000000
2924,USDJPY,2025.02.12 22:20,true,-2.000000
2925,USDJPY,2025.02.12 22:22,true,-2.000000
2926,USDJPY,2025.02.12 22:45,false,2.000000
2927,USDJPY,2025.02.12 22:55,true,-1.000000
2928,USDJPY,2025.02.12 22:59,true,-2.000000
2929,USDJPY,2025.02.12 23:07,false,2.000000
2930,USDJPY,2025.02.12 23:58,false,2.000000
2931,USDJPY,2025.02.13 00:57,true,1.000000
2932,USDJPY,2025.02.13 00:58,false,0.000000
2933,USDJPY,2025.02.13 01:00,false,12.000000
2934,USDJPY,2025.02.13 01:13,false,12.000000
2935,USDJPY,2025.02.13 01:16,false,0.000000
2936,USDJPY,2025.02.13 01:22,true,1.000000
2937,USDJPY,2025.02.13 01:24,true,1.000000
2938,USDJPY,2025.02.13 01:25,true,1.000000
2939,USDJPY,2025.02.13 02:11,true,-11.000000
2940,USDJPY,2025.02.13 02:28,true,0.000000
2941,USDJPY,2025.02.13 02:29,true,-12.000000
2942,USDJPY,2025.02.13 02:31,false,12.000000
2943,USDJPY,2025.02.13 02:34,false,13.000000
2944,USDJPY,2025.02.13 02:56,false,32.000000
2945,USDJPY,2025.02.13 03:10,false,21.000000
2946,USDJPY,2025.02.13 03:18,false,33.000000
2947,USDJPY,2025.02.13 03:20,false,32.000000
2948,USDJPY,2025.02.13 03:28,true,-11.000000
2949,USDJPY,2025.02.13 03:31,true,-11.000000
2950,USDJPY,2025.02.13 03:36,false,31.000000
2951,USDJPY,2025.02.13 03:51,true,-12.000000
2952,USDJPY,2025.02.13 03:54,true,-12.000000
2953,USDJPY,2025.02.13 04:09,true,-12.000000
2954,USDJPY,2025.02.13 04:14,true,-12.000000
2955,USDJPY,2025.02.13 04:17,true,-12.000000
2956,USDJPY,2025.02.13 04:40,true,-11.000000
2957,USDJPY,2025.02.13 04:45,true,-11.000000
2958,USDJPY,2025.02.13 04:48,true,-11.000000
2959,USDJPY,2025.02.13 04:50,true,-12.000000
2960,USDJPY,2025.02.13 04:57,true,-12.000000
2961,USDJPY,2025.02.13 05:00,true,0.000000
2962,USDJPY,2025.02.13 05:02,true,0.000000
2963,USDJPY,2025.02.13 05:04,true,0.000000
2964,USDJPY,2025.02.13 05:07,false,0.000000
2965,USDJPY,2025.02.13 05:09,true,0.000000
2966,USDJPY,2025.02.13 05:38,false,0.000000
2967,USDJPY,2025.02.13 05:44,true,0.000000
2968,USDJPY,2025.02.13 05:46,true,0.000000
2969,USDJPY,2025.02.13 05:52,true,0.000000
2970,USDJPY,2025.02.13 05:53,true,0.000000
2971,USDJPY,2025.02.13 06:03,false,0.000000
2972,USDJPY,2025.02.13 06:34,false,13.000000
2973,USDJPY,2025.02.13 06:46,false,1.000000
2974,USDJPY,2025.02.13 07:14,true,-12.000000
2975,USDJPY,2025.02.13 07:46,false,12.000000
2976,USDJPY,2025.02.13 07:48,false,12.000000
2977,USDJPY,2025.02.13 07:50,false,12.000000
2978,USDJPY,2025.02.13 07:56,false,12.000000
2979,USDJPY,2025.02.13 07:57,false,12.000000
2980,USDJPY,2025.02.13 08:00,true,-12.000000
2981,USDJPY,2025.02.13 08:01,false,12.000000
2982,USDJPY,2025.02.13 08:28,false,12.000000
2983,USDJPY,2025.02.13 08:49,true,8.000000
2984,USDJPY,2025.02.13 09:00,false,12.000000
2985,USDJPY,2025.02.13 09:09,true,8.000000
2986,USDJPY,2025.02.13 09:13,false,12.000000
2987,USDJPY,2025.02.13 09:27,true,-11.000000
2988,USDJPY,2025.02.13 09:47,true,0.000000
2989,USDJPY,2025.02.13 10:15,false,1.000000
2990,USDJPY,2025.02.13 10:17,true,1.000000
2991,USDJPY,2025.02.13 10:20,true,1.000000
2992,USDJPY,2025.02.13 10:50,true,7.000000
2993,USDJPY,2025.02.13 10:57,true,8.000000
2994,USDJPY,2025.02.13 11:20,false,12.000000
2995,USDJPY,2025.02.13 11:29,true,19.000000
2996,USDJPY,2025.02.13 11:39,true,19.000000
2997,USDJPY,2025.02.13 11:48,false,1.000000
2998,USDJPY,2025.02.13 11:50,false,0.000000
2999,USDJPY,2025.02.13 11:53,true,19.000000
3000,USDJPY,2025.02.13 11:55,false,0.000000
3001,USDJPY,2025.02.13 11:59,false,12.000000
3002,USDJPY,2025.02.13 12:02,false,12.000000
3003,USDJPY,2025.02.13 12:08,false,12.000000
3004,USDJPY,2025.02.13 12:10,false,12.000000
3005,USDJPY,2025.02.13 12:32,true,-12.000000
3006,USDJPY,2025.02.13 13:22,false,12.000000
3007,USDJPY,2025.02.13 13:33,false,12.000000
3008,USDJPY,2025.02.13 13:36,true,-12.000000
3009,USDJPY,2025.02.13 13:48,true,-12.000000
3010,USDJPY,2025.02.13 13:58,false,13.000000
3011,USDJPY,2025.02.13 14:00,false,12.000000
3012,USDJPY,2025.02.13 14:03,false,12.000000
3013,USDJPY,2025.02.13 14:17,true,-12.000000
3014,USDJPY,2025.02.13 14:19,false,12.000000
3015,USDJPY,2025.02.13 14:22,false,12.000000
3016,USDJPY,2025.02.13 14:24,true,-12.000000
3017,USDJPY,2025.02.13 14:35,false,12.000000
3018,USDJPY,2025.02.13 14:39,false,12.000000
3019,USDJPY,2025.02.13 14:50,false,12.000000
3020,USDJPY,2025.02.13 15:05,true,-12.000000
3021,USDJPY,2025.02.13 15:08,false,12.000000
3022,USDJPY,2025.02.13 15:10,true,-12.000000
3023,USDJPY,2025.02.13 15:14,true,-12.000000
3024,USDJPY,2025.02.13 15:16,true,-12.000000
3025,USDJPY,2025.02.13 15:19,true,-12.000000
3026,USDJPY,2025.02.13 15:20,true,-12.000000
3027,USDJPY,2025.02.13 15:21,false,12.000000
3028,USDJPY,2025.02.13 15:27,false,12.000000
3029,USDJPY,2025.02.13 15:29,false,12.000000
3030,USDJPY,2025.02.13 15:52,true,-12.000000
3031,USDJPY,2025.02.13 16:17,true,0.000000
3032,USDJPY,2025.02.13 16:18,true,0.000000
3033,USDJPY,2025.02.13 16:21,true,0.000000
3034,USDJPY,2025.02.13 16:23,true,0.000000
3035,USDJPY,2025.02.13 16:24,false,0.000000
3036,USDJPY,2025.02.13 16:40,true,1.000000
3037,USDJPY,2025.02.13 16:42,true,1.000000
3038,USDJPY,2025.02.13 16:43,true,1.000000
3039,USDJPY,2025.02.13 16:47,true,0.000000
3040,USDJPY,2025.02.13 16:48,true,0.000000
3041,USDJPY,2025.02.13 16:51,true,0.000000
3042,USDJPY,2025.02.13 16:53,true,0.000000
3043,USDJPY,2025.02.13 16:55,true,0.000000
3044,USDJPY,2025.02.13 16:56,true,0.000000
3045,USDJPY,2025.02.13 17:04,false,0.000000
3046,USDJPY,2025.02.13 17:06,false,0.000000
3047,USDJPY,2025.02.13 17:28,true,20.000000
3048,USDJPY,2025.02.13 17:29,true,7.000000
3049,USDJPY,2025.02.13 17:33,true,-12.000000
3050,USDJPY,2025.02.13 17:34,true,-12.000000
3051,USDJPY,2025.02.13 19:52,true,7.000000
3052,USDJPY,2025.02.13 20:46,false,0.000000
3053,USDJPY,2025.02.13 20:50,false,0.000000
3054,USDJPY,2025.02.13 20:52,false,0.000000
3055,USDJPY,2025.02.13 20:56,false,0.000000
3056,USDJPY,2025.02.13 21:34,true,10.000000
3057,USDJPY,2025.02.13 21:40,true,10.000000
3058,USDJPY,2025.02.13 22:29,true,20.000000
3059,USDJPY,2025.02.13 22:33,true,20.000000
3060,USDJPY,2025.02.13 22:38,true,20.000000
3061,USDJPY,2025.02.13 23:34,false,12.000000
3062,USDJPY,2025.02.13 23:35,false,12.000000
3063,USDJPY,2025.02.13 23:43,false,12.000000
3064,USDJPY,2025.02.14 00:03,true,8.000000
3065,USDJPY,2025.02.14 00:26,false,13.000000
3066,USDJPY,2025.02.14 00:29,false,12.000000
3067,USDJPY,2025.02.14 00:33,false,12.000000
3068,USDJPY,2025.02.14 00:39,false,12.000000
3069,USDJPY,2025.02.14 02:03,true,20.000000
3070,USDJPY,2025.02.14 02:13,true,21.000000
3071,USDJPY,2025.02.14 02:39,true,8.000000
3072,USDJPY,2025.02.14 02:53,true,8.000000
3073,USDJPY,2025.02.14 03:28,true,1.000000
3074,USDJPY,2025.02.14 03:35,false,0.000000
3075,USDJPY,2025.02.14 03:38,false,0.000000
3076,USDJPY,2025.02.14 03:43,true,1.000000
3077,USDJPY,2025.02.14 03:45,false,0.000000
3078,USDJPY,2025.02.14 03:54,true,1.000000
3079,USDJPY,2025.02.14 04:01,false,0.000000
3080,USDJPY,2025.02.14 04:02,false,0.000000
3081,USDJPY,2025.02.14 04:03,true,1.000000
3082,USDJPY,2025.02.14 05:48,false,0.000000
3083,USDJPY,2025.02.14 05:54,false,0.000000
3084,USDJPY,2025.02.14 06:41,true,1.000000
3085,USDJPY,2025.02.14 07:21,true,-10.000000
3086,USDJPY,2025.02.14 07:25,true,-11.000000
3087,USDJPY,2025.02.14 07:56,false,12.000000
3088,USDJPY,2025.02.14 07:59,false,12.000000
3089,USDJPY,2025.02.14 08:09,true,-11.000000
3090,USDJPY,2025.02.14 08:11,true,-11.000000
3091,USDJPY,2025.02.14 08:13,true,-11.000000
3092,USDJPY,2025.02.14 08:18,true,1.000000
3093,USDJPY,2025.02.14 08:54,true,-11.000000
3094,USDJPY,2025.02.14 09:16,false,0.000000
3095,USDJPY,2025.02.14 09:19,false,0.000000
3096,USDJPY,2025.02.14 10:10,true,-11.000000
3097,USDJPY,2025.02.14 12:11,true,1.000000
3098,USDJPY,2025.02.14 12:17,true,1.000000
3099,USDJPY,2025.02.14 12:24,true,1.000000
3100,USDJPY,2025.02.14 12:25,true,1.000000
3101,USDJPY,2025.02.14 12:28,false,0.000000
3102,USDJPY,2025.02.14 12:29,true,1.000000
3103,USDJPY,2025.02.14 12:30,false,0.000000
3104,USDJPY,2025.02.14 12:34,true,1.000000
3105,USDJPY,2025.02.14 12:35,true,1.000000
3106,USDJPY,2025.02.14 13:09,true,1.000000
3107,USDJPY,2025.02.14 13:16,false,0.000000
3108,USDJPY,2025.02.14 13:18,false,0.000000
3109,USDJPY,2025.02.14 13:19,false,0.000000
3110,USDJPY,2025.02.14 13:23,false,0.000000
3111,USDJPY,2025.02.14 13:55,false,0.000000
3112,USDJPY,2025.02.14 14:05,true,1.000000
3113,USDJPY,2025.02.14 14:21,true,1.000000
3114,USDJPY,2025.02.14 14:22,true,1.000000
3115,USDJPY,2025.02.14 14:32,true,1.000000
3116,USDJPY,2025.02.14 14:40,true,1.000000
3117,USDJPY,2025.02.14 14:43,true,1.000000
3118,USDJPY,2025.02.14 14:44,true,1.000000
3119,USDJPY,2025.02.14 14:45,true,1.000000
3120,USDJPY,2025.02.14 14:51,true,1.000000
3121,USDJPY,2025.02.14 14:53,true,1.000000
3122,USDJPY,2025.02.14 14:54,false,0.000000
3123,USDJPY,2025.02.14 14:55,true,1.000000
3124,USDJPY,2025.02.14 14:56,true,1.000000
3125,USDJPY,2025.02.14 15:08,true,1.000000
3126,USDJPY,2025.02.14 15:12,false,0.000000
3127,USDJPY,2025.02.14 15:18,true,1.000000
3128,USDJPY,2025.02.14 15:20,true,1.000000
3129,USDJPY,2025.02.14 15:24,false,0.000000
3130,USDJPY,2025.02.14 15:48,true,-11.000000
3131,USDJPY,2025.02.14 15:51,true,-11.000000
3132,USDJPY,2025.02.14 15:55,true,-11.000000
3133,USDJPY,2025.02.14 15:59,true,-11.000000
3134,USDJPY,2025.02.14 16:01,true,-11.000000
3135,USDJPY,2025.02.14 16:27,true,-11.000000
3136,USDJPY,2025.02.14 16:41,false,12.000000
3137,USDJPY,2025.02.14 16:45,false,12.000000
3138,USDJPY,2025.02.14 16:47,true,-11.000000
3139,USDJPY,2025.02.14 16:52,false,12.000000
3140,USDJPY,2025.02.14 16:56,false,12.000000
3141,USDJPY,2025.02.14 16:59,false,12.000000
3142,USDJPY,2025.02.14 17:10,false,12.000000
3143,USDJPY,2025.02.14 17:24,false,13.000000
3144,USDJPY,2025.02.14 17:43,true,-11.000000
3145,USDJPY,2025.02.14 18:00,true,-11.000000
3146,USDJPY,2025.02.14 18:02,false,13.000000
3147,USDJPY,2025.02.14 18:08,true,-11.000000
3148,USDJPY,2025.02.14 18:21,true,-11.000000
3149,USDJPY,2025.02.14 19:03,false,12.000000
3150,USDJPY,2025.02.14 19:44,false,13.000000
3151,USDJPY,2025.02.14 19:56,false,13.000000
3152,USDJPY,2025.02.14 20:02,true,1.000000
3153,USDJPY,2025.02.14 20:07,true,1.000000
3154,USDJPY,2025.02.14 20:19,true,1.000000
3155,USDJPY,2025.02.14 20:25,true,1.000000
3156,USDJPY,2025.02.14 20:27,true,1.000000
3157,USDJPY,2025.02.14 22:03,true,13.000000
3158,USDJPY,2025.02.14 22:06,true,13.000000
3159,USDJPY,2025.02.14 22:16,false,-11.000000
3160,USDJPY,2025.02.14 22:18,false,-11.000000
3161,USDJPY,2025.02.14 22:26,false,-11.000000
3162,USDJPY,2025.02.14 22:28,false,-11.000000
3163,USDJPY,2025.02.14 23:02,false,-11.000000
3164,USDJPY,2025.02.14 23:58,true,1.000000
3165,USDJPY,2025.02.17 00:50,true,1.000000
3166,USDJPY,2025.02.17 00:56,false,1.000000
3167,USDJPY,2025.02.17 00:57,true,1.000000
3168,USDJPY,2025.02.17 01:03,false,1.000000
3169,USDJPY,2025.02.17 01:04,false,1.000000
3170,USDJPY,2025.02.17 01:05,true,1.000000
3171,USDJPY,2025.02.17 01:06,false,1.000000
3172,USDJPY,2025.02.17 01:08,true,1.000000
3173,USDJPY,2025.02.17 01:09,false,1.000000
3174,USDJPY,2025.02.17 01:28,true,1.000000
3175,USDJPY,2025.02.17 01:48,true,13.000000
3176,USDJPY,2025.02.17 02:44,true,1.000000
3177,USDJPY,2025.02.17 02:52,true,1.000000
3178,USDJPY,2025.02.17 03:46,true,1.000000
3179,USDJPY,2025.02.17 03:50,true,1.000000
3180,USDJPY,2025.02.17 04:23,false,0.000000
3181,USDJPY,2025.02.17 04:27,true,1.000000
3182,USDJPY,2025.02.17 04:48,false,0.000000
3183,USDJPY,2025.02.17 04:49,true,1.000000
3184,USDJPY,2025.02.17 05:30,false,0.000000
3185,USDJPY,2025.02.17 05:31,false,0.000000
3186,USDJPY,2025.02.17 05:36,false,0.000000
3187,USDJPY,2025.02.17 05:37,false,0.000000
3188,USDJPY,2025.02.17 05:41,false,0.000000
3189,USDJPY,2025.02.17 05:42,false,0.000000
3190,USDJPY,2025.02.17 06:04,false,1.000000
3191,USDJPY,2025.02.17 07:23,false,0.000000
3192,USDJPY,2025.02.17 07:27,false,0.000000
3193,USDJPY,2025.02.17 07:29,false,0.000000
3194,USDJPY,2025.02.17 08:31,false,-10.000000
3195,USDJPY,2025.02.17 08:40,true,13.000000
3196,USDJPY,2025.02.17 08:46,true,13.000000
3197,USDJPY,2025.02.17 08:48,true,13.000000
3198,USDJPY,2025.02.17 08:49,true,13.000000
3199,USDJPY,2025.02.17 08:57,false,-11.000000
3200,USDJPY,2025.02.17 08:58,false,-11.000000
3201,USDJPY,2025.02.17 09:32,true,2.000000
3202,USDJPY,2025.02.17 09:34,true,1.000000
3203,USDJPY,2025.02.17 09:37,true,1.000000
3204,USDJPY,2025.02.17 10:21,true,14.000000
3205,USDJPY,2025.02.17 10:35,false,-12.000000
3206,USDJPY,2025.02.17 11:00,false,0.000000
3207,USDJPY,2025.02.17 11:01,true,2.000000
3208,USDJPY,2025.02.17 11:02,false,0.000000
3209,USDJPY,2025.02.17 11:48,false,-12.000000
3210,USDJPY,2025.02.17 12:05,false,-12.000000
3211,USDJPY,2025.02.17 12:11,true,13.000000
3212,USDJPY,2025.02.17 12:14,true,13.000000
3213,USDJPY,2025.02.17 13:03,true,1.000000
3214,USDJPY,2025.02.17 13:37,false,1.000000
3215,USDJPY,2025.02.17 13:44,true,1.000000
3216,USDJPY,2025.02.17 13:46,true,1.000000
3217,USDJPY,2025.02.17 14:15,true,2.000000
3218,USDJPY,2025.02.17 14:16,true,2.000000
3219,USDJPY,2025.02.17 14:56,false,0.000000
3220,USDJPY,2025.02.17 14:58,true,2.000000
3221,USDJPY,2025.02.17 14:59,true,13.000000
3222,USDJPY,2025.02.17 15:07,false,-12.000000
3223,USDJPY,2025.02.17 15:09,true,13.000000
3224,USDJPY,2025.02.17 15:10,false,-12.000000
3225,USDJPY,2025.02.17 15:13,false,-12.000000
3226,USDJPY,2025.02.17 15:15,false,-12.000000
3227,USDJPY,2025.02.17 15:20,false,-12.000000
3228,USDJPY,2025.02.17 15:24,false,-12.000000
3229,USDJPY,2025.02.17 15:38,true,13.000000
3230,USDJPY,2025.02.17 15:39,true,13.000000
3231,USDJPY,2025.02.17 15:45,true,13.000000
3232,USDJPY,2025.02.17 15:47,true,13.000000
3233,USDJPY,2025.02.17 15:51,true,13.000000
3234,USDJPY,2025.02.17 15:58,true,13.000000
3235,USDJPY,2025.02.17 16:01,true,13.000000
3236,USDJPY,2025.02.17 16:02,true,13.000000
3237,USDJPY,2025.02.17 16:12,true,13.000000
3238,USDJPY,2025.02.17 16:13,true,13.000000
3239,USDJPY,2025.02.17 16:15,true,13.000000
3240,USDJPY,2025.02.17 16:17,true,13.000000
3241,USDJPY,2025.02.17 16:19,true,13.000000
3242,USDJPY,2025.02.17 16:21,true,13.000000
3243,USDJPY,2025.02.17 16:24,false,-12.000000
3244,USDJPY,2025.02.17 16:27,false,-12.000000
3245,USDJPY,2025.02.17 16:29,false,-12.000000
3246,USDJPY,2025.02.17 16:32,false,-12.000000
3247,USDJPY,2025.02.17 16:35,true,13.000000
3248,USDJPY,2025.02.17 16:37,true,13.000000
3249,USDJPY,2025.02.17 16:44,true,13.000000
3250,USDJPY,2025.02.17 16:45,true,13.000000
3251,USDJPY,2025.02.17 16:47,true,13.000000
3252,USDJPY,2025.02.17 16:51,true,13.000000
3253,USDJPY,2025.02.17 16:55,false,-12.000000
3254,USDJPY,2025.02.17 17:00,false,-12.000000
3255,USDJPY,2025.02.17 17:09,true,13.000000
3256,USDJPY,2025.02.17 17:25,false,-12.000000
3257,USDJPY,2025.02.17 17:38,false,-12.000000
3258,USDJPY,2025.02.17 17:47,false,-12.000000
3259,USDJPY,2025.02.17 18:40,true,13.000000
3260,USDJPY,2025.02.17 18:52,false,-11.000000
3261,USDJPY,2025.02.17 18:55,false,-11.000000
3262,USDJPY,2025.02.17 19:04,false,-11.000000
3263,USDJPY,2025.02.17 19:05,false,-11.000000
3264,USDJPY,2025.02.17 19:20,false,-11.000000
3265,USDJPY,2025.02.17 19:24,true,13.000000
3266,USDJPY,2025.02.17 19:27,true,13.000000
3267,USDJPY,2025.02.17 19:28,true,13.000000
3268,USDJPY,2025.02.17 19:29,true,13.000000
3269,USDJPY,2025.02.17 19:33,false,-11.000000
3270,USDJPY,2025.02.17 19:38,false,-11.000000
3271,USDJPY,2025.02.17 19:39,true,13.000000
3272,USDJPY,2025.02.17 20:06,true,1.000000
3273,USDJPY,2025.02.17 20:16,false,-12.000000
3274,USDJPY,2025.02.17 20:30,true,13.000000
3275,USDJPY,2025.02.17 20:31,false,-12.000000
3276,USDJPY,2025.02.17 20:32,true,13.000000
3277,USDJPY,2025.02.17 20:39,false,-12.000000
3278,USDJPY,2025.02.17 20:47,true,13.000000
3279,USDJPY,2025.02.17 20:53,true,13.000000
3280,USDJPY,2025.02.17 21:10,true,13.000000
3281,USDJPY,2025.02.17 21:19,false,-12.000000
3282,USDJPY,2025.02.17 21:55,true,13.000000
3283,USDJPY,2025.02.17 22:10,false,-12.000000
3284,USDJPY,2025.02.17 22:31,false,-12.000000
3285,USDJPY,2025.02.17 23:40,true,13.000000
3286,USDJPY,2025.02.17 23:59,false,1.000000
3287,USDJPY,2025.02.18 00:18,false,0.000000
3288,USDJPY,2025.02.18 00:43,false,0.000000
3289,USDJPY,2025.02.18 00:45,false,-12.000000
3290,USDJPY,2025.02.18 00:46,true,13.000000
3291,USDJPY,2025.02.18 00:50,false,-12.000000
3292,USDJPY,2025.02.18 00:51,true,13.000000
3293,USDJPY,2025.02.18 01:00,false,-12.000000
3294,USDJPY,2025.02.18 02:08,false,-11.000000
3295,USDJPY,2025.02.18 02:13,true,13.000000
3296,USDJPY,2025.02.18 02:26,true,1.000000
3297,USDJPY,2025.02.18 02:27,true,1.000000
3298,USDJPY,2025.02.18 02:42,true,13.000000
3299,USDJPY,2025.02.18 02:48,true,13.000000
3300,USDJPY,2025.02.18 02:53,false,-11.000000
3301,USDJPY,2025.02.18 02:56,false,-12.000000
3302,USDJPY,2025.02.18 02:59,true,13.000000
3303,USDJPY,2025.02.18 03:09,false,-12.000000
3304,USDJPY,2025.02.18 03:13,true,13.000000
3305,USDJPY,2025.02.18 03:50,false,0.000000
3306,USDJPY,2025.02.18 03:51,false,0.000000
3307,USDJPY,2025.02.18 03:53,false,0.000000
3308,USDJPY,2025.02.18 04:16,false,0.000000
3309,USDJPY,2025.02.18 04:21,true,1.000000
3310,USDJPY,2025.02.18 04:31,true,1.000000
3311,USDJPY,2025.02.18 04:34,true,1.000000
3312,USDJPY,2025.02.18 04:55,true,1.000000
3313,USDJPY,2025.02.18 04:57,true,1.000000
3314,USDJPY,2025.02.18 04:58,true,1.000000
3315,USDJPY,2025.02.18 05:01,false,0.000000
3316,USDJPY,2025.02.18 06:20,true,13.000000
3317,USDJPY,2025.02.18 06:22,false,8.000000
3318,USDJPY,2025.02.18 06:23,true,14.000000
3319,USDJPY,2025.02.18 06:24,false,8.000000
3320,USDJPY,2025.02.18 06:25,true,14.000000
3321,USDJPY,2025.02.18 06:26,true,14.000000
3322,USDJPY,2025.02.18 06:30,false,19.000000
3323,USDJPY,2025.02.18 06:31,true,2.000000
3324,USDJPY,2025.02.18 06:32,true,2.000000
3325,USDJPY,2025.02.18 06:37,false,19.000000
3326,USDJPY,2025.02.18 08:18,true,13.000000
3327,USDJPY,2025.02.18 08:20,false,7.000000
3328,USDJPY,2025.02.18 08:42,false,19.000000
3329,USDJPY,2025.02.18 09:11,true,13.000000
3330,USDJPY,2025.02.18 09:49,false,-12.000000
3331,USDJPY,2025.02.18 10:34,false,7.000000
3332,USDJPY,2025.02.18 10:35,false,7.000000
3333,USDJPY,2025.02.18 10:37,false,-12.000000
3334,USDJPY,2025.02.18 10:48,false,0.000000
3335,USDJPY,2025.02.18 10:53,true,1.000000
3336,USDJPY,2025.02.18 10:55,true,1.000000
3337,USDJPY,2025.02.18 11:01,true,1.000000
3338,USDJPY,2025.02.18 11:03,false,0.000000
3339,USDJPY,2025.02.18 11:19,true,1.000000
3340,USDJPY,2025.02.18 11:29,false,0.000000
3341,USDJPY,2025.02.18 11:36,true,2.000000
3342,USDJPY,2025.02.18 11:44,true,13.000000
3343,USDJPY,2025.02.18 12:50,false,12.000000
3344,USDJPY,2025.02.18 13:59,true,-11.000000
3345,USDJPY,2025.02.18 14:03,true,-11.000000
3346,USDJPY,2025.02.18 14:04,true,-11.000000
3347,USDJPY,2025.02.18 14:06,true,-11.000000
3348,USDJPY,2025.02.18 14:41,true,-10.000000
3349,USDJPY,2025.02.18 14:50,false,12.000000
3350,USDJPY,2025.02.18 15:10,false,12.000000
3351,USDJPY,2025.02.18 15:51,true,-11.000000
3352,USDJPY,2025.02.18 15:58,true,-10.000000
3353,USDJPY,2025.02.18 16:10,false,-12.000000
3354,USDJPY,2025.02.18 16:11,false,-12.000000
3355,USDJPY,2025.02.18 16:15,false,0.000000
3356,USDJPY,2025.02.18 16:29,false,0.000000
3357,USDJPY,2025.02.18 16:41,false,0.000000
3358,USDJPY,2025.02.18 17:05,true,13.000000
3359,USDJPY,2025.02.18 18:27,false,-11.000000
3360,USDJPY,2025.02.18 18:51,false,-12.000000
3361,USDJPY,2025.02.18 18:53,true,13.000000
3362,USDJPY,2025.02.18 19:44,false,-11.000000
3363,USDJPY,2025.02.18 20:00,false,1.000000
3364,USDJPY,2025.02.18 20:02,false,1.000000
3365,USDJPY,2025.02.18 21:03,false,0.000000
3366,USDJPY,2025.02.18 21:10,false,0.000000
3367,USDJPY,2025.02.18 21:15,false,0.000000
3368,USDJPY,2025.02.18 21:18,true,1.000000
3369,USDJPY,2025.02.18 21:19,true,1.000000
3370,USDJPY,2025.02.18 21:47,true,1.000000
3371,USDJPY,2025.02.18 21:51,true,1.000000
3372,USDJPY,2025.02.18 21:54,true,1.000000
3373,USDJPY,2025.02.18 21:56,false,0.000000
3374,USDJPY,2025.02.18 21:57,true,1.000000
3375,USDJPY,2025.02.18 22:00,true,1.000000
3376,USDJPY,2025.02.18 22:04,false,0.000000
3377,USDJPY,2025.02.18 23:22,false,7.000000
3378,USDJPY,2025.02.18 23:59,false,19.000000
3379,USDJPY,2025.02.19 00:44,false,7.000000
3380,USDJPY,2025.02.19 00:57,false,7.000000
3381,USDJPY,2025.02.19 01:11,false,7.000000
3382,USDJPY,2025.02.19 01:12,false,7.000000
3383,USDJPY,2025.02.19 01:13,false,7.000000
3384,USDJPY,2025.02.19 01:15,false,7.000000
3385,USDJPY,2025.02.19 01:26,false,7.000000
3386,USDJPY,2025.02.19 02:16,false,-12.000000
3387,USDJPY,2025.02.19 02:21,false,-12.000000
3388,USDJPY,2025.02.19 02:23,false,-12.000000
3389,USDJPY,2025.02.19 02:37,false,8.000000
3390,USDJPY,2025.02.19 02:39,false,-12.000000
3391,USDJPY,2025.02.19 02:42,true,13.000000
3392,USDJPY,2025.02.19 02:44,true,13.000000
3393,USDJPY,2025.02.19 02:49,true,13.000000
3394,USDJPY,2025.02.19 03:07,true,13.000000
3395,USDJPY,2025.02.19 03:47,true,13.000000
3396,USDJPY,2025.02.19 03:48,true,13.000000
3397,USDJPY,2025.02.19 03:56,false,8.000000
3398,USDJPY,2025.02.19 04:06,false,8.000000
3399,USDJPY,2025.02.19 05:08,true,2.000000
3400,USDJPY,2025.02.19 06:37,false,0.000000
3401,USDJPY,2025.02.19 06:40,false,0.000000
3402,USDJPY,2025.02.19 07:04,true,13.000000
3403,USDJPY,2025.02.19 07:18,false,-12.000000
3404,USDJPY,2025.02.19 07:37,false,-12.000000
3405,USDJPY,2025.02.19 07:39,false,-12.000000
3406,USDJPY,2025.02.19 07:41,true,13.000000
3407,USDJPY,2025.02.19 07:55,true,13.000000
3408,USDJPY,2025.02.19 07:57,true,13.000000
3409,USDJPY,2025.02.19 07:59,true,1.000000
3410,USDJPY,2025.02.19 08:04,true,1.000000
3411,USDJPY,2025.02.19 08:05,true,1.000000
3412,USDJPY,2025.02.19 08:09,true,1.000000
3413,USDJPY,2025.02.19 08:30,true,8.000000
3414,USDJPY,2025.02.19 08:39,false,12.000000
3415,USDJPY,2025.02.19 08:55,true,8.000000
3416,USDJPY,2025.02.19 09:02,false,12.000000
3417,USDJPY,2025.02.19 09:09,true,8.000000
3418,USDJPY,2025.02.19 09:21,false,12.000000
3419,USDJPY,2025.02.19 10:08,false,12.000000
3420,USDJPY,2025.02.19 10:48,true,-11.000000
3421,USDJPY,2025.02.19 10:59,false,12.000000
3422,USDJPY,2025.02.19 11:01,false,12.000000
3423,USDJPY,2025.02.19 11:19,false,12.000000
3424,USDJPY,2025.02.19 11:22,true,-11.000000
3425,USDJPY,2025.02.19 11:36,true,9.000000
3426,USDJPY,2025.02.19 12:48,true,13.000000
3427,USDJPY,2025.02.19 13:01,true,14.000000
3428,USDJPY,2025.02.19 13:03,true,14.000000
3429,USDJPY,2025.02.19 13:27,true,13.000000
3430,USDJPY,2025.02.19 14:28,true,14.000000
3431,USDJPY,2025.02.19 15:03,false,-12.000000
3432,USDJPY,2025.02.19 15:05,false,-12.000000
3433,USDJPY,2025.02.19 15:08,false,-12.000000
3434,USDJPY,2025.02.19 15:11,false,-12.000000
3435,USDJPY,2025.02.19 15:24,false,-12.000000
3436,USDJPY,2025.02.19 15:54,false,-12.000000
3437,USDJPY,2025.02.19 17:33,false,0.000000
3438,USDJPY,2025.02.19 17:34,true,22.000000
3439,USDJPY,2025.02.19 17:59,true,22.000000
3440,USDJPY,2025.02.19 18:00,true,22.000000
3441,USDJPY,2025.02.19 18:09,false,0.000000
3442,USDJPY,2025.02.19 18:45,false,0.000000
3443,USDJPY,2025.02.19 18:50,false,0.000000
3444,USDJPY,2025.02.19 19:03,false,0.000000
3445,USDJPY,2025.02.19 19:04,false,0.000000
3446,USDJPY,2025.02.19 19:09,false,0.000000
3447,USDJPY,2025.02.19 19:15,false,0.000000
3448,USDJPY,2025.02.19 20:16,false,0.000000
3449,USDJPY,2025.02.19 22:03,false,0.000000
3450,USDJPY,2025.02.19 22:06,false,0.000000
3451,USDJPY,2025.02.19 22:07,false,0.000000
3452,USDJPY,2025.02.19 22:59,true,1.000000
3453,USDJPY,2025.02.19 23:12,true,1.000000
3454,USDJPY,2025.02.19 23:15,true,1.000000
3455,USDJPY,2025.02.19 23:40,false,0.000000
3456,USDJPY,2025.02.20 01:12,false,12.000000
3457,USDJPY,2025.02.20 01:15,false,12.000000
3458,USDJPY,2025.02.20 01:18,true,-11.000000
3459,USDJPY,2025.02.20 01:35,false,13.000000
3460,USDJPY,2025.02.20 03:49,false,12.000000
3461,USDJPY,2025.02.20 04:24,true,34.000000
3462,USDJPY,2025.02.20 04:27,true,34.000000
3463,USDJPY,2025.02.20 04:28,true,34.000000
3464,USDJPY,2025.02.20 04:31,true,34.000000
3465,USDJPY,2025.02.20 04:35,true,34.000000
3466,USDJPY,2025.02.20 04:40,false,12.000000
3467,USDJPY,2025.02.20 04:49,false,12.000000
3468,USDJPY,2025.02.20 04:51,false,12.000000
3469,USDJPY,2025.02.20 05:00,false,12.000000
3470,USDJPY,2025.02.20 05:42,true,35.000000
3471,USDJPY,2025.02.20 06:01,true,14.000000
3472,USDJPY,2025.02.20 06:09,true,14.000000
3473,USDJPY,2025.02.20 06:21,true,13.000000
3474,USDJPY,2025.02.20 06:23,true,14.000000
3475,USDJPY,2025.02.20 06:29,true,13.000000
3476,USDJPY,2025.02.20 06:31,true,14.000000
3477,USDJPY,2025.02.20 06:46,true,13.000000
3478,USDJPY,2025.02.20 06:55,true,13.000000
3479,USDJPY,2025.02.20 08:18,false,0.000000
3480,USDJPY,2025.02.20 08:33,true,13.000000
3481,USDJPY,2025.02.20 08:35,false,12.000000
3482,USDJPY,2025.02.20 09:01,false,12.000000
3483,USDJPY,2025.02.20 09:10,false,12.000000
3484,USDJPY,2025.02.20 09:15,true,13.000000
3485,USDJPY,2025.02.20 10:22,false,1.000000
3486,USDJPY,2025.02.20 10:24,true,25.000000
3487,USDJPY,2025.02.20 10:31,true,25.000000
3488,USDJPY,2025.02.20 10:33,false,1.000000
3489,USDJPY,2025.02.20 11:03,false,1.000000
3490,USDJPY,2025.02.20 11:24,true,14.000000
3491,USDJPY,2025.02.20 11:27,true,13.000000
3492,USDJPY,2025.02.20 11:35,true,25.000000
3493,USDJPY,2025.02.20 11:58,false,1.000000
3494,USDJPY,2025.02.20 12:12,true,25.000000
3495,USDJPY,2025.02.20 12:20,true,13.000000
3496,USDJPY,2025.02.20 12:58,false,12.000000
3497,USDJPY,2025.02.20 13:22,true,13.000000
3498,USDJPY,2025.02.20 13:31,true,25.000000
3499,USDJPY,2025.02.20 13:32,false,0.000000
3500,USDJPY,2025.02.20 13:33,true,25.000000
3501,USDJPY,2025.02.20 13:53,true,25.000000
3502,USDJPY,2025.02.20 14:08,true,13.000000
3503,USDJPY,2025.02.20 14:24,false,0.000000
3504,USDJPY,2025.02.20 14:30,true,25.000000
3505,USDJPY,2025.02.20 14:32,false,1.000000
3506,USDJPY,2025.02.20 14:35,false,1.000000
3507,USDJPY,2025.02.20 14:45,true,13.000000
3508,USDJPY,2025.02.20 14:59,true,13.000000
3509,USDJPY,2025.02.20 15:30,true,-12.000000
3510,USDJPY,2025.02.20 15:57,false,13.000000
3511,USDJPY,2025.02.20 16:11,true,13.000000
3512,USDJPY,2025.02.20 16:20,false,1.000000
3513,USDJPY,2025.02.20 16:22,false,0.000000
3514,USDJPY,2025.02.20 16:24,true,25.000000
3515,USDJPY,2025.02.20 16:26,false,0.000000
3516,USDJPY,2025.02.20 16:32,true,-12.000000
3517,USDJPY,2025.02.20 17:17,false,0.000000
3518,USDJPY,2025.02.20 17:18,false,0.000000
3519,USDJPY,2025.02.20 17:22,false,0.000000
3520,USDJPY,2025.02.20 17:28,true,0.000000
3521,USDJPY,2025.02.20 17:30,true,-12.000000
3522,USDJPY,2025.02.20 17:37,true,-12.000000
3523,USDJPY,2025.02.20 17:55,true,-12.000000
3524,USDJPY,2025.02.20 17:59,true,-12.000000
3525,USDJPY,2025.02.20 18:13,true,-12.000000
3526,USDJPY,2025.02.20 18:17,true,-12.000000
3527,USDJPY,2025.02.20 19:09,false,12.000000
3528,USDJPY,2025.02.20 19:10,false,12.000000
3529,USDJPY,2025.02.20 19:21,true,-12.000000
3530,USDJPY,2025.02.20 19:31,true,-12.000000
3531,USDJPY,2025.02.20 19:32,true,-12.000000
3532,USDJPY,2025.02.20 20:10,false,12.000000
3533,USDJPY,2025.02.20 20:17,true,0.000000
3534,USDJPY,2025.02.20 20:23,true,0.000000
3535,USDJPY,2025.02.20 20:26,true,0.000000
3536,USDJPY,2025.02.20 22:04,false,0.000000
3537,USDJPY,2025.02.20 22:06,false,0.000000
3538,USDJPY,2025.02.20 22:14,false,0.000000
3539,USDJPY,2025.02.20 22:17,true,0.000000
3540,USDJPY,2025.02.20 22:20,true,0.000000
3541,USDJPY,2025.02.20 22:43,true,1.000000
3542,USDJPY,2025.02.20 22:51,true,0.000000
3543,USDJPY,2025.02.20 22:56,true,0.000000
3544,USDJPY,2025.02.20 23:10,true,0.000000
3545,USDJPY,2025.02.20 23:13,true,1.000000
3546,USDJPY,2025.02.20 23:15,true,1.000000
3547,USDJPY,2025.02.20 23:36,true,-11.000000
3548,USDJPY,2025.02.20 23:45,false,0.000000
3549,USDJPY,2025.02.21 00:20,false,2.000000
3550,USDJPY,2025.02.21 01:02,true,-1.000000
3551,USDJPY,2025.02.21 01:20,false,14.000000
3552,USDJPY,2025.02.21 01:34,true,-14.000000
3553,USDJPY,2025.02.21 01:40,false,14.000000
3554,USDJPY,2025.02.21 02:25,false,3.000000
3555,USDJPY,2025.02.21 02:26,false,3.000000
3556,USDJPY,2025.02.21 02:44,true,-14.000000
3557,USDJPY,2025.02.21 02:53,true,-14.000000
3558,USDJPY,2025.02.21 03:12,false,2.000000
3559,USDJPY,2025.02.21 03:14,false,14.000000
3560,USDJPY,2025.02.21 03:16,true,-14.000000
3561,USDJPY,2025.02.21 03:19,false,14.000000
3562,USDJPY,2025.02.21 03:21,true,-14.000000
3563,USDJPY,2025.02.21 05:30,false,33.000000
3564,USDJPY,2025.02.21 05:40,false,14.000000
3565,USDJPY,2025.02.21 05:42,false,14.000000
3566,USDJPY,2025.02.21 06:16,true,-13.000000
3567,USDJPY,2025.02.21 06:24,true,-13.000000
3568,USDJPY,2025.02.21 06:26,true,-14.000000
3569,USDJPY,2025.02.21 06:30,true,-2.000000
3570,USDJPY,2025.02.21 06:36,true,-2.000000
3571,USDJPY,2025.02.21 07:04,false,2.000000
3572,USDJPY,2025.02.21 07:38,false,2.000000
3573,USDJPY,2025.02.21 07:44,false,2.000000
3574,USDJPY,2025.02.21 07:46,false,2.000000
3575,USDJPY,2025.02.21 07:57,false,2.000000
3576,USDJPY,2025.02.21 07:59,false,2.000000
3577,USDJPY,2025.02.21 08:02,true,-1.000000
3578,USDJPY,2025.02.21 08:03,true,-2.000000
3579,USDJPY,2025.02.21 08:05,true,-2.000000
3580,USDJPY,2025.02.21 08:07,true,-2.000000
3581,USDJPY,2025.02.21 08:09,true,-2.000000
3582,USDJPY,2025.02.21 08:10,false,2.000000
3583,USDJPY,2025.02.21 08:11,true,-2.000000
3584,USDJPY,2025.02.21 08:42,true,-2.000000
3585,USDJPY,2025.02.21 08:44,true,-2.000000
3586,USDJPY,2025.02.21 08:48,true,-2.000000
3587,USDJPY,2025.02.21 08:50,false,2.000000
3588,USDJPY,2025.02.21 08:51,false,2.000000
3589,USDJPY,2025.02.21 08:53,true,-2.000000
3590,USDJPY,2025.02.21 09:01,false,2.000000
3591,USDJPY,2025.02.21 09:04,false,2.000000
3592,USDJPY,2025.02.21 09:08,true,-2.000000
3593,USDJPY,2025.02.21 09:19,true,-2.000000
3594,USDJPY,2025.02.21 09:34,false,3.000000
3595,USDJPY,2025.02.21 09:53,true,-2.000000
3596,USDJPY,2025.02.21 09:58,false,3.000000
3597,USDJPY,2025.02.21 09:59,false,14.000000
3598,USDJPY,2025.02.21 10:01,false,14.000000
3599,USDJPY,2025.02.21 10:05,true,-14.000000
3600,USDJPY,2025.02.21 10:27,true,-14.000000
3601,USDJPY,2025.02.21 10:35,false,2.000000
3602,USDJPY,2025.02.21 11:35,true,-2.000000
3603,USDJPY,2025.02.21 11:42,true,-2.000000
3604,USDJPY,2025.02.21 11:43,true,-2.000000
3605,USDJPY,2025.02.21 11:45,true,-14.000000
3606,USDJPY,2025.02.21 11:49,true,-14.000000
3607,USDJPY,2025.02.21 12:20,true,-14.000000
3608,USDJPY,2025.02.21 12:36,true,-14.000000
3609,USDJPY,2025.02.21 13:03,false,14.000000
3610,USDJPY,2025.02.21 13:07,false,14.000000
3611,USDJPY,2025.02.21 13:08,false,14.000000
3612,USDJPY,2025.02.21 13:14,false,14.000000
3613,USDJPY,2025.02.21 13:16,true,-14.000000
3614,USDJPY,2025.02.21 13:18,true,-14.000000
3615,USDJPY,2025.02.21 13:52,true,-14.000000
3616,USDJPY,2025.02.21 13:53,true,-14.000000
3617,USDJPY,2025.02.21 13:54,true,-14.000000
3618,USDJPY,2025.02.21 13:56,true,-14.000000
3619,USDJPY,2025.02.21 14:02,true,-2.000000
3620,USDJPY,2025.02.21 14:04,true,-2.000000
3621,USDJPY,2025.02.21 14:39,false,2.000000
3622,USDJPY,2025.02.21 15:14,true,-2.000000
3623,USDJPY,2025.02.21 15:45,false,2.000000
3624,USDJPY,2025.02.21 16:15,true,-2.000000
3625,USDJPY,2025.02.21 17:29,true,-2.000000
3626,USDJPY,2025.02.21 17:31,true,-2.000000
3627,USDJPY,2025.02.21 17:38,true,-2.000000
3628,USDJPY,2025.02.21 19:09,false,2.000000
3629,USDJPY,2025.02.21 19:14,true,-2.000000
3630,USDJPY,2025.02.21 19:30,true,-2.000000
3631,USDJPY,2025.02.21 19:42,true,-2.000000
3632,USDJPY,2025.02.21 20:24,false,14.000000
3633,USDJPY,2025.02.21 20:28,false,14.000000
3634,USDJPY,2025.02.21 20:32,false,14.000000
3635,USDJPY,2025.02.21 20:41,false,14.000000
3636,USDJPY,2025.02.21 20:47,false,14.000000
3637,USDJPY,2025.02.21 20:51,false,14.000000
3638,USDJPY,2025.02.21 20:55,false,14.000000
3639,USDJPY,2025.02.21 21:13,true,8.000000
3640,USDJPY,2025.02.21 21:14,true,19.000000
3641,USDJPY,2025.02.21 21:17,true,19.000000
3642,USDJPY,2025.02.21 21:18,true,19.000000
3643,USDJPY,2025.02.21 21:39,false,14.000000
3644,USDJPY,2025.02.21 21:42,false,14.000000
3645,USDJPY,2025.02.21 21:45,false,14.000000
3646,USDJPY,2025.02.21 21:54,false,14.000000
3647,USDJPY,2025.02.21 22:06,true,7.000000
3648,USDJPY,2025.02.21 22:19,true,7.000000
3649,USDJPY,2025.02.24 00:22,true,8.000000
3650,USDJPY,2025.02.24 00:51,true,8.000000
3651,USDJPY,2025.02.24 01:03,true,7.000000
3652,USDJPY,2025.02.24 01:05,true,7.000000
3653,USDJPY,2025.02.24 01:36,false,2.000000
3654,USDJPY,2025.02.24 01:38,false,2.000000
3655,USDJPY,2025.02.24 01:48,true,19.000000
3656,USDJPY,2025.02.24 02:00,false,22.000000
3657,USDJPY,2025.02.24 02:04,true,-2.000000
3658,USDJPY,2025.02.24 02:27,false,14.000000
3659,USDJPY,2025.02.24 02:34,false,14.000000
3660,USDJPY,2025.02.24 02:39,false,14.000000
3661,USDJPY,2025.02.24 03:01,true,7.000000
3662,USDJPY,2025.02.24 03:10,false,14.000000
3663,USDJPY,2025.02.24 03:17,false,14.000000
3664,USDJPY,2025.02.24 03:25,true,7.000000
3665,USDJPY,2025.02.24 03:34,false,14.000000
3666,USDJPY,2025.02.24 03:43,false,15.000000
3667,USDJPY,2025.02.24 04:27,false,3.000000
3668,USDJPY,2025.02.24 04:32,false,14.000000
3669,USDJPY,2025.02.24 04:36,false,14.000000
3670,USDJPY,2025.02.24 04:37,false,14.000000
3671,USDJPY,2025.02.24 05:06,true,-14.000000
3672,USDJPY,2025.02.24 05:07,false,14.000000
3673,USDJPY,2025.02.24 05:16,true,-2.000000
3674,USDJPY,2025.02.24 05:19,true,-2.000000
3675,USDJPY,2025.02.24 05:56,false,2.000000
3676,USDJPY,2025.02.24 06:55,true,19.000000
3677,USDJPY,2025.02.24 07:00,true,19.000000
3678,USDJPY,2025.02.24 07:02,true,19.000000
3679,USDJPY,2025.02.24 07:03,false,2.000000
3680,USDJPY,2025.02.24 07:04,true,19.000000
3681,USDJPY,2025.02.24 07:07,false,2.000000
3682,USDJPY,2025.02.24 07:34,false,2.000000
3683,USDJPY,2025.02.24 07:53,false,2.000000
3684,USDJPY,2025.02.24 07:58,true,-2.000000
3685,USDJPY,2025.02.24 08:04,true,-2.000000
3686,USDJPY,2025.02.24 08:05,true,-2.000000
3687,USDJPY,2025.02.24 08:08,true,-2.000000
3688,USDJPY,2025.02.24 08:17,false,2.000000
3689,USDJPY,2025.02.24 08:18,false,2.000000
3690,USDJPY,2025.02.24 08:21,false,2.000000
3691,USDJPY,2025.02.24 08:37,false,2.000000
3692,USDJPY,2025.02.24 08:39,true,-2.000000
3693,USDJPY,2025.02.24 08:53,false,3.000000
3694,USDJPY,2025.02.24 08:56,false,2.000000
3695,USDJPY,2025.02.24 08:59,false,14.000000
3696,USDJPY,2025.02.24 09:00,false,14.000000
3697,USDJPY,2025.02.24 09:02,true,-14.000000
3698,USDJPY,2025.02.24 09:18,false,14.000000
3699,USDJPY,2025.02.24 09:27,true,-14.000000
3700,USDJPY,2025.02.24 09:30,false,14.000000
3701,USDJPY,2025.02.24 09:33,false,14.000000
3702,USDJPY,2025.02.24 09:36,false,14.000000
3703,USDJPY,2025.02.24 09:38,false,14.000000
3704,USDJPY,2025.02.24 09:54,false,14.000000
3705,USDJPY,2025.02.24 10:03,false,2.000000
3706,USDJPY,2025.02.24 10:08,false,3.000000
3707,USDJPY,2025.02.24 10:22,true,-14.000000
3708,USDJPY,2025.02.24 10:49,false,14.000000
3709,USDJPY,2025.02.24 10:52,false,14.000000
3710,USDJPY,2025.02.24 10:55,false,14.000000
3711,USDJPY,2025.02.24 11:21,true,-2.000000
3712,USDJPY,2025.02.24 11:22,true,-2.000000
3713,USDJPY,2025.02.24 11:55,true,-2.000000
3714,USDJPY,2025.02.24 12:25,false,21.000000
3715,USDJPY,2025.02.24 12:39,false,21.000000
3716,USDJPY,2025.02.24 13:36,true,-2.000000
3717,USDJPY,2025.02.24 13:50,false,21.000000
3718,USDJPY,2025.02.24 13:51,false,21.000000
3719,USDJPY,2025.02.24 13:54,false,21.000000
3720,USDJPY,2025.02.24 13:55,false,21.000000
3721,USDJPY,2025.02.24 13:57,true,-2.000000
3722,USDJPY,2025.02.24 13:58,true,-2.000000
3723,USDJPY,2025.02.24 14:00,true,-2.000000
3724,USDJPY,2025.02.24 14:01,false,21.000000
3725,USDJPY,2025.02.24 14:07,true,-2.000000
3726,USDJPY,2025.02.24 14:13,true,-1.000000
3727,USDJPY,2025.02.24 14:23,true,-2.000000
3728,USDJPY,2025.02.24 14:26,false,21.000000
3729,USDJPY,2025.02.24 14:29,false,33.000000
3730,USDJPY,2025.02.24 14:50,true,-14.000000
3731,USDJPY,2025.02.24 14:57,false,33.000000
3732,USDJPY,2025.02.24 14:59,false,33.000000
3733,USDJPY,2025.02.24 15:06,false,33.000000
3734,USDJPY,2025.02.24 15:43,true,-2.000000
3735,USDJPY,2025.02.24 15:45,true,-2.000000
3736,USDJPY,2025.02.24 15:53,false,23.000000
3737,USDJPY,2025.02.24 16:02,true,-14.000000
3738,USDJPY,2025.02.24 16:04,false,33.000000
3739,USDJPY,2025.02.24 16:12,true,-14.000000
3740,USDJPY,2025.02.24 16:26,true,-2.000000
3741,USDJPY,2025.02.24 16:28,true,-2.000000
3742,USDJPY,2025.02.24 16:31,true,-1.000000
3743,USDJPY,2025.02.24 16:45,true,-14.000000
3744,USDJPY,2025.02.24 17:04,true,-14.000000
3745,USDJPY,2025.02.24 17:32,true,-14.000000
3746,USDJPY,2025.02.24 17:35,true,-14.000000
3747,USDJPY,2025.02.24 17:47,true,-14.000000
3748,USDJPY,2025.02.24 17:49,true,-14.000000
3749,USDJPY,2025.02.24 17:53,true,-14.000000
3750,USDJPY,2025.02.24 19:04,true,-1.000000
3751,USDJPY,2025.02.24 19:05,true,-1.000000
3752,USDJPY,2025.02.24 19:07,true,-2.000000
3753,USDJPY,2025.02.24 19:13,true,-1.000000
3754,USDJPY,2025.02.24 19:15,true,-2.000000
3755,USDJPY,2025.02.24 19:17,true,-2.000000
3756,USDJPY,2025.02.24 19:20,true,-2.000000
3757,USDJPY,2025.02.24 19:28,false,21.000000
3758,USDJPY,2025.02.24 19:46,false,21.000000
3759,USDJPY,2025.02.24 20:56,false,21.000000
3760,USDJPY,2025.02.24 21:23,true,-2.000000
3761,USDJPY,2025.02.24 21:29,true,-2.000000
3762,USDJPY,2025.02.24 22:01,true,-2.000000
3763,USDJPY,2025.02.24 22:56,true,-2.000000
3764,USDJPY,2025.02.24 22:59,true,-2.000000
3765,USDJPY,2025.02.24 23:00,true,-2.000000
3766,USDJPY,2025.02.24 23:15,false,21.000000
3767,USDJPY,2025.02.25 00:30,true,-2.000000
3768,USDJPY,2025.02.25 01:22,true,-2.000000
3769,USDJPY,2025.02.25 01:25,true,-2.000000
3770,USDJPY,2025.02.25 01:30,false,22.000000
3771,USDJPY,2025.02.25 01:52,true,-2.000000
3772,USDJPY,2025.02.25 01:55,true,-2.000000
3773,USDJPY,2025.02.25 01:57,true,-2.000000
3774,USDJPY,2025.02.25 01:58,false,21.000000
3775,USDJPY,2025.02.25 02:50,false,21.000000
3776,USDJPY,2025.02.25 03:22,false,3.000000
3777,USDJPY,2025.02.25 03:24,false,2.000000
3778,USDJPY,2025.02.25 03:27,false,2.000000
3779,USDJPY,2025.02.25 03:41,true,-14.000000
3780,USDJPY,2025.02.25 03:51,true,-14.000000
3781,USDJPY,2025.02.25 04:03,true,-13.000000
3782,USDJPY,2025.02.25 05:08,false,21.000000
3783,USDJPY,2025.02.25 05:30,false,21.000000
3784,USDJPY,2025.02.25 05:34,true,-1.000000
3785,USDJPY,2025.02.25 06:30,true,-13.000000
3786,USDJPY,2025.02.25 06:36,true,-13.000000
3787,USDJPY,2025.02.25 06:53,true,-14.000000
3788,USDJPY,2025.02.25 06:55,true,-14.000000
3789,USDJPY,2025.02.25 08:42,false,22.000000
3790,USDJPY,2025.02.25 08:44,false,23.000000
3791,USDJPY,2025.02.25 08:45,false,23.000000
3792,USDJPY,2025.02.25 08:54,false,23.000000
3793,USDJPY,2025.02.25 08:56,false,23.000000
3794,USDJPY,2025.02.25 09:22,true,-13.000000
3795,USDJPY,2025.02.25 10:28,false,22.000000
3796,USDJPY,2025.02.25 10:31,false,33.000000
3797,USDJPY,2025.02.25 10:33,false,33.000000
3798,USDJPY,2025.02.25 10:34,false,33.000000
3799,USDJPY,2025.02.25 10:38,false,33.000000
3800,USDJPY,2025.02.25 11:57,true,-13.000000
3801,USDJPY,2025.02.25 12:08,false,34.000000
3802,USDJPY,2025.02.25 12:15,false,22.000000
3803,USDJPY,2025.02.25 12:17,false,22.000000
3804,USDJPY,2025.02.25 12:27,false,22.000000
3805,USDJPY,2025.02.25 12:30,false,23.000000
3806,USDJPY,2025.02.25 12:59,true,-2.000000
3807,USDJPY,2025.02.25 13:02,true,-2.000000
3808,USDJPY,2025.02.25 13:11,true,-2.000000
3809,USDJPY,2025.02.25 13:12,false,22.000000
3810,USDJPY,2025.02.25 13:46,false,34.000000
3811,USDJPY,2025.02.25 13:47,true,-14.000000
3812,USDJPY,2025.02.25 15:05,false,22.000000
3813,USDJPY,2025.02.25 15:24,false,22.000000
3814,USDJPY,2025.02.25 16:30,true,-14.000000
3815,USDJPY,2025.02.25 16:36,true,-14.000000
3816,USDJPY,2025.02.25 17:33,true,7.000000
3817,USDJPY,2025.02.25 18:02,false,15.000000
3818,USDJPY,2025.02.25 18:06,false,15.000000
3819,USDJPY,2025.02.25 18:08,false,15.000000
3820,USDJPY,2025.02.25 18:10,false,15.000000
3821,USDJPY,2025.02.25 18:14,false,15.000000
3822,USDJPY,2025.02.25 18:30,false,14.000000
3823,USDJPY,2025.02.25 18:50,true,-14.000000
3824,USDJPY,2025.02.25 18:51,true,-14.000000
3825,USDJPY,2025.02.25 18:53,true,-14.000000
3826,USDJPY,2025.02.25 18:58,false,15.000000
3827,USDJPY,2025.02.25 19:17,false,2.000000
3828,USDJPY,2025.02.25 19:18,false,2.000000
3829,USDJPY,2025.02.25 19:26,false,2.000000
3830,USDJPY,2025.02.25 19:30,false,2.000000
3831,USDJPY,2025.02.25 19:34,false,2.000000
3832,USDJPY,2025.02.25 19:36,false,2.000000
3833,USDJPY,2025.02.25 19:39,false,2.000000
3834,USDJPY,2025.02.25 20:02,false,2.000000
3835,USDJPY,2025.02.25 20:03,false,2.000000
3836,USDJPY,2025.02.25 20:04,true,-2.000000
3837,USDJPY,2025.02.25 20:05,true,-2.000000
3838,USDJPY,2025.02.25 20:38,true,-14.000000
3839,USDJPY,2025.02.25 20:42,true,-14.000000
3840,USDJPY,2025.02.25 20:49,true,-14.000000
3841,USDJPY,2025.02.25 21:22,false,14.000000
3842,USDJPY,2025.02.25 21:28,false,14.000000
3843,USDJPY,2025.02.25 21:31,true,-12.000000
3844,USDJPY,2025.02.25 21:35,false,14.000000
3845,USDJPY,2025.02.25 21:36,true,-12.000000
3846,USDJPY,2025.02.25 21:57,true,-2.000000
3847,USDJPY,2025.02.25 22:04,true,-2.000000
3848,USDJPY,2025.02.25 22:34,true,-1.000000
3849,USDJPY,2025.02.25 23:32,true,-2.000000
3850,USDJPY,2025.02.25 23:35,true,-2.000000
3851,USDJPY,2025.02.25 23:41,true,-2.000000
3852,USDJPY,2025.02.25 23:46,true,-2.000000
3853,USDJPY,2025.02.26 00:16,true,-2.000000
3854,USDJPY,2025.02.26 00:24,false,2.000000
3855,USDJPY,2025.02.26 00:37,true,-2.000000
3856,USDJPY,2025.02.26 00:40,true,-2.000000
3857,USDJPY,2025.02.26 00:46,true,-2.000000
3858,USDJPY,2025.02.26 01:09,false,3.000000
3859,USDJPY,2025.02.26 01:12,false,3.000000
3860,USDJPY,2025.02.26 01:23,false,14.000000
3861,USDJPY,2025.02.26 01:31,true,-13.000000
3862,USDJPY,2025.02.26 02:35,false,3.000000
3863,USDJPY,2025.02.26 02:48,true,-14.000000
3864,USDJPY,2025.02.26 02:53,true,-14.000000
3865,USDJPY,2025.02.26 02:55,false,14.000000
3866,USDJPY,2025.02.26 03:08,false,14.000000
3867,USDJPY,2025.02.26 03:17,true,-14.000000
3868,USDJPY,2025.02.26 03:19,true,-14.000000
3869,USDJPY,2025.02.26 03:53,false,4.000000
3870,USDJPY,2025.02.26 04:36,false,3.000000
3871,USDJPY,2025.02.26 05:18,false,33.000000
3872,USDJPY,2025.02.26 05:31,false,21.000000
3873,USDJPY,2025.02.26 05:40,false,21.000000
3874,USDJPY,2025.02.26 05:48,false,21.000000
3875,USDJPY,2025.02.26 06:08,false,21.000000
3876,USDJPY,2025.02.26 06:10,false,21.000000
3877,USDJPY,2025.02.26 06:18,false,22.000000
3878,USDJPY,2025.02.26 06:30,true,-14.000000
3879,USDJPY,2025.02.26 06:35,true,-13.000000
3880,USDJPY,2025.02.26 06:54,false,21.000000
3881,USDJPY,2025.02.26 06:56,false,21.000000
3882,USDJPY,2025.02.26 06:58,false,21.000000
3883,USDJPY,2025.02.26 07:59,true,-2.000000
3884,USDJPY,2025.02.26 08:15,true,-2.000000
3885,USDJPY,2025.02.26 08:24,false,21.000000
3886,USDJPY,2025.02.26 08:26,true,-2.000000
3887,USDJPY,2025.02.26 08:31,false,21.000000
3888,USDJPY,2025.02.26 08:35,false,21.000000
3889,USDJPY,2025.02.26 08:39,false,21.000000
3890,USDJPY,2025.02.26 08:41,false,21.000000
3891,USDJPY,2025.02.26 08:44,false,21.000000
3892,USDJPY,2025.02.26 08:48,true,-2.000000
3893,USDJPY,2025.02.26 08:53,false,22.000000
3894,USDJPY,2025.02.26 09:46,true,-13.000000
3895,USDJPY,2025.02.26 11:10,false,14.000000
3896,USDJPY,2025.02.26 11:18,true,-13.000000
3897,USDJPY,2025.02.26 12:02,false,2.000000
3898,USDJPY,2025.02.26 12:10,false,2.000000
3899,USDJPY,2025.02.26 12:41,false,2.000000
3900,USDJPY,2025.02.26 12:43,true,-2.000000
3901,USDJPY,2025.02.26 12:45,true,-2.000000
3902,USDJPY,2025.02.26 13:13,false,3.000000
3903,USDJPY,2025.02.26 13:55,true,-2.000000
3904,USDJPY,2025.02.26 13:56,true,-2.000000
3905,USDJPY,2025.02.26 13:59,true,-2.000000
3906,USDJPY,2025.02.26 14:01,true,-2.000000
3907,USDJPY,2025.02.26 14:05,false,2.000000
3908,USDJPY,2025.02.26 14:08,false,2.000000
3909,USDJPY,2025.02.26 14:10,true,-2.000000
3910,USDJPY,2025.02.26 14:12,true,-2.000000
3911,USDJPY,2025.02.26 14:13,false,2.000000
3912,USDJPY,2025.02.26 14:15,false,2.000000
3913,USDJPY,2025.02.26 14:17,false,2.000000
3914,USDJPY,2025.02.26 14:19,true,-2.000000
3915,USDJPY,2025.02.26 14:20,true,-2.000000
3916,USDJPY,2025.02.26 14:21,false,2.000000
3917,USDJPY,2025.02.26 14:29,false,2.000000
3918,USDJPY,2025.02.26 14:33,true,-2.000000
3919,USDJPY,2025.02.26 14:37,true,-2.000000
3920,USDJPY,2025.02.26 14:44,true,-2.000000
3921,USDJPY,2025.02.26 14:46,true,-2.000000
3922,USDJPY,2025.02.26 15:32,true,-2.000000
3923,USDJPY,2025.02.26 15:41,true,-2.000000
3924,USDJPY,2025.02.26 15:42,false,2.000000
3925,USDJPY,2025.02.26 15:48,true,-2.000000
3926,USDJPY,2025.02.26 16:55,false,22.000000
3927,USDJPY,2025.02.26 17:31,true,-13.000000
3928,USDJPY,2025.02.26 18:18,true,-14.000000
3929,USDJPY,2025.02.26 18:24,true,-14.000000
3930,USDJPY,2025.02.26 18:45,true,-2.000000
3931,USDJPY,2025.02.26 18:51,true,-2.000000
3932,USDJPY,2025.02.26 19:38,true,-2.000000
3933,USDJPY,2025.02.26 19:48,true,-2.000000
3934,USDJPY,2025.02.26 19:51,true,-2.000000
3935,USDJPY,2025.02.26 20:03,true,-2.000000
3936,USDJPY,2025.02.26 20:15,false,2.000000
3937,USDJPY,2025.02.26 20:47,true,-14.000000
3938,USDJPY,2025.02.26 20:49,true,-14.000000
3939,USDJPY,2025.02.26 20:52,false,14.000000
3940,USDJPY,2025.02.26 21:23,true,-14.000000
3941,USDJPY,2025.02.26 21:35,false,14.000000
3942,USDJPY,2025.02.26 21:44,true,-14.000000
3943,USDJPY,2025.02.26 21:45,false,14.000000
3944,USDJPY,2025.02.26 21:47,false,14.000000
3945,USDJPY,2025.02.26 21:49,false,14.000000
3946,USDJPY,2025.02.26 21:52,false,14.000000
3947,USDJPY,2025.02.26 21:57,true,-14.000000
3948,USDJPY,2025.02.26 21:59,true,-14.000000
3949,USDJPY,2025.02.26 22:32,true,-14.000000
3950,USDJPY,2025.02.26 22:36,false,14.000000
3951,USDJPY,2025.02.26 22:40,false,14.000000
3952,USDJPY,2025.02.26 23:03,false,14.000000
3953,USDJPY,2025.02.27 01:39,true,-14.000000
3954,USDJPY,2025.02.27 01:46,false,14.000000
3955,USDJPY,2025.02.27 02:02,true,-2.000000
3956,USDJPY,2025.02.27 02:25,true,-2.000000
3957,USDJPY,2025.02.27 02:37,false,2.000000
3958,USDJPY,2025.02.27 02:41,true,-2.000000
3959,USDJPY,2025.02.27 03:26,false,2.000000
3960,USDJPY,2025.02.27 05:29,false,2.000000
3961,USDJPY,2025.02.27 05:30,false,2.000000
3962,USDJPY,2025.02.27 05:55,false,2.000000
3963,USDJPY,2025.02.27 05:59,false,2.000000
3964,USDJPY,2025.02.27 06:41,true,-2.000000
3965,USDJPY,2025.02.27 06:42,false,2.000000
3966,USDJPY,2025.02.27 06:46,true,-2.000000
3967,USDJPY,2025.02.27 07:03,true,-14.000000
3968,USDJPY,2025.02.27 07:05,true,-14.000000
3969,USDJPY,2025.02.27 07:06,false,14.000000
3970,USDJPY,2025.02.27 07:10,true,-14.000000
3971,USDJPY,2025.02.27 07:32,false,14.000000
3972,USDJPY,2025.02.27 07:47,true,-14.000000
3973,USDJPY,2025.02.27 07:56,true,-14.000000
3974,USDJPY,2025.02.27 08:02,false,15.000000
3975,USDJPY,2025.02.27 08:05,false,14.000000
3976,USDJPY,2025.02.27 08:11,false,14.000000
3977,USDJPY,2025.02.27 08:45,true,-14.000000
3978,USDJPY,2025.02.27 08:50,true,-13.000000
3979,USDJPY,2025.02.27 08:59,true,-13.000000
3980,USDJPY,2025.02.27 09:01,true,-13.000000
3981,USDJPY,2025.02.27 09:17,false,2.000000
3982,USDJPY,2025.02.27 09:27,false,2.000000
3983,USDJPY,2025.02.27 09:37,true,-1.000000
3984,USDJPY,2025.02.27 09:41,true,-2.000000
3985,USDJPY,2025.02.27 09:45,false,2.000000
3986,USDJPY,2025.02.27 09:51,true,-2.000000
3987,USDJPY,2025.02.27 10:06,true,-1.000000
3988,USDJPY,2025.02.27 10:16,true,-2.000000
3989,USDJPY,2025.02.27 10:18,true,-2.000000
3990,USDJPY,2025.02.27 11:11,false,2.000000
3991,USDJPY,2025.02.27 11:20,false,2.000000
3992,USDJPY,2025.02.27 11:24,false,2.000000
3993,USDJPY,2025.02.27 11:25,true,-2.000000
3994,USDJPY,2025.02.27 11:33,false,2.000000
3995,USDJPY,2025.02.27 12:32,true,-1.000000
3996,USDJPY,2025.02.27 12:36,true,-2.000000
3997,USDJPY,2025.02.27 12:53,true,-2.000000
3998,USDJPY,2025.02.27 12:56,true,-2.000000
3999,USDJPY,2025.02.27 13:22,true,-2.000000
4000,USDJPY,2025.02.27 13:23,true,-2.000000
4001,USDJPY,2025.02.27 13:26,true,-2.000000
4002,USDJPY,2025.02.27 14:00,false,21.000000
4003,USDJPY,2025.02.27 14:39,true,-1.000000
4004,USDJPY,2025.02.27 14:41,true,-1.000000
4005,USDJPY,2025.02.27 14:45,true,-1.000000
4006,USDJPY,2025.02.27 14:46,true,-1.000000
4007,USDJPY,2025.02.27 14:49,false,21.000000
4008,USDJPY,2025.02.27 14:57,true,-1.000000
4009,USDJPY,2025.02.27 14:59,true,-13.000000
4010,USDJPY,2025.02.27 15:00,false,33.000000
4011,USDJPY,2025.02.27 15:03,true,-13.000000
4012,USDJPY,2025.02.27 15:48,true,-2.000000
4013,USDJPY,2025.02.27 16:15,false,33.000000
4014,USDJPY,2025.02.27 16:17,false,33.000000
4015,USDJPY,2025.02.27 16:45,true,-14.000000
4016,USDJPY,2025.02.27 16:47,true,-14.000000
4017,USDJPY,2025.02.27 16:51,true,-14.000000
4018,USDJPY,2025.02.27 17:16,true,-2.000000
4019,USDJPY,2025.02.27 17:17,false,21.000000
4020,USDJPY,2025.02.27 17:18,true,-2.000000
4021,USDJPY,2025.02.27 17:22,true,-2.000000
4022,USDJPY,2025.02.27 17:44,false,21.000000
4023,USDJPY,2025.02.27 17:48,false,21.000000
4024,USDJPY,2025.02.27 18:04,false,21.000000
4025,USDJPY,2025.02.27 18:05,true,-2.000000
4026,USDJPY,2025.02.27 18:07,true,-2.000000
4027,USDJPY,2025.02.27 18:09,false,21.000000
4028,USDJPY,2025.02.27 19:09,true,-2.000000
4029,USDJPY,2025.02.27 19:13,true,-2.000000
4030,USDJPY,2025.02.27 19:18,false,21.000000
4031,USDJPY,2025.02.27 19:23,false,22.000000
4032,USDJPY,2025.02.27 19:43,true,-2.000000
4033,USDJPY,2025.02.27 19:52,true,-2.000000
4034,USDJPY,2025.02.27 19:57,true,-2.000000
4035,USDJPY,2025.02.27 19:59,true,-2.000000
4036,USDJPY,2025.02.27 20:05,true,-2.000000
4037,USDJPY,2025.02.27 20:07,true,-2.000000
4038,USDJPY,2025.02.27 20:10,true,-2.000000
4039,USDJPY,2025.02.27 20:12,true,-2.000000
4040,USDJPY,2025.02.27 20:17,false,21.000000
4041,USDJPY,2025.02.27 20:19,false,21.000000
4042,USDJPY,2025.02.27 20:44,true,-2.000000
4043,USDJPY,2025.02.27 20:50,false,21.000000
4044,USDJPY,2025.02.27 20:52,false,21.000000
4045,USDJPY,2025.02.27 20:55,false,21.000000
4046,USDJPY,2025.02.27 20:57,false,21.000000
4047,USDJPY,2025.02.27 21:06,false,21.000000
4048,USDJPY,2025.02.27 21:25,true,-14.000000
4049,USDJPY,2025.02.27 21:55,true,-14.000000
4050,USDJPY,2025.02.27 23:02,true,-1.000000
4051,USDJPY,2025.02.27 23:16,true,-1.000000
4052,USDJPY,2025.02.27 23:19,true,-1.000000
4053,USDJPY,2025.02.27 23:24,true,-1.000000
4054,USDJPY,2025.02.27 23:28,true,-1.000000
4055,USDJPY,2025.02.27 23:43,false,21.000000
4056,USDJPY,2025.02.27 23:45,false,21.000000
4057,USDJPY,2025.02.27 23:52,false,21.000000
4058,USDJPY,2025.02.27 23:54,false,21.000000
4059,USDJPY,2025.02.28 00:02,true,-2.000000
4060,USDJPY,2025.02.28 00:08,true,-2.000000
4061,USDJPY,2025.02.28 00:10,true,-2.000000
4062,USDJPY,2025.02.28 00:28,false,21.000000
4063,USDJPY,2025.02.28 00:51,true,-2.000000
4064,USDJPY,2025.02.28 00:54,true,-2.000000
4065,USDJPY,2025.02.28 01:30,true,-13.000000
4066,USDJPY,2025.02.28 02:03,false,22.000000
4067,USDJPY,2025.02.28 02:20,true,-13.000000
4068,USDJPY,2025.02.28 02:31,true,-12.000000
4069,USDJPY,2025.02.28 02:35,true,-13.000000
4070,USDJPY,2025.02.28 02:53,false,22.000000
4071,USDJPY,2025.02.28 03:21,true,-14.000000
4072,USDJPY,2025.02.28 03:50,false,34.000000
4073,USDJPY,2025.02.28 03:55,false,33.000000
4074,USDJPY,2025.02.28 03:59,false,14.000000
4075,USDJPY,2025.02.28 04:20,true,-14.000000
4076,USDJPY,2025.02.28 04:25,true,-14.000000
4077,USDJPY,2025.02.28 04:30,true,-2.000000
4078,USDJPY,2025.02.28 05:20,true,-2.000000
4079,USDJPY,2025.02.28 05:28,false,2.000000
4080,USDJPY,2025.02.28 05:30,false,2.000000
4081,USDJPY,2025.02.28 05:31,false,2.000000
4082,USDJPY,2025.02.28 05:33,false,2.000000
4083,USDJPY,2025.02.28 05:39,false,2.000000
4084,USDJPY,2025.02.28 05:56,true,-2.000000
4085,USDJPY,2025.02.28 06:08,false,2.000000
4086,USDJPY,2025.02.28 06:14,true,-2.000000
4087,USDJPY,2025.02.28 06:16,true,-2.000000
4088,USDJPY,2025.02.28 06:17,true,-2.000000
4089,USDJPY,2025.02.28 06:20,true,-2.000000
4090,USDJPY,2025.02.28 06:27,false,3.000000
4091,USDJPY,2025.02.28 06:30,false,14.000000
4092,USDJPY,2025.02.28 07:15,false,15.000000
4093,USDJPY,2025.02.28 08:05,true,-2.000000
4094,USDJPY,2025.02.28 08:58,false,4.000000
4095,USDJPY,2025.02.28 09:00,false,15.000000
4096,USDJPY,2025.02.28 09:10,false,15.000000
4097,USDJPY,2025.02.28 09:12,false,15.000000
4098,USDJPY,2025.02.28 09:13,false,15.000000
4099,USDJPY,2025.02.28 09:20,false,14.000000
4100,USDJPY,2025.02.28 09:34,false,14.000000
4101,USDJPY,2025.02.28 09:35,false,14.000000
4102,USDJPY,2025.02.28 09:36,false,14.000000
4103,USDJPY,2025.02.28 09:39,true,-14.000000
4104,USDJPY,2025.02.28 10:05,false,23.000000
4105,USDJPY,2025.02.28 10:23,true,-2.000000
4106,USDJPY,2025.02.28 10:42,true,-14.000000
4107,USDJPY,2025.02.28 10:44,true,-2.000000
4108,USDJPY,2025.02.28 11:16,true,-2.000000
4109,USDJPY,2025.02.28 11:20,true,-2.000000
4110,USDJPY,2025.02.28 11:29,true,-2.000000
4111,USDJPY,2025.02.28 11:31,false,42.000000
4112,USDJPY,2025.02.28 11:42,true,-2.000000
4113,USDJPY,2025.02.28 11:44,true,-2.000000
4114,USDJPY,2025.02.28 12:24,false,12.000000
4115,USDJPY,2025.02.28 12:39,false,12.000000
4116,USDJPY,2025.02.28 12:42,false,12.000000
4117,USDJPY,2025.02.28 12:43,false,12.000000
4118,USDJPY,2025.02.28 12:45,false,23.000000
4119,USDJPY,2025.02.28 12:50,false,23.000000
4120,USDJPY,2025.02.28 12:51,false,23.000000
4121,USDJPY,2025.02.28 13:50,false,11.000000
4122,USDJPY,2025.02.28 13:55,false,11.000000
4123,USDJPY,2025.02.28 14:05,false,11.000000
4124,USDJPY,2025.02.28 14:07,false,11.000000
4125,USDJPY,2025.02.28 14:13,false,11.000000
4126,USDJPY,2025.02.28 14:20,false,11.000000
4127,USDJPY,2025.02.28 14:29,true,10.000000
4128,USDJPY,2025.02.28 14:31,false,11.000000
4129,USDJPY,2025.02.28 14:41,true,10.000000
4130,USDJPY,2025.02.28 14:43,true,10.000000
4131,USDJPY,2025.02.28 15:21,true,-1.000000
4132,USDJPY,2025.02.28 15:30,true,10.000000
4133,USDJPY,2025.02.28 15:37,false,54.000000
4134,USDJPY,2025.02.28 15:45,false,42.000000
4135,USDJPY,2025.02.28 15:47,true,-2.000000
4136,USDJPY,2025.02.28 16:03,true,-2.000000
4137,USDJPY,2025.02.28 16:17,false,2.000000
4138,USDJPY,2025.02.28 16:19,false,2.000000
4139,USDJPY,2025.02.28 16:22,false,2.000000
4140,USDJPY,2025.02.28 16:26,true,-2.000000
4141,USDJPY,2025.02.28 16:59,true,-2.000000
4142,USDJPY,2025.02.28 17:03,false,2.000000
4143,USDJPY,2025.02.28 17:40,true,-13.000000
4144,USDJPY,2025.02.28 17:42,true,-13.000000
4145,USDJPY,2025.02.28 17:55,false,25.000000
4146,USDJPY,2025.02.28 18:09,true,-2.000000
4147,USDJPY,2025.02.28 18:32,true,-2.000000
4148,USDJPY,2025.02.28 18:37,false,3.000000
4149,USDJPY,2025.02.28 19:02,false,2.000000
4150,USDJPY,2025.02.28 19:03,false,2.000000
4151,USDJPY,2025.02.28 19:07,true,-2.000000
4152,USDJPY,2025.02.28 19:15,true,-2.000000
4153,USDJPY,2025.02.28 19:17,true,-2.000000
4154,USDJPY,2025.02.28 19:22,true,-2.000000
4155,USDJPY,2025.02.28 19:33,false,2.000000
4156,USDJPY,2025.02.28 19:53,true,-2.000000
4157,USDJPY,2025.02.28 20:14,true,-14.000000
4158,USDJPY,2025.02.28 20:28,false,14.000000
4159,USDJPY,2025.02.28 20:33,true,-2.000000
4160,USDJPY,2025.02.28 20:57,true,-2.000000
4161,USDJPY,2025.02.28 20:58,false,2.000000
4162,USDJPY,2025.02.28 21:00,true,-2.000000
4163,USDJPY,2025.02.28 21:03,false,2.000000
4164,USDJPY,2025.02.28 21:08,false,2.000000
4165,USDJPY,2025.02.28 21:32,false,2.000000
4166,USDJPY,2025.02.28 22:18,true,-2.000000
4167,USDJPY,2025.02.28 22:20,true,-2.000000
4168,USDJPY,2025.02.28 22:58,false,2.000000
4169,USDJPY,2025.02.28 23:04,true,-2.000000
4170,USDJPY,2025.02.28 23:05,true,-2.000000
4171,USDJPY,2025.02.28 23:10,false,2.000000
4172,USDJPY,2025.02.28 23:13,true,-2.000000
4173,USDJPY,2025.02.28 23:53,false,2.000000
4174,USDJPY,2025.03.03 00:52,true,-2.000000
4175,USDJPY,2025.03.03 01:03,false,3.000000
4176,USDJPY,2025.03.03 01:22,true,-2.000000
4177,USDJPY,2025.03.03 01:25,true,-2.000000
4178,USDJPY,2025.03.03 01:27,true,-2.000000
4179,USDJPY,2025.03.03 01:34,true,-2.000000
4180,USDJPY,2025.03.03 02:38,true,-14.000000
4181,USDJPY,2025.03.03 04:53,true,-2.000000
4182,USDJPY,2025.03.03 04:58,false,3.000000
4183,USDJPY,2025.03.03 05:01,false,14.000000
4184,USDJPY,2025.03.03 05:05,false,14.000000
4185,USDJPY,2025.03.03 05:10,false,14.000000
4186,USDJPY,2025.03.03 05:15,false,14.000000
4187,USDJPY,2025.03.03 05:25,true,-14.000000
4188,USDJPY,2025.03.03 05:32,true,-14.000000
4189,USDJPY,2025.03.03 05:40,false,14.000000
4190,USDJPY,2025.03.03 06:13,true,-14.000000
4191,USDJPY,2025.03.03 06:17,true,-14.000000
4192,USDJPY,2025.03.03 06:22,true,-13.000000
4193,USDJPY,2025.03.03 06:28,true,-13.000000
4194,USDJPY,2025.03.03 06:37,false,2.000000
4195,USDJPY,2025.03.03 06:40,false,2.000000
4196,USDJPY,2025.03.03 06:41,true,-2.000000
4197,USDJPY,2025.03.03 07:03,true,-14.000000
4198,USDJPY,2025.03.03 07:07,false,14.000000
4199,USDJPY,2025.03.03 07:09,true,-14.000000
4200,USDJPY,2025.03.03 07:10,true,-14.000000
4201,USDJPY,2025.03.03 07:32,false,15.000000
4202,USDJPY,2025.03.03 07:38,false,16.000000
4203,USDJPY,2025.03.03 07:46,false,15.000000
4204,USDJPY,2025.03.03 07:50,false,15.000000
4205,USDJPY,2025.03.03 07:53,true,-14.000000
4206,USDJPY,2025.03.03 07:56,false,15.000000
4207,USDJPY,2025.03.03 08:21,false,14.000000
4208,USDJPY,2025.03.03 08:34,false,3.000000
4209,USDJPY,2025.03.03 08:44,false,14.000000
4210,USDJPY,2025.03.03 08:46,false,14.000000
4211,USDJPY,2025.03.03 08:50,true,-14.000000
4212,USDJPY,2025.03.03 09:05,true,-14.000000
4213,USDJPY,2025.03.03 09:14,false,14.000000
4214,USDJPY,2025.03.03 09:25,false,14.000000
4215,USDJPY,2025.03.03 09:37,true,-14.000000
4216,USDJPY,2025.03.03 10:54,true,26.000000
4217,USDJPY,2025.03.03 11:03,true,26.000000
4218,USDJPY,2025.03.03 11:17,true,27.000000
4219,USDJPY,2025.03.03 11:18,true,27.000000
4220,USDJPY,2025.03.03 11:19,true,26.000000
4221,USDJPY,2025.03.03 11:22,true,26.000000
4222,USDJPY,2025.03.03 11:25,false,14.000000
4223,USDJPY,2025.03.03 11:28,true,26.000000
4224,USDJPY,2025.03.03 11:35,true,38.000000
4225,USDJPY,2025.03.03 12:50,false,9.000000
4226,USDJPY,2025.03.03 12:56,false,9.000000
4227,USDJPY,2025.03.03 14:56,true,10.000000
4228,USDJPY,2025.03.03 14:58,false,31.000000
4229,USDJPY,2025.03.03 15:00,true,-2.000000
4230,USDJPY,2025.03.03 15:03,true,-2.000000
4231,USDJPY,2025.03.03 15:19,true,-2.000000
4232,USDJPY,2025.03.03 15:21,true,-1.000000
4233,USDJPY,2025.03.03 16:12,true,-14.000000
4234,USDJPY,2025.03.03 16:15,true,-14.000000
4235,USDJPY,2025.03.03 16:23,true,-14.000000
4236,USDJPY,2025.03.03 16:32,true,-14.000000
4237,USDJPY,2025.03.03 18:04,false,3.000000
4238,USDJPY,2025.03.03 18:07,false,2.000000
4239,USDJPY,2025.03.03 18:12,false,2.000000
4240,USDJPY,2025.03.03 18:15,false,3.000000
4241,USDJPY,2025.03.03 18:16,false,3.000000
4242,USDJPY,2025.03.03 18:17,false,2.000000
4243,USDJPY,2025.03.03 18:19,true,-1.000000
4244,USDJPY,2025.03.03 18:22,false,2.000000
4245,USDJPY,2025.03.03 18:25,false,2.000000
4246,USDJPY,2025.03.03 18:34,false,14.000000
4247,USDJPY,2025.03.03 18:36,false,14.000000
4248,USDJPY,2025.03.03 18:48,true,-14.000000
4249,USDJPY,2025.03.03 18:49,true,-14.000000
4250,USDJPY,2025.03.03 19:02,true,-14.000000
4251,USDJPY,2025.03.03 19:10,true,-14.000000
4252,USDJPY,2025.03.03 19:26,false,14.000000
4253,USDJPY,2025.03.03 19:31,false,14.000000
4254,USDJPY,2025.03.03 19:46,false,14.000000
4255,USDJPY,2025.03.03 19:47,false,14.000000
4256,USDJPY,2025.03.03 19:51,false,14.000000
4257,USDJPY,2025.03.03 20:26,false,14.000000
4258,USDJPY,2025.03.03 20:54,false,14.000000
4259,USDJPY,2025.03.03 20:57,true,-14.000000
4260,USDJPY,2025.03.03 21:07,true,-14.000000
4261,USDJPY,2025.03.03 22:00,false,14.000000
4262,USDJPY,2025.03.03 22:50,true,-2.000000
4263,USDJPY,2025.03.03 22:55,true,-2.000000
4264,USDJPY,2025.03.03 22:59,true,-2.000000
4265,USDJPY,2025.03.03 23:30,false,14.000000
4266,USDJPY,2025.03.03 23:39,false,14.000000
4267,USDJPY,2025.03.04 00:39,false,2.000000
4268,USDJPY,2025.03.04 00:41,false,2.000000
4269,USDJPY,2025.03.04 00:46,false,2.000000
4270,USDJPY,2025.03.04 00:48,false,2.000000
4271,USDJPY,2025.03.04 00:50,false,2.000000
4272,USDJPY,2025.03.04 00:55,false,3.000000
4273,USDJPY,2025.03.04 00:58,false,3.000000
4274,USDJPY,2025.03.04 01:02,false,14.000000
4275,USDJPY,2025.03.04 01:33,true,-14.000000
4276,USDJPY,2025.03.04 01:51,true,-14.000000
4277,USDJPY,2025.03.04 02:41,true,-13.000000
4278,USDJPY,2025.03.04 02:51,true,-13.000000
4279,USDJPY,2025.03.04 02:54,true,-13.000000
4280,USDJPY,2025.03.04 02:59,true,-2.000000
4281,USDJPY,2025.03.04 03:02,true,-2.000000
4282,USDJPY,2025.03.04 03:38,true,-14.000000
4283,USDJPY,2025.03.04 03:40,true,-13.000000
4284,USDJPY,2025.03.04 04:06,true,-2.000000
4285,USDJPY,2025.03.04 05:12,true,-2.000000
4286,USDJPY,2025.03.04 06:28,false,14.000000
4287,USDJPY,2025.03.04 06:30,false,14.000000
4288,USDJPY,2025.03.04 06:32,false,14.000000
4289,USDJPY,2025.03.04 06:35,false,14.000000
4290,USDJPY,2025.03.04 06:44,true,-14.000000
4291,USDJPY,2025.03.04 06:46,true,-14.000000
4292,USDJPY,2025.03.04 06:54,false,14.000000
4293,USDJPY,2025.03.04 07:14,false,14.000000
4294,USDJPY,2025.03.04 07:48,true,-14.000000
4295,USDJPY,2025.03.04 07:58,false,14.000000
4296,USDJPY,2025.03.04 08:01,false,2.000000
4297,USDJPY,2025.03.04 08:08,true,-2.000000
4298,USDJPY,2025.03.04 08:14,true,-2.000000
4299,USDJPY,2025.03.04 08:41,false,2.000000
4300,USDJPY,2025.03.04 08:43,true,-2.000000
4301,USDJPY,2025.03.04 08:44,false,2.000000
4302,USDJPY,2025.03.04 10:03,false,2.000000
4303,USDJPY,2025.03.04 10:06,false,2.000000
4304,USDJPY,2025.03.04 10:46,true,-2.000000
4305,USDJPY,2025.03.04 10:52,true,-2.000000
4306,USDJPY,2025.03.04 10:55,true,-2.000000
4307,USDJPY,2025.03.04 10:56,false,2.000000
4308,USDJPY,2025.03.04 11:11,false,2.000000
4309,USDJPY,2025.03.04 12:15,true,-14.000000
4310,USDJPY,2025.03.04 12:22,true,-14.000000
4311,USDJPY,2025.03.04 12:34,true,-14.000000
4312,USDJPY,2025.03.04 12:42,true,-14.000000
4313,USDJPY,2025.03.04 12:45,true,-14.000000
4314,USDJPY,2025.03.04 13:02,true,-14.000000
4315,USDJPY,2025.03.04 13:57,true,32.000000
4316,USDJPY,2025.03.04 14:25,true,32.000000
4317,USDJPY,2025.03.04 14:31,true,32.000000
4318,USDJPY,2025.03.04 14:38,false,14.000000
4319,USDJPY,2025.03.04 14:41,false,14.000000
4320,USDJPY,2025.03.04 15:18,false,14.000000
4321,USDJPY,2025.03.04 15:46,false,14.000000
4322,USDJPY,2025.03.04 15:50,false,14.000000
4323,USDJPY,2025.03.04 16:34,true,32.000000
4324,USDJPY,2025.03.04 16:35,true,32.000000
4325,USDJPY,2025.03.04 16:43,false,15.000000
4326,USDJPY,2025.03.04 17:05,false,14.000000
4327,USDJPY,2025.03.04 17:24,true,44.000000
4328,USDJPY,2025.03.04 17:26,true,44.000000
4329,USDJPY,2025.03.04 17:58,true,44.000000
4330,USDJPY,2025.03.04 18:12,true,32.000000
4331,USDJPY,2025.03.04 18:33,false,15.000000
4332,USDJPY,2025.03.04 19:08,true,-1.000000
4333,USDJPY,2025.03.04 19:12,true,-2.000000
4334,USDJPY,2025.03.04 19:13,false,3.000000
4335,USDJPY,2025.03.04 19:14,true,-2.000000
4336,USDJPY,2025.03.04 19:15,true,-2.000000
4337,USDJPY,2025.03.04 19:29,false,2.000000
4338,USDJPY,2025.03.04 19:31,false,2.000000
4339,USDJPY,2025.03.04 19:40,false,2.000000
4340,USDJPY,2025.03.04 19:42,false,2.000000
4341,USDJPY,2025.03.04 19:45,true,-2.000000
4342,USDJPY,2025.03.04 19:48,false,2.000000
4343,USDJPY,2025.03.04 19:49,true,-2.000000
4344,USDJPY,2025.03.04 19:50,false,2.000000
4345,USDJPY,2025.03.04 19:53,true,-1.000000
4346,USDJPY,2025.03.04 19:59,true,10.000000
4347,USDJPY,2025.03.04 20:02,true,10.000000
4348,USDJPY,2025.03.04 20:11,false,-10.000000
4349,USDJPY,2025.03.04 20:15,false,-10.000000
4350,USDJPY,2025.03.04 20:30,false,-10.000000
4351,USDJPY,2025.03.04 20:38,false,-10.000000
4352,USDJPY,2025.03.04 20:42,false,-10.000000
4353,USDJPY,2025.03.04 20:44,false,-10.000000
4354,USDJPY,2025.03.04 20:49,false,-9.000000
4355,USDJPY,2025.03.04 21:01,true,10.000000
4356,USDJPY,2025.03.04 21:03,true,10.000000
4357,USDJPY,2025.03.04 21:07,true,10.000000
4358,USDJPY,2025.03.04 21:32,true,10.000000
4359,USDJPY,2025.03.04 21:34,true,10.000000
4360,USDJPY,2025.03.04 21:35,true,10.000000
4361,USDJPY,2025.03.04 21:47,false,-10.000000
4362,USDJPY,2025.03.04 21:50,true,10.000000
4363,USDJPY,2025.03.04 22:01,false,-10.000000
4364,USDJPY,2025.03.04 22:03,false,-10.000000
4365,USDJPY,2025.03.04 23:56,false,32.000000
4366,USDJPY,2025.03.04 23:57,false,32.000000
4367,USDJPY,2025.03.04 23:59,false,30.000000
4368,USDJPY,2025.03.05 00:21,true,12.000000
4369,USDJPY,2025.03.05 00:23,true,12.000000
4370,USDJPY,2025.03.05 00:31,false,30.000000
4371,USDJPY,2025.03.05 00:35,false,30.000000
4372,USDJPY,2025.03.05 01:29,false,29.000000
4373,USDJPY,2025.03.05 01:32,false,29.000000
4374,USDJPY,2025.03.05 01:46,true,12.000000
4375,USDJPY,2025.03.05 01:55,false,29.000000
4376,USDJPY,2025.03.05 02:06,true,12.000000
4377,USDJPY,2025.03.05 02:08,true,12.000000
4378,USDJPY,2025.03.05 02:11,true,12.000000
4379,USDJPY,2025.03.05 02:12,true,12.000000
4380,USDJPY,2025.03.05 02:22,true,14.000000
4381,USDJPY,2025.03.05 02:31,false,29.000000
4382,USDJPY,2025.03.05 02:42,true,12.000000
4383,USDJPY,2025.03.05 02:43,true,12.000000
4384,USDJPY,2025.03.05 03:01,false,9.000000
4385,USDJPY,2025.03.05 03:08,true,12.000000
4386,USDJPY,2025.03.05 03:16,true,0.000000
4387,USDJPY,2025.03.05 03:17,true,0.000000
4388,USDJPY,2025.03.05 03:19,true,0.000000
4389,USDJPY,2025.03.05 04:25,false,19.000000
4390,USDJPY,2025.03.05 04:28,false,19.000000
4391,USDJPY,2025.03.05 04:29,false,19.000000
4392,USDJPY,2025.03.05 04:35,true,0.000000
4393,USDJPY,2025.03.05 04:36,true,0.000000
4394,USDJPY,2025.03.05 04:46,true,0.000000
4395,USDJPY,2025.03.05 04:48,true,0.000000
4396,USDJPY,2025.03.05 05:02,true,0.000000
4397,USDJPY,2025.03.05 05:36,false,0.000000
4398,USDJPY,2025.03.05 05:41,false,0.000000
4399,USDJPY,2025.03.05 05:55,true,0.000000
4400,USDJPY,2025.03.05 05:58,true,0.000000
4401,USDJPY,2025.03.05 06:35,true,0.000000
4402,USDJPY,2025.03.05 07:07,false,19.000000
4403,USDJPY,2025.03.05 07:12,false,20.000000
4404,USDJPY,2025.03.05 07:30,false,19.000000
4405,USDJPY,2025.03.05 07:36,true,0.000000
4406,USDJPY,2025.03.05 07:39,true,0.000000
4407,USDJPY,2025.03.05 07:43,false,19.000000
4408,USDJPY,2025.03.05 08:06,true,0.000000
4409,USDJPY,2025.03.05 08:08,true,0.000000
4410,USDJPY,2025.03.05 08:38,true,13.000000
4411,USDJPY,2025.03.05 08:40,true,13.000000
4412,USDJPY,2025.03.05 09:55,true,31.000000
4413,USDJPY,2025.03.05 10:06,true,20.000000
4414,USDJPY,2025.03.05 10:33,true,21.000000
4415,USDJPY,2025.03.05 10:38,true,20.000000
4416,USDJPY,2025.03.05 11:15,false,0.000000
4417,USDJPY,2025.03.05 11:17,false,0.000000
4418,USDJPY,2025.03.05 11:57,true,31.000000
4419,USDJPY,2025.03.05 12:07,false,0.000000
4420,USDJPY,2025.03.05 12:55,true,8.000000
4421,USDJPY,2025.03.05 12:57,true,8.000000
4422,USDJPY,2025.03.05 13:02,true,8.000000
4423,USDJPY,2025.03.05 13:04,true,8.000000
4424,USDJPY,2025.03.05 13:14,true,19.000000
4425,USDJPY,2025.03.05 13:21,true,19.000000
4426,USDJPY,2025.03.05 13:34,false,1.000000
4427,USDJPY,2025.03.05 13:59,true,19.000000
4428,USDJPY,2025.03.05 14:01,true,19.000000
4429,USDJPY,2025.03.05 14:29,false,12.000000
4430,USDJPY,2025.03.05 14:37,true,7.000000
4431,USDJPY,2025.03.05 14:42,true,7.000000
4432,USDJPY,2025.03.05 14:46,true,19.000000
4433,USDJPY,2025.03.05 14:49,true,19.000000
4434,USDJPY,2025.03.05 15:43,true,8.000000
4435,USDJPY,2025.03.05 15:45,false,0.000000
4436,USDJPY,2025.03.05 15:46,true,19.000000
4437,USDJPY,2025.03.05 15:47,false,0.000000
4438,USDJPY,2025.03.05 16:15,true,-12.000000
4439,USDJPY,2025.03.05 16:34,true,0.000000
4440,USDJPY,2025.03.05 17:14,false,0.000000
4441,USDJPY,2025.03.05 17:18,false,0.000000
4442,USDJPY,2025.03.05 17:24,false,0.000000
4443,USDJPY,2025.03.05 17:36,false,0.000000
4444,USDJPY,2025.03.05 17:41,true,21.000000
4445,USDJPY,2025.03.05 17:46,true,0.000000
4446,USDJPY,2025.03.05 17:49,true,0.000000
4447,USDJPY,2025.03.05 18:05,false,12.000000
4448,USDJPY,2025.03.05 18:08,false,12.000000
4449,USDJPY,2025.03.05 18:21,false,12.000000
4450,USDJPY,2025.03.05 18:28,true,9.000000
4451,USDJPY,2025.03.05 18:39,false,12.000000
4452,USDJPY,2025.03.05 18:45,true,9.000000
4453,USDJPY,2025.03.05 18:51,true,9.000000
4454,USDJPY,2025.03.05 18:53,true,9.000000
4455,USDJPY,2025.03.05 19:07,false,12.000000
4456,USDJPY,2025.03.05 19:10,false,12.000000
4457,USDJPY,2025.03.05 19:21,false,12.000000
4458,USDJPY,2025.03.05 19:23,false,12.000000
4459,USDJPY,2025.03.05 19:32,true,-12.000000
4460,USDJPY,2025.03.05 19:33,true,-12.000000
4461,USDJPY,2025.03.05 19:38,true,-12.000000
4462,USDJPY,2025.03.05 19:41,false,12.000000
4463,USDJPY,2025.03.05 19:42,true,-12.000000
4464,USDJPY,2025.03.05 19:43,false,12.000000
4465,USDJPY,2025.03.05 19:44,true,-12.000000
4466,USDJPY,2025.03.05 19:45,false,12.000000
4467,USDJPY,2025.03.05 19:46,true,-12.000000
4468,USDJPY,2025.03.05 19:48,false,12.000000
4469,USDJPY,2025.03.05 19:49,true,-12.000000
4470,USDJPY,2025.03.05 20:20,false,12.000000
4471,USDJPY,2025.03.05 20:33,true,-12.000000
4472,USDJPY,2025.03.05 20:54,false,12.000000
4473,USDJPY,2025.03.05 21:32,true,-12.000000
4474,USDJPY,2025.03.05 21:40,true,-12.000000
4475,USDJPY,2025.03.05 21:41,true,-12.000000
4476,USDJPY,2025.03.05 21:42,true,-12.000000
4477,USDJPY,2025.03.05 22:14,false,12.000000
4478,USDJPY,2025.03.05 22:16,false,12.000000
4479,USDJPY,2025.03.05 22:17,false,12.000000
4480,USDJPY,2025.03.05 22:32,false,12.000000
4481,USDJPY,2025.03.05 22:41,true,-12.000000
4482,USDJPY,2025.03.05 22:44,true,-12.000000
4483,USDJPY,2025.03.05 22:47,true,-12.000000
4484,USDJPY,2025.03.05 22:54,false,12.000000
4485,USDJPY,2025.03.05 22:56,false,12.000000
4486,USDJPY,2025.03.05 23:55,true,-12.000000
4487,USDJPY,2025.03.05 23:57,true,-12.000000
4488,USDJPY,2025.03.06 00:14,false,12.000000
4489,USDJPY,2025.03.06 01:00,false,12.000000
4490,USDJPY,2025.03.06 01:08,true,-12.000000
4491,USDJPY,2025.03.06 01:09,false,12.000000
4492,USDJPY,2025.03.06 01:12,false,12.000000
4493,USDJPY,2025.03.06 01:13,false,12.000000
4494,USDJPY,2025.03.06 01:23,true,0.000000
4495,USDJPY,2025.03.06 01:31,true,0.000000
4496,USDJPY,2025.03.06 01:53,false,2.000000
4497,USDJPY,2025.03.06 01:55,true,0.000000
4498,USDJPY,2025.03.06 03:00,true,-12.000000
4499,USDJPY,2025.03.06 03:06,true,-12.000000
4500,USDJPY,2025.03.06 03:08,true,-12.000000
4501,USDJPY,2025.03.06 03:22,false,0.000000
4502,USDJPY,2025.03.06 03:23,true,0.000000
4503,USDJPY,2025.03.06 03:31,true,0.000000
4504,USDJPY,2025.03.06 03:36,true,0.000000
4505,USDJPY,2025.03.06 03:51,false,12.000000
4506,USDJPY,2025.03.06 04:13,false,12.000000
4507,USDJPY,2025.03.06 04:18,true,-10.000000
4508,USDJPY,2025.03.06 04:19,true,-10.000000
4509,USDJPY,2025.03.06 04:28,false,12.000000
4510,USDJPY,2025.03.06 04:30,true,-10.000000
4511,USDJPY,2025.03.06 04:49,false,0.000000
4512,USDJPY,2025.03.06 05:32,true,-12.000000
4513,USDJPY,2025.03.06 05:41,false,12.000000
4514,USDJPY,2025.03.06 05:42,true,-12.000000
4515,USDJPY,2025.03.06 05:44,false,12.000000
4516,USDJPY,2025.03.06 05:47,false,12.000000
4517,USDJPY,2025.03.06 05:57,true,-12.000000
4518,USDJPY,2025.03.06 06:02,false,12.000000
4519,USDJPY,2025.03.06 06:05,false,12.000000
4520,USDJPY,2025.03.06 06:14,false,0.000000
4521,USDJPY,2025.03.06 06:15,false,0.000000
4522,USDJPY,2025.03.06 06:41,true,0.000000
4523,USDJPY,2025.03.06 06:50,false,0.000000
4524,USDJPY,2025.03.06 06:51,false,0.000000
4525,USDJPY,2025.03.06 06:52,false,0.000000
4526,USDJPY,2025.03.06 06:54,false,0.000000
4527,USDJPY,2025.03.06 07:47,true,1.000000
4528,USDJPY,2025.03.06 07:50,true,1.000000
4529,USDJPY,2025.03.06 07:54,true,1.000000
4530,USDJPY,2025.03.06 08:31,false,12.000000
4531,USDJPY,2025.03.06 09:14,true,9.000000
4532,USDJPY,2025.03.06 09:26,false,12.000000
4533,USDJPY,2025.03.06 09:31,true,9.000000
4534,USDJPY,2025.03.06 09:35,true,9.000000
4535,USDJPY,2025.03.06 10:02,true,22.000000
4536,USDJPY,2025.03.06 10:04,true,1.000000
4537,USDJPY,2025.03.06 10:35,true,-12.000000
4538,USDJPY,2025.03.06 10:38,true,-12.000000
4539,USDJPY,2025.03.06 10:48,true,21.000000
4540,USDJPY,2025.03.06 11:16,true,21.000000
4541,USDJPY,2025.03.06 11:18,true,21.000000
4542,USDJPY,2025.03.06 11:36,false,0.000000
4543,USDJPY,2025.03.06 11:39,false,0.000000
4544,USDJPY,2025.03.06 11:41,false,0.000000
4545,USDJPY,2025.03.06 11:50,false,0.000000
4546,USDJPY,2025.03.06 12:11,true,9.000000
4547,USDJPY,2025.03.06 12:17,true,-12.000000
4548,USDJPY,2025.03.06 12:18,true,-12.000000
4549,USDJPY,2025.03.06 12:20,true,9.000000
4550,USDJPY,2025.03.06 12:35,true,9.000000
4551,USDJPY,2025.03.06 12:53,true,9.000000
4552,USDJPY,2025.03.06 13:04,true,-12.000000
4553,USDJPY,2025.03.06 13:12,false,12.000000
4554,USDJPY,2025.03.06 13:13,false,12.000000
4555,USDJPY,2025.03.06 13:26,true,9.000000
4556,USDJPY,2025.03.06 13:33,true,9.000000
4557,USDJPY,2025.03.06 13:34,false,12.000000
4558,USDJPY,2025.03.06 13:50,false,12.000000
4559,USDJPY,2025.03.06 13:56,false,12.000000
4560,USDJPY,2025.03.06 14:07,true,9.000000
4561,USDJPY,2025.03.06 14:18,true,-12.000000
4562,USDJPY,2025.03.06 15:01,false,12.000000
4563,USDJPY,2025.03.06 15:35,false,12.000000
4564,USDJPY,2025.03.06 15:40,false,12.000000
4565,USDJPY,2025.03.06 15:42,false,12.000000
4566,USDJPY,2025.03.06 15:44,false,12.000000
4567,USDJPY,2025.03.06 15:53,true,-12.000000
4568,USDJPY,2025.03.06 15:55,true,-12.000000
4569,USDJPY,2025.03.06 15:56,true,-12.000000
4570,USDJPY,2025.03.06 15:59,false,12.000000
4571,USDJPY,2025.03.06 16:03,true,-11.000000
4572,USDJPY,2025.03.06 16:05,false,12.000000
4573,USDJPY,2025.03.06 16:06,true,-12.000000
4574,USDJPY,2025.03.06 16:43,false,12.000000
4575,USDJPY,2025.03.06 16:46,true,-12.000000
4576,USDJPY,2025.03.06 16:50,true,-12.000000
4577,USDJPY,2025.03.06 16:55,false,12.000000
4578,USDJPY,2025.03.06 18:07,true,0.000000
4579,USDJPY,2025.03.06 18:18,false,19.000000
4580,USDJPY,2025.03.06 19:25,false,12.000000
4581,USDJPY,2025.03.06 19:40,true,-11.000000
4582,USDJPY,2025.03.06 19:41,true,-11.000000
4583,USDJPY,2025.03.06 20:01,false,0.000000
4584,USDJPY,2025.03.06 20:02,false,0.000000
4585,USDJPY,2025.03.06 20:03,false,0.000000
4586,USDJPY,2025.03.06 20:12,true,0.000000
4587,USDJPY,2025.03.06 20:13,false,0.000000
4588,USDJPY,2025.03.06 20:14,true,1.000000
4589,USDJPY,2025.03.06 20:15,true,1.000000
4590,USDJPY,2025.03.06 20:20,false,0.000000
4591,USDJPY,2025.03.06 20:30,true,1.000000
4592,USDJPY,2025.03.06 20:42,true,1.000000
4593,USDJPY,2025.03.06 20:52,true,1.000000
4594,USDJPY,2025.03.06 21:13,true,1.000000
4595,USDJPY,2025.03.06 21:38,true,-12.000000
4596,USDJPY,2025.03.06 21:53,false,12.000000
4597,USDJPY,2025.03.06 21:56,true,-12.000000
4598,USDJPY,2025.03.06 22:06,true,-12.000000
4599,USDJPY,2025.03.06 22:08,true,-12.000000
4600,USDJPY,2025.03.06 22:15,false,12.000000
4601,USDJPY,2025.03.06 22:29,true,-12.000000
4602,USDJPY,2025.03.06 22:33,false,12.000000
4603,USDJPY,2025.03.06 22:37,false,12.000000
4604,USDJPY,2025.03.06 22:55,false,12.000000
4605,USDJPY,2025.03.06 22:56,false,12.000000
4606,USDJPY,2025.03.06 23:01,false,12.000000
4607,USDJPY,2025.03.06 23:04,false,12.000000
4608,USDJPY,2025.03.06 23:24,false,12.000000
4609,USDJPY,2025.03.07 00:38,false,14.000000
4610,USDJPY,2025.03.07 00:48,false,14.000000
4611,USDJPY,2025.03.07 01:03,false,14.000000
4612,USDJPY,2025.03.07 01:19,false,14.000000
4613,USDJPY,2025.03.07 01:22,false,14.000000
4614,USDJPY,2025.03.07 01:39,true,-14.000000
4615,USDJPY,2025.03.07 01:50,false,14.000000
4616,USDJPY,2025.03.07 01:51,false,14.000000
4617,USDJPY,2025.03.07 01:53,true,-14.000000
4618,USDJPY,2025.03.07 01:55,true,-14.000000
4619,USDJPY,2025.03.07 02:03,true,-14.000000
4620,USDJPY,2025.03.07 02:53,true,-14.000000
4621,USDJPY,2025.03.07 02:57,false,14.000000
4622,USDJPY,2025.03.07 02:59,true,-14.000000
4623,USDJPY,2025.03.07 03:00,false,14.000000
4624,USDJPY,2025.03.07 03:17,false,15.000000
4625,USDJPY,2025.03.07 03:44,true,-2.000000
4626,USDJPY,2025.03.07 03:51,false,2.000000
4627,USDJPY,2025.03.07 03:53,false,2.000000
4628,USDJPY,2025.03.07 04:05,true,-2.000000
4629,USDJPY,2025.03.07 04:13,true,-1.000000
4630,USDJPY,2025.03.07 04:33,true,-14.000000
4631,USDJPY,2025.03.07 05:39,false,14.000000
4632,USDJPY,2025.03.07 06:11,false,14.000000
4633,USDJPY,2025.03.07 06:26,false,14.000000
4634,USDJPY,2025.03.07 06:30,true,-14.000000
4635,USDJPY,2025.03.07 06:33,true,-14.000000
4636,USDJPY,2025.03.07 06:34,true,-14.000000
4637,USDJPY,2025.03.07 06:36,false,14.000000
4638,USDJPY,2025.03.07 06:39,false,14.000000
4639,USDJPY,2025.03.07 06:50,false,15.000000
4640,USDJPY,2025.03.07 07:32,false,2.000000
4641,USDJPY,2025.03.07 07:42,true,-2.000000
4642,USDJPY,2025.03.07 08:09,false,2.000000
4643,USDJPY,2025.03.07 08:24,false,2.000000
4644,USDJPY,2025.03.07 08:44,true,-14.000000
4645,USDJPY,2025.03.07 08:49,true,-13.000000
4646,USDJPY,2025.03.07 09:05,false,14.000000
4647,USDJPY,2025.03.07 09:13,false,15.000000
4648,USDJPY,2025.03.07 09:17,true,-14.000000
4649,USDJPY,2025.03.07 09:21,true,-14.000000
4650,USDJPY,2025.03.07 09:56,false,2.000000
4651,USDJPY,2025.03.07 09:58,false,2.000000
4652,USDJPY,2025.03.07 10:11,true,-2.000000
4653,USDJPY,2025.03.07 10:12,false,2.000000
4654,USDJPY,2025.03.07 10:13,true,-2.000000
4655,USDJPY,2025.03.07 10:15,false,14.000000
4656,USDJPY,2025.03.07 10:16,true,-14.000000
4657,USDJPY,2025.03.07 10:31,false,14.000000
4658,USDJPY,2025.03.07 11:25,false,2.000000
4659,USDJPY,2025.03.07 11:28,false,3.000000
4660,USDJPY,2025.03.07 11:32,false,14.000000
4661,USDJPY,2025.03.07 11:36,true,-14.000000
4662,USDJPY,2025.03.07 11:44,false,14.000000
4663,USDJPY,2025.03.07 11:59,false,3.000000
4664,USDJPY,2025.03.07 12:03,false,3.000000
4665,USDJPY,2025.03.07 12:17,true,-2.000000
4666,USDJPY,2025.03.07 12:39,false,3.000000
4667,USDJPY,2025.03.07 12:41,false,3.000000
4668,USDJPY,2025.03.07 12:42,false,3.000000
4669,USDJPY,2025.03.07 12:43,false,3.000000
4670,USDJPY,2025.03.07 12:50,false,3.000000
4671,USDJPY,2025.03.07 14:04,true,10.000000
4672,USDJPY,2025.03.07 14:06,false,-10.000000
4673,USDJPY,2025.03.07 14:43,false,-10.000000
4674,USDJPY,2025.03.07 14:46,false,2.000000
4675,USDJPY,2025.03.07 14:50,true,-2.000000
4676,USDJPY,2025.03.07 14:53,false,2.000000
4677,USDJPY,2025.03.07 15:15,false,2.000000
4678,USDJPY,2025.03.07 16:04,true,-14.000000
4679,USDJPY,2025.03.07 16:37,false,14.000000
4680,USDJPY,2025.03.07 16:39,false,14.000000
4681,USDJPY,2025.03.07 16:56,false,14.000000
4682,USDJPY,2025.03.07 17:12,false,14.000000
4683,USDJPY,2025.03.07 17:45,true,-1.000000
4684,USDJPY,2025.03.07 17:47,true,-1.000000
4685,USDJPY,2025.03.07 17:51,true,-2.000000
4686,USDJPY,2025.03.07 17:54,true,-2.000000
4687,USDJPY,2025.03.07 17:56,false,2.000000
4688,USDJPY,2025.03.07 18:18,false,2.000000
4689,USDJPY,2025.03.07 18:24,false,2.000000
4690,USDJPY,2025.03.07 18:29,false,2.000000
4691,USDJPY,2025.03.07 18:35,false,2.000000
4692,USDJPY,2025.03.07 18:50,true,-13.000000
4693,USDJPY,2025.03.07 19:12,true,-13.000000
4694,USDJPY,2025.03.07 19:13,true,-13.000000
4695,USDJPY,2025.03.07 19:17,true,-13.000000
4696,USDJPY,2025.03.07 19:28,false,14.000000
4697,USDJPY,2025.03.07 19:32,true,-14.000000
4698,USDJPY,2025.03.07 19:33,true,-14.000000
4699,USDJPY,2025.03.07 19:39,false,14.000000
4700,USDJPY,2025.03.07 20:42,false,2.000000
4701,USDJPY,2025.03.07 20:43,false,2.000000
4702,USDJPY,2025.03.07 20:49,false,2.000000
4703,USDJPY,2025.03.07 20:52,false,2.000000
4704,USDJPY,2025.03.07 21:03,false,2.000000
4705,USDJPY,2025.03.07 21:06,false,2.000000
4706,USDJPY,2025.03.07 21:09,false,2.000000
4707,USDJPY,2025.03.07 22:08,true,-14.000000
4708,USDJPY,2025.03.07 22:15,false,14.000000
4709,USDJPY,2025.03.07 22:16,true,-14.000000
4710,USDJPY,2025.03.07 22:52,true,-14.000000
4711,USDJPY,2025.03.07 22:54,true,-14.000000
4712,USDJPY,2025.03.07 23:11,true,-14.000000
4713,USDJPY,2025.03.07 23:19,true,-14.000000
4714,USDJPY,2025.03.07 23:22,true,-14.000000
4715,USDJPY,2025.03.07 23:49,false,14.000000
4716,USDJPY,2025.03.07 23:50,false,14.000000
4717,USDJPY,2025.03.07 23:54,false,14.000000
4718,USDJPY,2025.03.10 00:37,true,-12.000000
4719,USDJPY,2025.03.10 00:38,true,-12.000000
4720,USDJPY,2025.03.10 00:44,true,-12.000000
4721,USDJPY,2025.03.10 01:09,true,-11.000000
4722,USDJPY,2025.03.10 01:28,true,-10.000000
4723,USDJPY,2025.03.10 01:29,false,0.000000
4724,USDJPY,2025.03.10 01:33,false,0.000000
4725,USDJPY,2025.03.10 01:35,false,0.000000
4726,USDJPY,2025.03.10 02:09,true,1.000000
4727,USDJPY,2025.03.10 02:14,false,0.000000
4728,USDJPY,2025.03.10 02:44,true,-10.000000
4729,USDJPY,2025.03.10 03:10,false,12.000000
4730,USDJPY,2025.03.10 03:14,false,12.000000
4731,USDJPY,2025.03.10 03:15,false,12.000000
4732,USDJPY,2025.03.10 03:16,true,-12.000000
4733,USDJPY,2025.03.10 03:18,false,12.000000
4734,USDJPY,2025.03.10 03:39,true,-12.000000
4735,USDJPY,2025.03.10 03:40,true,-12.000000
4736,USDJPY,2025.03.10 03:41,true,-12.000000
4737,USDJPY,2025.03.10 03:46,true,-12.000000
4738,USDJPY,2025.03.10 04:06,true,-12.000000
4739,USDJPY,2025.03.10 04:48,false,12.000000
4740,USDJPY,2025.03.10 06:45,true,0.000000
4741,USDJPY,2025.03.10 06:46,true,0.000000
4742,USDJPY,2025.03.10 06:51,true,0.000000
4743,USDJPY,2025.03.10 06:53,true,0.000000
4744,USDJPY,2025.03.10 07:09,false,0.000000
4745,USDJPY,2025.03.10 07:38,true,1.000000
4746,USDJPY,2025.03.10 07:44,false,12.000000
4747,USDJPY,2025.03.10 07:48,true,-11.000000
4748,USDJPY,2025.03.10 07:50,true,-11.000000
4749,USDJPY,2025.03.10 07:51,true,-11.000000
4750,USDJPY,2025.03.10 07:54,false,12.000000
4751,USDJPY,2025.03.10 08:32,true,0.000000
4752,USDJPY,2025.03.10 08:36,true,0.000000
4753,USDJPY,2025.03.10 08:40,true,0.000000
4754,USDJPY,2025.03.10 08:47,false,1.000000
4755,USDJPY,2025.03.10 09:00,false,1.000000
4756,USDJPY,2025.03.10 09:07,false,1.000000
4757,USDJPY,2025.03.10 10:23,true,-11.000000
4758,USDJPY,2025.03.10 11:03,true,0.000000
4759,USDJPY,2025.03.10 11:16,true,0.000000
4760,USDJPY,2025.03.10 11:18,true,0.000000
4761,USDJPY,2025.03.10 11:22,false,0.000000
4762,USDJPY,2025.03.10 11:26,false,0.000000
4763,USDJPY,2025.03.10 11:31,true,-12.000000
4764,USDJPY,2025.03.10 12:30,true,10.000000
4765,USDJPY,2025.03.10 12:44,true,9.000000
4766,USDJPY,2025.03.10 12:45,true,9.000000
4767,USDJPY,2025.03.10 12:49,true,9.000000
4768,USDJPY,2025.03.10 13:00,true,9.000000
4769,USDJPY,2025.03.10 13:19,false,12.000000
4770,USDJPY,2025.03.10 13:21,false,12.000000
4771,USDJPY,2025.03.10 13:27,false,12.000000
4772,USDJPY,2025.03.10 13:28,true,9.000000
4773,USDJPY,2025.03.10 13:30,true,9.000000
4774,USDJPY,2025.03.10 13:36,true,9.000000
4775,USDJPY,2025.03.10 13:48,false,12.000000
4776,USDJPY,2025.03.10 13:53,false,12.000000
4777,USDJPY,2025.03.10 14:07,false,0.000000
4778,USDJPY,2025.03.10 14:24,true,10.000000
4779,USDJPY,2025.03.10 14:39,true,9.000000
4780,USDJPY,2025.03.10 14:41,true,10.000000
4781,USDJPY,2025.03.10 14:48,false,0.000000
4782,USDJPY,2025.03.10 15:32,false,12.000000
4783,USDJPY,2025.03.10 15:34,true,9.000000
4784,USDJPY,2025.03.10 16:36,true,9.000000
4785,USDJPY,2025.03.10 17:02,true,21.000000
4786,USDJPY,2025.03.10 18:05,true,9.000000
4787,USDJPY,2025.03.10 18:10,true,-12.000000
4788,USDJPY,2025.03.10 18:36,false,0.000000
4789,USDJPY,2025.03.10 18:53,false,1.000000
4790,USDJPY,2025.03.10 18:58,false,0.000000
4791,USDJPY,2025.03.10 19:01,false,0.000000
4792,USDJPY,2025.03.10 19:02,false,1.000000
4793,USDJPY,2025.03.10 19:27,false,0.000000
4794,USDJPY,2025.03.10 19:31,false,0.000000
4795,USDJPY,2025.03.10 19:38,true,22.000000
4796,USDJPY,2025.03.10 19:57,true,0.000000
4797,USDJPY,2025.03.10 20:06,false,-12.000000
4798,USDJPY,2025.03.10 20:23,false,1.000000
4799,USDJPY,2025.03.10 20:28,true,0.000000
4800,USDJPY,2025.03.10 20:34,false,-12.000000
4801,USDJPY,2025.03.10 20:54,false,-12.000000
4802,USDJPY,2025.03.10 20:59,false,-12.000000
4803,USDJPY,2025.03.10 21:02,false,-12.000000
4804,USDJPY,2025.03.10 21:27,false,0.000000
4805,USDJPY,2025.03.10 21:29,false,0.000000
4806,USDJPY,2025.03.10 21:53,false,-12.000000
4807,USDJPY,2025.03.10 22:18,false,-12.000000
4808,USDJPY,2025.03.10 22:29,true,12.000000
4809,USDJPY,2025.03.10 22:37,true,12.000000
4810,USDJPY,2025.03.10 22:38,false,-12.000000
4811,USDJPY,2025.03.10 22:41,false,-12.000000
4812,USDJPY,2025.03.10 22:46,false,-12.000000
4813,USDJPY,2025.03.10 22:47,true,13.000000
4814,USDJPY,2025.03.10 22:48,false,-12.000000
4815,USDJPY,2025.03.10 22:50,true,13.000000
4816,USDJPY,2025.03.10 22:52,false,-12.000000
4817,USDJPY,2025.03.10 22:53,true,13.000000
4818,USDJPY,2025.03.10 22:54,false,-12.000000
4819,USDJPY,2025.03.10 23:46,true,0.000000
4820,USDJPY,2025.03.10 23:53,true,0.000000
4821,USDJPY,2025.03.11 00:02,false,0.000000
4822,USDJPY,2025.03.11 00:14,true,2.000000
4823,USDJPY,2025.03.11 00:24,false,0.000000
4824,USDJPY,2025.03.11 00:35,true,13.000000
4825,USDJPY,2025.03.11 00:39,true,13.000000
4826,USDJPY,2025.03.11 00:44,true,13.000000
4827,USDJPY,2025.03.11 00:49,true,13.000000
4828,USDJPY,2025.03.11 00:52,true,13.000000
4829,USDJPY,2025.03.11 00:55,true,12.000000
4830,USDJPY,2025.03.11 01:14,true,1.000000
4831,USDJPY,2025.03.11 01:40,true,1.000000
4832,USDJPY,2025.03.11 01:49,true,1.000000
4833,USDJPY,2025.03.11 02:06,false,-12.000000
4834,USDJPY,2025.03.11 02:09,true,13.000000
4835,USDJPY,2025.03.11 02:11,true,12.000000
4836,USDJPY,2025.03.11 02:27,true,12.000000
4837,USDJPY,2025.03.11 03:06,false,-12.000000
4838,USDJPY,2025.03.11 03:12,false,-12.000000
4839,USDJPY,2025.03.11 03:14,false,-12.000000
4840,USDJPY,2025.03.11 03:15,true,12.000000
4841,USDJPY,2025.03.11 03:20,true,12.000000
4842,USDJPY,2025.03.11 04:00,false,0.000000
4843,USDJPY,2025.03.11 04:03,true,0.000000
4844,USDJPY,2025.03.11 04:05,true,0.000000
4845,USDJPY,2025.03.11 04:50,true,-11.000000
4846,USDJPY,2025.03.11 05:01,true,-11.000000
4847,USDJPY,2025.03.11 05:06,false,12.000000
4848,USDJPY,2025.03.11 05:24,false,0.000000
4849,USDJPY,2025.03.11 05:30,false,0.000000
4850,USDJPY,2025.03.11 05:34,false,0.000000
4851,USDJPY,2025.03.11 05:45,false,0.000000
4852,USDJPY,2025.03.11 05:47,false,0.000000
4853,USDJPY,2025.03.11 05:50,false,0.000000
4854,USDJPY,2025.03.11 05:51,false,0.000000
4855,USDJPY,2025.03.11 07:19,true,0.000000
4856,USDJPY,2025.03.11 08:22,false,0.000000
4857,USDJPY,2025.03.11 08:24,false,0.000000
4858,USDJPY,2025.03.11 08:32,false,0.000000
4859,USDJPY,2025.03.11 08:34,false,0.000000
4860,USDJPY,2025.03.11 08:36,false,0.000000
4861,USDJPY,2025.03.11 08:47,false,0.000000
4862,USDJPY,2025.03.11 08:51,false,0.000000
4863,USDJPY,2025.03.11 08:52,false,0.000000
4864,USDJPY,2025.03.11 09:12,true,0.000000
4865,USDJPY,2025.03.11 09:16,true,1.000000
4866,USDJPY,2025.03.11 09:23,true,0.000000
4867,USDJPY,2025.03.11 10:03,false,1.000000
4868,USDJPY,2025.03.11 10:29,true,0.000000
4869,USDJPY,2025.03.11 10:34,true,0.000000
4870,USDJPY,2025.03.11 12:35,false,1.000000
4871,USDJPY,2025.03.11 12:54,true,-12.000000
4872,USDJPY,2025.03.11 13:07,true,-12.000000
4873,USDJPY,2025.03.11 13:24,true,-12.000000
4874,USDJPY,2025.03.11 13:51,true,-12.000000
4875,USDJPY,2025.03.11 14:01,true,-12.000000
4876,USDJPY,2025.03.11 14:04,true,-12.000000
4877,USDJPY,2025.03.11 14:05,false,12.000000
4878,USDJPY,2025.03.11 14:13,true,-12.000000
4879,USDJPY,2025.03.11 14:15,true,-12.000000
4880,USDJPY,2025.03.11 14:18,true,-12.000000
4881,USDJPY,2025.03.11 14:25,false,12.000000
4882,USDJPY,2025.03.11 14:39,false,12.000000
4883,USDJPY,2025.03.11 15:11,false,21.000000
4884,USDJPY,2025.03.11 15:19,false,21.000000
4885,USDJPY,2025.03.11 15:27,true,0.000000
4886,USDJPY,2025.03.11 15:39,true,1.000000
4887,USDJPY,2025.03.11 15:40,false,21.000000
4888,USDJPY,2025.03.11 15:44,true,0.000000
4889,USDJPY,2025.03.11 15:45,false,21.000000
4890,USDJPY,2025.03.11 15:49,true,0.000000
4891,USDJPY,2025.03.11 15:50,false,21.000000
4892,USDJPY,2025.03.11 15:51,true,0.000000
4893,USDJPY,2025.03.11 16:13,true,1.000000
4894,USDJPY,2025.03.11 16:18,true,-11.000000
4895,USDJPY,2025.03.11 16:33,true,-12.000000
4896,USDJPY,2025.03.11 16:45,true,0.000000
4897,USDJPY,2025.03.11 16:56,false,0.000000
4898,USDJPY,2025.03.11 17:08,false,0.000000
4899,USDJPY,2025.03.11 17:23,false,0.000000
4900,USDJPY,2025.03.11 17:52,false,0.000000
4901,USDJPY,2025.03.11 17:54,true,0.000000
4902,USDJPY,2025.03.11 17:55,false,0.000000
4903,USDJPY,2025.03.11 18:17,false,0.000000
4904,USDJPY,2025.03.11 18:24,false,0.000000
4905,USDJPY,2025.03.11 18:30,true,0.000000
4906,USDJPY,2025.03.11 18:41,true,0.000000
4907,USDJPY,2025.03.11 18:47,true,-12.000000
4908,USDJPY,2025.03.11 18:51,true,-12.000000
4909,USDJPY,2025.03.11 18:59,true,-12.000000
4910,USDJPY,2025.03.11 21:01,false,0.000000
4911,USDJPY,2025.03.11 21:17,true,0.000000
4912,USDJPY,2025.03.11 21:20,true,0.000000
4913,USDJPY,2025.03.11 21:21,true,0.000000
4914,USDJPY,2025.03.11 21:25,true,0.000000
4915,USDJPY,2025.03.11 21:51,false,0.000000
4916,USDJPY,2025.03.11 21:52,false,0.000000
4917,USDJPY,2025.03.11 21:56,true,0.000000
4918,USDJPY,2025.03.11 21:57,true,0.000000
4919,USDJPY,2025.03.11 22:00,true,0.000000
4920,USDJPY,2025.03.11 22:06,false,0.000000
4921,USDJPY,2025.03.11 23:11,true,0.000000
4922,USDJPY,2025.03.11 23:14,true,0.000000
4923,USDJPY,2025.03.12 00:05,false,0.000000
4924,USDJPY,2025.03.12 00:23,false,0.000000
4925,USDJPY,2025.03.12 00:24,true,0.000000
4926,USDJPY,2025.03.12 00:26,false,0.000000
4927,USDJPY,2025.03.12 00:30,true,0.000000
4928,USDJPY,2025.03.12 00:31,false,0.000000
4929,USDJPY,2025.03.12 00:33,false,0.000000
4930,USDJPY,2025.03.12 00:34,true,0.000000
4931,USDJPY,2025.03.12 00:35,true,0.000000
4932,USDJPY,2025.03.12 01:03,true,-12.000000
4933,USDJPY,2025.03.12 01:14,true,-12.000000
4934,USDJPY,2025.03.12 01:21,true,-12.000000
4935,USDJPY,2025.03.12 01:25,true,-12.000000
4936,USDJPY,2025.03.12 01:30,true,-12.000000
4937,USDJPY,2025.03.12 01:33,true,-12.000000
4938,USDJPY,2025.03.12 01:35,true,-12.000000
4939,USDJPY,2025.03.12 02:04,false,0.000000
4940,USDJPY,2025.03.12 02:05,false,0.000000
4941,USDJPY,2025.03.12 02:15,false,40.000000
4942,USDJPY,2025.03.12 02:16,false,40.000000
4943,USDJPY,2025.03.12 02:23,false,0.000000
4944,USDJPY,2025.03.12 02:25,false,0.000000
4945,USDJPY,2025.03.12 03:02,true,0.000000
4946,USDJPY,2025.03.12 03:05,true,1.000000
4947,USDJPY,2025.03.12 04:20,false,0.000000
4948,USDJPY,2025.03.12 04:33,true,-12.000000
4949,USDJPY,2025.03.12 04:35,true,-12.000000
4950,USDJPY,2025.03.12 04:41,true,-12.000000
4951,USDJPY,2025.03.12 04:46,true,0.000000
4952,USDJPY,2025.03.12 04:50,true,0.000000
4953,USDJPY,2025.03.12 04:51,false,0.000000
4954,USDJPY,2025.03.12 04:53,true,0.000000
4955,USDJPY,2025.03.12 05:00,false,0.000000
4956,USDJPY,2025.03.12 05:02,false,0.000000
4957,USDJPY,2025.03.12 05:03,true,0.000000
4958,USDJPY,2025.03.12 05:05,false,0.000000
4959,USDJPY,2025.03.12 05:13,true,0.000000
4960,USDJPY,2025.03.12 05:36,true,0.000000
4961,USDJPY,2025.03.12 05:45,true,0.000000
4962,USDJPY,2025.03.12 06:47,true,-12.000000
4963,USDJPY,2025.03.12 07:08,true,-12.000000
4964,USDJPY,2025.03.12 07:10,true,-12.000000
4965,USDJPY,2025.03.12 07:13,false,33.000000
4966,USDJPY,2025.03.12 07:17,false,33.000000
4967,USDJPY,2025.03.12 07:18,true,-12.000000
4968,USDJPY,2025.03.12 07:39,true,-12.000000
4969,USDJPY,2025.03.12 07:41,true,-12.000000
4970,USDJPY,2025.03.12 07:46,true,-12.000000
4971,USDJPY,2025.03.12 08:34,true,-12.000000
4972,USDJPY,2025.03.12 08:46,false,13.000000
4973,USDJPY,2025.03.12 08:49,false,13.000000
4974,USDJPY,2025.03.12 08:50,true,-12.000000
4975,USDJPY,2025.03.12 09:19,true,1.000000
4976,USDJPY,2025.03.12 09:26,false,22.000000
4977,USDJPY,2025.03.12 09:35,false,22.000000
4978,USDJPY,2025.03.12 09:36,false,22.000000
4979,USDJPY,2025.03.12 10:42,false,33.000000
4980,USDJPY,2025.03.12 10:45,false,21.000000
4981,USDJPY,2025.03.12 10:50,false,21.000000
4982,USDJPY,2025.03.12 11:05,true,0.000000
4983,USDJPY,2025.03.12 11:30,false,21.000000
4984,USDJPY,2025.03.12 12:03,false,40.000000
4985,USDJPY,2025.03.12 12:07,true,0.000000
4986,USDJPY,2025.03.12 12:31,true,12.000000
4987,USDJPY,2025.03.12 12:51,false,28.000000
4988,USDJPY,2025.03.12 13:22,false,28.000000
4989,USDJPY,2025.03.12 13:23,false,28.000000
4990,USDJPY,2025.03.12 13:29,false,28.000000
4991,USDJPY,2025.03.12 13:30,true,12.000000
4992,USDJPY,2025.03.12 13:32,true,12.000000
4993,USDJPY,2025.03.12 13:34,true,12.000000
4994,USDJPY,2025.03.12 13:49,true,12.000000
4995,USDJPY,2025.03.12 13:51,false,28.000000
4996,USDJPY,2025.03.12 13:53,false,28.000000
4997,USDJPY,2025.03.12 13:55,true,12.000000
4998,USDJPY,2025.03.12 14:01,false,28.000000
4999,USDJPY,2025.03.12 14:02,false,28.000000
5000,USDJPY,2025.03.12 14:03,false,28.000000
5001,USDJPY,2025.03.12 14:16,false,40.000000
5002,USDJPY,2025.03.12 14:25,false,19.000000
5003,USDJPY,2025.03.12 14:35,false,28.000000
5004,USDJPY,2025.03.12 14:37,false,28.000000
5005,USDJPY,2025.03.12 14:38,true,12.000000
5006,USDJPY,2025.03.12 14:39,false,7.000000
5007,USDJPY,2025.03.12 14:42,false,7.000000
5008,USDJPY,2025.03.12 14:43,false,7.000000
5009,USDJPY,2025.03.12 15:19,false,7.000000
5010,USDJPY,2025.03.12 15:22,false,7.000000
5011,USDJPY,2025.03.12 15:34,false,-12.000000
5012,USDJPY,2025.03.12 15:49,true,12.000000
5013,USDJPY,2025.03.12 15:58,true,12.000000
5014,USDJPY,2025.03.12 16:53,true,12.000000
5015,USDJPY,2025.03.12 17:23,true,12.000000
5016,USDJPY,2025.03.12 17:24,true,12.000000
5017,USDJPY,2025.03.12 17:45,false,7.000000
5018,USDJPY,2025.03.12 17:47,false,7.000000
5019,USDJPY,2025.03.12 17:49,false,7.000000
5020,USDJPY,2025.03.12 18:31,true,12.000000
5021,USDJPY,2025.03.12 18:49,true,13.000000
5022,USDJPY,2025.03.12 19:22,true,13.000000
5023,USDJPY,2025.03.12 19:24,true,13.000000
5024,USDJPY,2025.03.12 19:25,false,7.000000
5025,USDJPY,2025.03.12 19:36,true,13.000000
5026,USDJPY,2025.03.12 19:38,false,7.000000
5027,USDJPY,2025.03.12 19:49,false,7.000000
5028,USDJPY,2025.03.12 20:14,false,19.000000
5029,USDJPY,2025.03.12 20:32,true,0.000000
5030,USDJPY,2025.03.12 20:36,false,19.000000
5031,USDJPY,2025.03.12 20:38,true,0.000000
5032,USDJPY,2025.03.12 21:05,true,0.000000
5033,USDJPY,2025.03.12 21:27,false,19.000000
5034,USDJPY,2025.03.12 21:32,true,0.000000
5035,USDJPY,2025.03.12 21:36,true,0.000000
5036,USDJPY,2025.03.12 21:42,false,19.000000
5037,USDJPY,2025.03.12 21:43,false,19.000000
5038,USDJPY,2025.03.12 21:44,true,0.000000
5039,USDJPY,2025.03.12 21:50,false,19.000000
5040,USDJPY,2025.03.12 21:59,false,19.000000
5041,USDJPY,2025.03.12 22:01,false,19.000000
5042,USDJPY,2025.03.12 22:02,false,19.000000
5043,USDJPY,2025.03.13 00:35,true,-11.000000
5044,USDJPY,2025.03.13 00:37,true,-11.000000
5045,USDJPY,2025.03.13 01:00,false,19.000000
5046,USDJPY,2025.03.13 01:01,false,19.000000
5047,USDJPY,2025.03.13 01:03,true,0.000000
5048,USDJPY,2025.03.13 01:04,false,19.000000
5049,USDJPY,2025.03.13 01:05,true,0.000000
5050,USDJPY,2025.03.13 01:06,false,19.000000
5051,USDJPY,2025.03.13 01:09,true,0.000000
5052,USDJPY,2025.03.13 01:38,true,0.000000
5053,USDJPY,2025.03.13 01:40,true,0.000000
5054,USDJPY,2025.03.13 02:15,false,20.000000
5055,USDJPY,2025.03.13 02:21,true,0.000000
5056,USDJPY,2025.03.13 02:29,false,20.000000
5057,USDJPY,2025.03.13 02:36,true,0.000000
5058,USDJPY,2025.03.13 02:42,true,0.000000
5059,USDJPY,2025.03.13 02:47,true,0.000000
5060,USDJPY,2025.03.13 02:53,true,0.000000
5061,USDJPY,2025.03.13 03:17,false,19.000000
5062,USDJPY,2025.03.13 03:33,true,0.000000
5063,USDJPY,2025.03.13 03:36,false,19.000000
5064,USDJPY,2025.03.13 03:39,false,19.000000
5065,USDJPY,2025.03.13 03:43,true,0.000000
5066,USDJPY,2025.03.13 03:44,false,19.000000
5067,USDJPY,2025.03.13 03:45,true,0.000000
5068,USDJPY,2025.03.13 03:47,false,19.000000
5069,USDJPY,2025.03.13 03:49,false,19.000000
5070,USDJPY,2025.03.13 03:50,false,19.000000
5071,USDJPY,2025.03.13 03:54,true,0.000000
5072,USDJPY,2025.03.13 04:20,false,0.000000
5073,USDJPY,2025.03.13 04:25,false,0.000000
5074,USDJPY,2025.03.13 04:36,false,12.000000
5075,USDJPY,2025.03.13 04:45,false,12.000000
5076,USDJPY,2025.03.13 04:56,false,13.000000
5077,USDJPY,2025.03.13 05:00,true,-12.000000
5078,USDJPY,2025.03.13 05:17,false,12.000000
5079,USDJPY,2025.03.13 05:25,true,-12.000000
5080,USDJPY,2025.03.13 05:31,false,12.000000
5081,USDJPY,2025.03.13 05:39,true,-12.000000
5082,USDJPY,2025.03.13 05:44,true,-12.000000
5083,USDJPY,2025.03.13 06:24,true,-11.000000
5084,USDJPY,2025.03.13 06:51,false,12.000000
5085,USDJPY,2025.03.13 06:55,true,-12.000000
5086,USDJPY,2025.03.13 06:58,false,12.000000
5087,USDJPY,2025.03.13 07:00,true,-12.000000
5088,USDJPY,2025.03.13 07:17,false,12.000000
5089,USDJPY,2025.03.13 07:23,true,-12.000000
5090,USDJPY,2025.03.13 07:24,true,-12.000000
5091,USDJPY,2025.03.13 07:29,false,0.000000
5092,USDJPY,2025.03.13 07:30,true,0.000000
5093,USDJPY,2025.03.13 07:33,true,0.000000
5094,USDJPY,2025.03.13 08:00,true,-12.000000
5095,USDJPY,2025.03.13 08:45,true,0.000000
5096,USDJPY,2025.03.13 08:51,true,0.000000
5097,USDJPY,2025.03.13 09:07,false,0.000000
5098,USDJPY,2025.03.13 09:15,false,0.000000
5099,USDJPY,2025.03.13 09:37,false,0.000000
5100,USDJPY,2025.03.13 10:03,false,12.000000
5101,USDJPY,2025.03.13 10:54,true,-12.000000
5102,USDJPY,2025.03.13 11:06,false,12.000000
5103,USDJPY,2025.03.13 12:13,true,1.000000
5104,USDJPY,2025.03.13 12:24,true,0.000000
5105,USDJPY,2025.03.13 12:34,false,19.000000
5106,USDJPY,2025.03.13 12:37,false,19.000000
5107,USDJPY,2025.03.13 12:38,false,19.000000
5108,USDJPY,2025.03.13 13:52,false,12.000000
5109,USDJPY,2025.03.13 13:58,false,12.000000
5110,USDJPY,2025.03.13 14:01,false,12.000000
5111,USDJPY,2025.03.13 14:18,false,12.000000
5112,USDJPY,2025.03.13 14:30,false,12.000000
5113,USDJPY,2025.03.13 15:22,false,19.000000
5114,USDJPY,2025.03.13 15:28,false,19.000000
5115,USDJPY,2025.03.13 15:30,false,31.000000
5116,USDJPY,2025.03.13 15:36,false,31.000000
5117,USDJPY,2025.03.13 15:39,true,-12.000000
5118,USDJPY,2025.03.13 15:50,false,31.000000
5119,USDJPY,2025.03.13 16:03,true,0.000000
5120,USDJPY,2025.03.13 16:18,false,0.000000
5121,USDJPY,2025.03.13 16:20,false,0.000000
5122,USDJPY,2025.03.13 16:25,false,0.000000
5123,USDJPY,2025.03.13 16:42,false,0.000000
5124,USDJPY,2025.03.13 16:44,false,0.000000
5125,USDJPY,2025.03.13 16:48,false,0.000000
5126,USDJPY,2025.03.13 17:44,true,0.000000
5127,USDJPY,2025.03.13 17:45,true,0.000000
5128,USDJPY,2025.03.13 17:47,true,0.000000
5129,USDJPY,2025.03.13 17:49,true,0.000000
5130,USDJPY,2025.03.13 18:16,false,12.000000
5131,USDJPY,2025.03.13 19:28,true,1.000000
5132,USDJPY,2025.03.13 19:34,true,1.000000
5133,USDJPY,2025.03.13 19:35,false,0.000000
5134,USDJPY,2025.03.13 19:39,false,0.000000
5135,USDJPY,2025.03.13 20:08,true,0.000000
5136,USDJPY,2025.03.13 20:21,false,0.000000
5137,USDJPY,2025.03.13 20:26,false,0.000000
5138,USDJPY,2025.03.13 20:48,true,0.000000
5139,USDJPY,2025.03.13 21:19,true,0.000000
5140,USDJPY,2025.03.13 21:23,true,0.000000
5141,USDJPY,2025.03.13 21:24,true,0.000000
5142,USDJPY,2025.03.13 21:27,false,0.000000
5143,USDJPY,2025.03.13 21:29,true,0.000000
5144,USDJPY,2025.03.13 21:31,true,0.000000
5145,USDJPY,2025.03.13 21:33,true,0.000000
5146,USDJPY,2025.03.13 21:41,false,0.000000
5147,USDJPY,2025.03.13 21:53,false,0.000000
5148,USDJPY,2025.03.13 21:57,false,0.000000
5149,USDJPY,2025.03.13 21:58,false,0.000000
5150,USDJPY,2025.03.13 22:05,false,0.000000
5151,USDJPY,2025.03.13 22:06,false,0.000000
5152,USDJPY,2025.03.13 22:07,false,0.000000
5153,USDJPY,2025.03.13 23:46,true,-12.000000
5154,USDJPY,2025.03.14 01:06,true,0.000000
5155,USDJPY,2025.03.14 01:08,false,0.000000
5156,USDJPY,2025.03.14 01:23,true,0.000000
5157,USDJPY,2025.03.14 01:25,false,0.000000
5158,USDJPY,2025.03.14 01:28,true,0.000000
5159,USDJPY,2025.03.14 01:38,false,0.000000
5160,USDJPY,2025.03.14 01:39,true,0.000000
5161,USDJPY,2025.03.14 01:41,false,0.000000
5162,USDJPY,2025.03.14 01:58,false,0.000000
5163,USDJPY,2025.03.14 02:02,true,0.000000
5164,USDJPY,2025.03.14 02:05,true,0.000000
5165,USDJPY,2025.03.14 02:07,true,0.000000
5166,USDJPY,2025.03.14 02:09,false,0.000000
5167,USDJPY,2025.03.14 02:11,false,0.000000
5168,USDJPY,2025.03.14 02:12,true,0.000000
5169,USDJPY,2025.03.14 02:16,true,0.000000
5170,USDJPY,2025.03.14 02:52,false,19.000000
5171,USDJPY,2025.03.14 03:12,true,0.000000
5172,USDJPY,2025.03.14 03:17,false,31.000000
5173,USDJPY,2025.03.14 03:19,true,-12.000000
5174,USDJPY,2025.03.14 03:30,false,31.000000
5175,USDJPY,2025.03.14 03:36,false,31.000000
5176,USDJPY,2025.03.14 03:37,false,31.000000
5177,USDJPY,2025.03.14 03:39,false,31.000000
5178,USDJPY,2025.03.14 03:42,true,-12.000000
5179,USDJPY,2025.03.14 03:45,false,31.000000
5180,USDJPY,2025.03.14 03:47,true,-11.000000
5181,USDJPY,2025.03.14 04:59,false,19.000000
5182,USDJPY,2025.03.14 05:00,true,0.000000
5183,USDJPY,2025.03.14 05:08,false,19.000000
5184,USDJPY,2025.03.14 05:32,true,0.000000
5185,USDJPY,2025.03.14 05:48,true,0.000000
5186,USDJPY,2025.03.14 05:51,true,0.000000
5187,USDJPY,2025.03.14 05:56,false,19.000000
5188,USDJPY,2025.03.14 05:59,false,31.000000
5189,USDJPY,2025.03.14 07:38,false,19.000000
5190,USDJPY,2025.03.14 07:45,false,19.000000
5191,USDJPY,2025.03.14 07:49,false,19.000000
5192,USDJPY,2025.03.14 08:05,true,0.000000
5193,USDJPY,2025.03.14 09:04,true,0.000000
5194,USDJPY,2025.03.14 10:00,false,19.000000
5195,USDJPY,2025.03.14 10:07,false,19.000000
5196,USDJPY,2025.03.14 10:15,false,19.000000
5197,USDJPY,2025.03.14 10:17,true,0.000000
5198,USDJPY,2025.03.14 10:29,false,19.000000
5199,USDJPY,2025.03.14 10:35,false,19.000000
5200,USDJPY,2025.03.14 10:41,false,19.000000
5201,USDJPY,2025.03.14 10:54,false,19.000000
5202,USDJPY,2025.03.14 11:18,false,0.000000
5203,USDJPY,2025.03.14 11:22,false,0.000000
5204,USDJPY,2025.03.14 11:23,false,0.000000
5205,USDJPY,2025.03.14 11:28,false,0.000000
5206,USDJPY,2025.03.14 11:33,false,19.000000
5207,USDJPY,2025.03.14 12:01,false,-12.000000
5208,USDJPY,2025.03.14 12:50,true,0.000000
5209,USDJPY,2025.03.14 12:52,true,0.000000
5210,USDJPY,2025.03.14 13:01,false,1.000000
5211,USDJPY,2025.03.14 13:03,false,1.000000
5212,USDJPY,2025.03.14 13:05,false,0.000000
5213,USDJPY,2025.03.14 13:37,false,1.000000
5214,USDJPY,2025.03.14 13:39,false,0.000000
5215,USDJPY,2025.03.14 13:45,false,0.000000
5216,USDJPY,2025.03.14 13:48,false,0.000000
5217,USDJPY,2025.03.14 13:50,false,0.000000
5218,USDJPY,2025.03.14 13:51,false,0.000000
5219,USDJPY,2025.03.14 13:57,false,0.000000
5220,USDJPY,2025.03.14 14:24,true,0.000000
5221,USDJPY,2025.03.14 14:26,true,0.000000
5222,USDJPY,2025.03.14 14:33,false,-11.000000
5223,USDJPY,2025.03.14 14:48,true,0.000000
5224,USDJPY,2025.03.14 15:11,true,0.000000
5225,USDJPY,2025.03.14 15:38,false,-12.000000
5226,USDJPY,2025.03.14 15:43,true,12.000000
5227,USDJPY,2025.03.14 15:48,true,12.000000
5228,USDJPY,2025.03.14 15:53,true,12.000000
5229,USDJPY,2025.03.14 15:59,true,0.000000
5230,USDJPY,2025.03.14 16:11,false,0.000000
5231,USDJPY,2025.03.14 16:27,true,1.000000
5232,USDJPY,2025.03.14 16:34,true,12.000000
5233,USDJPY,2025.03.14 16:38,true,12.000000
5234,USDJPY,2025.03.14 17:21,true,0.000000
5235,USDJPY,2025.03.14 17:22,false,0.000000
5236,USDJPY,2025.03.14 17:28,true,0.000000
5237,USDJPY,2025.03.14 17:52,true,12.000000
5238,USDJPY,2025.03.14 18:05,false,-12.000000
5239,USDJPY,2025.03.14 18:06,false,-12.000000
5240,USDJPY,2025.03.14 18:36,true,12.000000
5241,USDJPY,2025.03.14 18:51,true,12.000000
5242,USDJPY,2025.03.14 18:57,true,12.000000
5243,USDJPY,2025.03.14 19:03,false,-12.000000
5244,USDJPY,2025.03.14 20:11,false,-12.000000
5245,USDJPY,2025.03.14 20:12,false,-12.000000
5246,USDJPY,2025.03.14 20:18,false,-12.000000
5247,USDJPY,2025.03.14 20:21,true,12.000000
5248,USDJPY,2025.03.14 20:28,false,-12.000000
5249,USDJPY,2025.03.14 20:54,false,-12.000000
5250,USDJPY,2025.03.14 20:55,false,-12.000000
5251,USDJPY,2025.03.14 21:27,false,-12.000000
5252,USDJPY,2025.03.14 21:29,false,-12.000000
5253,USDJPY,2025.03.14 21:30,true,12.000000
5254,USDJPY,2025.03.14 21:35,false,-12.000000
5255,USDJPY,2025.03.14 21:37,true,12.000000
5256,USDJPY,2025.03.14 21:40,false,-12.000000
5257,USDJPY,2025.03.14 21:41,true,12.000000
5258,USDJPY,2025.03.14 22:55,true,0.000000
5259,USDJPY,2025.03.17 01:01,true,13.000000
5260,USDJPY,2025.03.17 01:58,false,-12.000000
5261,USDJPY,2025.03.17 02:00,false,-12.000000
5262,USDJPY,2025.03.17 02:19,false,-12.000000
5263,USDJPY,2025.03.17 02:22,false,-12.000000
5264,USDJPY,2025.03.17 02:51,false,-12.000000
5265,USDJPY,2025.03.17 02:59,true,12.000000
5266,USDJPY,2025.03.17 03:04,false,-10.000000
5267,USDJPY,2025.03.17 03:06,false,-12.000000
5268,USDJPY,2025.03.17 03:17,true,12.000000
5269,USDJPY,2025.03.17 03:25,false,-12.000000
5270,USDJPY,2025.03.17 03:38,false,-12.000000
5271,USDJPY,2025.03.17 04:07,true,13.000000
5272,USDJPY,2025.03.17 04:11,true,12.000000
5273,USDJPY,2025.03.17 04:22,true,12.000000
5274,USDJPY,2025.03.17 04:44,true,12.000000
5275,USDJPY,2025.03.17 04:48,true,12.000000
5276,USDJPY,2025.03.17 04:50,true,12.000000
5277,USDJPY,2025.03.17 04:52,true,12.000000
5278,USDJPY,2025.03.17 04:53,true,12.000000
5279,USDJPY,2025.03.17 04:55,true,12.000000
5280,USDJPY,2025.03.17 05:01,false,-12.000000
5281,USDJPY,2025.03.17 05:04,false,-12.000000
5282,USDJPY,2025.03.17 05:05,false,-12.000000
5283,USDJPY,2025.03.17 05:06,false,-12.000000
5284,USDJPY,2025.03.17 05:09,false,-12.000000
5285,USDJPY,2025.03.17 05:21,true,12.000000
5286,USDJPY,2025.03.17 05:22,true,12.000000
5287,USDJPY,2025.03.17 05:23,false,-12.000000
5288,USDJPY,2025.03.17 05:37,false,-12.000000
5289,USDJPY,2025.03.17 05:40,false,-12.000000
5290,USDJPY,2025.03.17 06:03,true,12.000000
5291,USDJPY,2025.03.17 06:42,true,0.000000
5292,USDJPY,2025.03.17 07:16,true,12.000000
5293,USDJPY,2025.03.17 07:22,false,-12.000000
5294,USDJPY,2025.03.17 07:25,true,12.000000
5295,USDJPY,2025.03.17 07:37,false,-12.000000
5296,USDJPY,2025.03.17 07:38,false,-12.000000
5297,USDJPY,2025.03.17 07:40,true,12.000000
5298,USDJPY,2025.03.17 07:45,false,-12.000000
5299,USDJPY,2025.03.17 07:56,true,12.000000
5300,USDJPY,2025.03.17 07:59,true,0.000000
5301,USDJPY,2025.03.17 08:02,true,0.000000
5302,USDJPY,2025.03.17 08:07,false,1.000000
5303,USDJPY,2025.03.17 08:18,false,12.000000
5304,USDJPY,2025.03.17 08:21,false,12.000000
5305,USDJPY,2025.03.17 08:33,false,12.000000
5306,USDJPY,2025.03.17 09:01,false,0.000000
5307,USDJPY,2025.03.17 09:37,false,13.000000
5308,USDJPY,2025.03.17 09:41,true,-12.000000
5309,USDJPY,2025.03.17 09:43,true,-11.000000
5310,USDJPY,2025.03.17 09:45,true,-11.000000
5311,USDJPY,2025.03.17 10:00,true,-11.000000
5312,USDJPY,2025.03.17 10:09,true,-11.000000
5313,USDJPY,2025.03.17 10:28,false,1.000000
5314,USDJPY,2025.03.17 10:30,false,12.000000
5315,USDJPY,2025.03.17 10:32,false,12.000000
5316,USDJPY,2025.03.17 10:35,true,-12.000000
5317,USDJPY,2025.03.17 10:40,false,12.000000
5318,USDJPY,2025.03.17 10:41,false,12.000000
5319,USDJPY,2025.03.17 10:42,false,12.000000
5320,USDJPY,2025.03.17 10:43,true,-12.000000
5321,USDJPY,2025.03.17 10:59,true,0.000000
5322,USDJPY,2025.03.17 12:42,false,0.000000
5323,USDJPY,2025.03.17 12:51,true,0.000000
5324,USDJPY,2025.03.17 13:01,true,0.000000
5325,USDJPY,2025.03.17 13:44,false,0.000000
5326,USDJPY,2025.03.17 13:48,false,0.000000
5327,USDJPY,2025.03.17 13:59,false,0.000000
5328,USDJPY,2025.03.17 14:29,false,12.000000
5329,USDJPY,2025.03.17 15:26,true,0.000000
5330,USDJPY,2025.03.17 15:31,true,1.000000
5331,USDJPY,2025.03.17 16:17,true,0.000000
5332,USDJPY,2025.03.17 17:20,false,0.000000
5333,USDJPY,2025.03.17 17:22,false,0.000000
5334,USDJPY,2025.03.17 17:35,true,-12.000000
5335,USDJPY,2025.03.17 17:58,false,12.000000
5336,USDJPY,2025.03.17 18:03,false,12.000000
5337,USDJPY,2025.03.17 18:21,false,12.000000
5338,USDJPY,2025.03.17 18:22,false,12.000000
5339,USDJPY,2025.03.17 18:37,true,-12.000000
5340,USDJPY,2025.03.17 18:40,true,-12.000000
5341,USDJPY,2025.03.17 18:45,false,12.000000
5342,USDJPY,2025.03.17 18:48,true,-12.000000
5343,USDJPY,2025.03.17 18:49,true,-12.000000
5344,USDJPY,2025.03.17 18:51,true,-12.000000
5345,USDJPY,2025.03.17 22:14,false,12.000000
5346,USDJPY,2025.03.17 22:55,true,-12.000000
5347,USDJPY,2025.03.17 23:15,true,-12.000000
5348,USDJPY,2025.03.17 23:26,true,-12.000000
5349,USDJPY,2025.03.17 23:54,false,12.000000
5350,USDJPY,2025.03.17 23:58,false,12.000000
5351,USDJPY,2025.03.18 00:00,true,0.000000
5352,USDJPY,2025.03.18 00:28,false,0.000000
5353,USDJPY,2025.03.18 01:09,false,-12.000000
5354,USDJPY,2025.03.18 01:16,true,12.000000
5355,USDJPY,2025.03.18 01:40,false,-12.000000
5356,USDJPY,2025.03.18 01:47,true,12.000000
5357,USDJPY,2025.03.18 01:51,true,12.000000
5358,USDJPY,2025.03.18 01:53,true,12.000000
5359,USDJPY,2025.03.18 02:01,false,-11.000000
5360,USDJPY,2025.03.18 02:02,false,-11.000000
5361,USDJPY,2025.03.18 02:03,true,12.000000
5362,USDJPY,2025.03.18 02:11,false,-11.000000
5363,USDJPY,2025.03.18 02:12,false,-11.000000
5364,USDJPY,2025.03.18 02:15,true,12.000000
5365,USDJPY,2025.03.18 02:32,true,0.000000
5366,USDJPY,2025.03.18 02:34,true,0.000000
5367,USDJPY,2025.03.18 02:36,true,0.000000
5368,USDJPY,2025.03.18 02:37,false,0.000000
5369,USDJPY,2025.03.18 02:39,true,0.000000
5370,USDJPY,2025.03.18 02:49,true,0.000000
5371,USDJPY,2025.03.18 03:04,false,0.000000
5372,USDJPY,2025.03.18 03:06,true,0.000000
5373,USDJPY,2025.03.18 03:53,false,-12.000000
5374,USDJPY,2025.03.18 03:57,false,-12.000000
5375,USDJPY,2025.03.18 04:01,false,-12.000000
5376,USDJPY,2025.03.18 04:02,true,12.000000
5377,USDJPY,2025.03.18 04:05,true,12.000000
5378,USDJPY,2025.03.18 04:08,true,12.000000
5379,USDJPY,2025.03.18 04:15,true,12.000000
5380,USDJPY,2025.03.18 04:19,false,-12.000000
5381,USDJPY,2025.03.18 04:25,false,-12.000000
5382,USDJPY,2025.03.18 04:31,false,-12.000000
5383,USDJPY,2025.03.18 05:09,true,12.000000
5384,USDJPY,2025.03.18 05:36,false,7.000000
5385,USDJPY,2025.03.18 05:46,false,7.000000
5386,USDJPY,2025.03.18 06:01,false,7.000000
5387,USDJPY,2025.03.18 06:33,false,8.000000
5388,USDJPY,2025.03.18 06:34,false,8.000000
5389,USDJPY,2025.03.18 06:59,false,0.000000
5390,USDJPY,2025.03.18 07:12,true,1.000000
5391,USDJPY,2025.03.18 07:33,false,1.000000
5392,USDJPY,2025.03.18 08:41,true,12.000000
5393,USDJPY,2025.03.18 08:43,true,12.000000
5394,USDJPY,2025.03.18 08:46,true,12.000000
5395,USDJPY,2025.03.18 08:56,true,12.000000
5396,USDJPY,2025.03.18 09:01,true,0.000000
5397,USDJPY,2025.03.18 09:03,true,0.000000
5398,USDJPY,2025.03.18 09:04,true,0.000000
5399,USDJPY,2025.03.18 09:09,true,0.000000
5400,USDJPY,2025.03.18 09:11,true,0.000000
5401,USDJPY,2025.03.18 09:12,true,0.000000
5402,USDJPY,2025.03.18 09:14,true,0.000000
5403,USDJPY,2025.03.18 09:18,true,0.000000
5404,USDJPY,2025.03.18 09:26,true,0.000000
5405,USDJPY,2025.03.18 09:54,false,7.000000
5406,USDJPY,2025.03.18 09:58,false,7.000000
5407,USDJPY,2025.03.18 10:02,false,7.000000
5408,USDJPY,2025.03.18 10:17,false,8.000000
5409,USDJPY,2025.03.18 11:18,true,0.000000
5410,USDJPY,2025.03.18 11:25,true,0.000000
5411,USDJPY,2025.03.18 11:36,true,12.000000
5412,USDJPY,2025.03.18 11:54,true,12.000000
5413,USDJPY,2025.03.18 12:20,true,13.000000
5414,USDJPY,2025.03.18 12:27,true,13.000000
5415,USDJPY,2025.03.18 12:30,false,7.000000
5416,USDJPY,2025.03.18 13:03,false,0.000000
5417,USDJPY,2025.03.18 13:04,false,0.000000
5418,USDJPY,2025.03.18 13:05,true,19.000000
5419,USDJPY,2025.03.18 13:07,false,0.000000
5420,USDJPY,2025.03.18 13:11,false,0.000000
5421,USDJPY,2025.03.18 13:19,true,19.000000
5422,USDJPY,2025.03.18 13:22,true,19.000000
5423,USDJPY,2025.03.18 13:23,false,0.000000
5424,USDJPY,2025.03.18 13:25,true,0.000000
5425,USDJPY,2025.03.18 13:42,true,19.000000
5426,USDJPY,2025.03.18 13:44,true,19.000000
5427,USDJPY,2025.03.18 13:47,true,19.000000
5428,USDJPY,2025.03.18 13:48,true,19.000000
5429,USDJPY,2025.03.18 14:11,true,0.000000
5430,USDJPY,2025.03.18 14:20,false,19.000000
5431,USDJPY,2025.03.18 15:09,true,0.000000
5432,USDJPY,2025.03.18 16:11,true,7.000000
5433,USDJPY,2025.03.18 16:35,true,7.000000
5434,USDJPY,2025.03.18 16:40,true,-12.000000
5435,USDJPY,2025.03.18 16:47,true,-12.000000
5436,USDJPY,2025.03.18 16:49,false,12.000000
5437,USDJPY,2025.03.18 16:52,false,12.000000
5438,USDJPY,2025.03.18 16:59,false,12.000000
5439,USDJPY,2025.03.18 17:15,false,13.000000
5440,USDJPY,2025.03.18 17:16,false,13.000000
5441,USDJPY,2025.03.18 18:26,true,0.000000
5442,USDJPY,2025.03.18 18:49,true,7.000000
5443,USDJPY,2025.03.18 21:00,false,13.000000
5444,USDJPY,2025.03.18 21:05,false,13.000000
5445,USDJPY,2025.03.18 21:20,true,-12.000000
5446,USDJPY,2025.03.18 21:22,false,12.000000
5447,USDJPY,2025.03.18 22:40,false,1.000000
5448,USDJPY,2025.03.18 22:44,false,1.000000
5449,USDJPY,2025.03.18 23:01,false,12.000000
5450,USDJPY,2025.03.18 23:08,false,12.000000
5451,USDJPY,2025.03.18 23:43,false,1.000000
5452,USDJPY,2025.03.18 23:49,false,1.000000
5453,USDJPY,2025.03.19 00:21,false,0.000000
5454,USDJPY,2025.03.19 00:30,false,-11.000000
5455,USDJPY,2025.03.19 00:59,false,-12.000000
5456,USDJPY,2025.03.19 01:03,false,-12.000000
5457,USDJPY,2025.03.19 01:46,false,-12.000000
5458,USDJPY,2025.03.19 01:48,true,12.000000
5459,USDJPY,2025.03.19 01:51,false,-12.000000
5460,USDJPY,2025.03.19 01:59,false,9.000000
5461,USDJPY,2025.03.19 02:07,false,9.000000
5462,USDJPY,2025.03.19 02:15,false,9.000000
5463,USDJPY,2025.03.19 02:19,false,-12.000000
5464,USDJPY,2025.03.19 02:22,true,12.000000
5465,USDJPY,2025.03.19 02:24,false,-12.000000
5466,USDJPY,2025.03.19 02:26,true,12.000000
5467,USDJPY,2025.03.19 02:28,false,-12.000000
5468,USDJPY,2025.03.19 02:29,true,0.000000
5469,USDJPY,2025.03.19 02:41,false,20.000000
5470,USDJPY,2025.03.19 02:46,false,8.000000
5471,USDJPY,2025.03.19 03:12,true,12.000000
5472,USDJPY,2025.03.19 03:20,true,12.000000
5473,USDJPY,2025.03.19 03:38,true,12.000000
5474,USDJPY,2025.03.19 03:41,true,12.000000
5475,USDJPY,2025.03.19 03:42,true,12.000000
5476,USDJPY,2025.03.19 03:49,false,7.000000
5477,USDJPY,2025.03.19 03:59,true,12.000000
5478,USDJPY,2025.03.19 04:02,true,12.000000
5479,USDJPY,2025.03.19 04:05,true,12.000000
5480,USDJPY,2025.03.19 07:41,false,-11.000000
5481,USDJPY,2025.03.19 08:13,false,-12.000000
5482,USDJPY,2025.03.19 08:33,false,-12.000000
5483,USDJPY,2025.03.19 08:37,true,12.000000
5484,USDJPY,2025.03.19 08:48,false,-11.000000
5485,USDJPY,2025.03.19 08:52,true,12.000000
5486,USDJPY,2025.03.19 10:04,false,-11.000000
5487,USDJPY,2025.03.19 11:46,false,-11.000000
5488,USDJPY,2025.03.19 11:51,false,-11.000000
5489,USDJPY,2025.03.19 12:41,true,12.000000
5490,USDJPY,2025.03.19 12:42,true,12.000000
5491,USDJPY,2025.03.19 12:46,true,12.000000
5492,USDJPY,2025.03.19 12:47,true,12.000000
5493,USDJPY,2025.03.19 12:51,true,12.000000
5494,USDJPY,2025.03.19 13:28,false,-12.000000
5495,USDJPY,2025.03.19 13:30,false,-12.000000
5496,USDJPY,2025.03.19 13:39,true,13.000000
5497,USDJPY,2025.03.19 13:45,true,12.000000
5498,USDJPY,2025.03.19 14:13,true,13.000000
5499,USDJPY,2025.03.19 14:16,true,1.000000
5500,USDJPY,2025.03.19 14:28,false,0.000000
5501,USDJPY,2025.03.19 14:55,true,1.000000
5502,USDJPY,2025.03.19 15:03,true,12.000000
5503,USDJPY,2025.03.19 15:25,false,-12.000000
5504,USDJPY,2025.03.19 17:27,true,0.000000
5505,USDJPY,2025.03.19 17:29,true,0.000000
5506,USDJPY,2025.03.19 17:32,true,0.000000
5507,USDJPY,2025.03.19 17:33,true,0.000000
5508,USDJPY,2025.03.19 17:46,false,1.000000
5509,USDJPY,2025.03.19 18:23,true,0.000000
5510,USDJPY,2025.03.19 18:45,false,0.000000
5511,USDJPY,2025.03.19 18:51,true,1.000000
5512,USDJPY,2025.03.19 19:29,false,1.000000
5513,USDJPY,2025.03.19 19:30,true,0.000000
5514,USDJPY,2025.03.19 19:31,false,1.000000
5515,USDJPY,2025.03.19 19:34,true,0.000000
5516,USDJPY,2025.03.19 19:35,false,1.000000
5517,USDJPY,2025.03.19 19:38,false,1.000000
5518,USDJPY,2025.03.19 19:43,false,1.000000
5519,USDJPY,2025.03.19 19:54,true,0.000000
5520,USDJPY,2025.03.19 20:06,true,1.000000
5521,USDJPY,2025.03.19 20:59,true,12.000000
5522,USDJPY,2025.03.19 21:31,false,-11.000000
5523,USDJPY,2025.03.19 23:07,false,0.000000
5524,USDJPY,2025.03.19 23:19,false,0.000000
5525,USDJPY,2025.03.19 23:21,false,0.000000
5526,USDJPY,2025.03.20 00:00,true,-12.000000
5527,USDJPY,2025.03.20 00:08,true,-12.000000
5528,USDJPY,2025.03.20 00:11,true,-12.000000
5529,USDJPY,2025.03.20 00:19,true,-12.000000
5530,USDJPY,2025.03.20 00:31,false,12.000000
5531,USDJPY,2025.03.20 00:37,false,12.000000
5532,USDJPY,2025.03.20 00:39,true,-12.000000
5533,USDJPY,2025.03.20 00:47,true,-12.000000
5534,USDJPY,2025.03.20 01:17,false,12.000000
5535,USDJPY,2025.03.20 01:18,false,12.000000
5536,USDJPY,2025.03.20 01:32,true,-11.000000
5537,USDJPY,2025.03.20 01:51,false,12.000000
5538,USDJPY,2025.03.20 02:09,true,-11.000000
5539,USDJPY,2025.03.20 02:14,true,-12.000000
5540,USDJPY,2025.03.20 02:40,true,1.000000
5541,USDJPY,2025.03.20 03:24,false,0.000000
5542,USDJPY,2025.03.20 03:29,false,12.000000
5543,USDJPY,2025.03.20 03:39,true,9.000000
5544,USDJPY,2025.03.20 03:57,true,-12.000000
5545,USDJPY,2025.03.20 04:03,false,0.000000
5546,USDJPY,2025.03.20 04:10,true,21.000000
5547,USDJPY,2025.03.20 04:11,false,0.000000
5548,USDJPY,2025.03.20 04:13,false,0.000000
5549,USDJPY,2025.03.20 04:16,true,21.000000
5550,USDJPY,2025.03.20 04:46,true,21.000000
5551,USDJPY,2025.03.20 04:48,true,0.000000
5552,USDJPY,2025.03.20 05:14,false,0.000000
5553,USDJPY,2025.03.20 06:47,true,12.000000
5554,USDJPY,2025.03.20 06:51,false,-12.000000
5555,USDJPY,2025.03.20 06:52,true,12.000000
5556,USDJPY,2025.03.20 06:54,true,12.000000
5557,USDJPY,2025.03.20 06:56,true,12.000000
5558,USDJPY,2025.03.20 07:03,true,12.000000
5559,USDJPY,2025.03.20 07:08,false,-12.000000
5560,USDJPY,2025.03.20 07:14,false,-12.000000
5561,USDJPY,2025.03.20 07:23,true,12.000000
5562,USDJPY,2025.03.20 07:47,false,-12.000000
5563,USDJPY,2025.03.20 08:01,true,0.000000
5564,USDJPY,2025.03.20 08:59,false,0.000000
5565,USDJPY,2025.03.20 09:14,true,12.000000
5566,USDJPY,2025.03.20 09:58,false,-11.000000
5567,USDJPY,2025.03.20 10:03,true,13.000000
5568,USDJPY,2025.03.20 10:26,true,0.000000
5569,USDJPY,2025.03.20 10:30,true,0.000000
5570,USDJPY,2025.03.20 10:34,true,0.000000
5571,USDJPY,2025.03.20 10:44,true,0.000000
5572,USDJPY,2025.03.20 11:00,true,0.000000
5573,USDJPY,2025.03.20 11:03,true,0.000000
5574,USDJPY,2025.03.20 11:13,true,0.000000
5575,USDJPY,2025.03.20 11:52,false,1.000000
5576,USDJPY,2025.03.20 11:56,true,0.000000
5577,USDJPY,2025.03.20 12:05,false,0.000000
5578,USDJPY,2025.03.20 12:07,false,0.000000
5579,USDJPY,2025.03.20 12:11,false,0.000000
5580,USDJPY,2025.03.20 13:22,false,-12.000000
5581,USDJPY,2025.03.20 13:24,false,-12.000000
5582,USDJPY,2025.03.20 13:34,true,1.000000
5583,USDJPY,2025.03.20 13:41,true,1.000000
5584,USDJPY,2025.03.20 14:03,true,12.000000
5585,USDJPY,2025.03.20 14:12,false,-12.000000
5586,USDJPY,2025.03.20 14:18,false,-12.000000
5587,USDJPY,2025.03.20 14:53,true,12.000000
5588,USDJPY,2025.03.20 14:55,false,-12.000000
5589,USDJPY,2025.03.20 15:25,true,0.000000
5590,USDJPY,2025.03.20 15:36,false,0.000000
5591,USDJPY,2025.03.20 15:55,false,0.000000
5592,USDJPY,2025.03.20 16:14,false,-12.000000
5593,USDJPY,2025.03.20 16:18,false,-12.000000
5594,USDJPY,2025.03.20 16:37,false,7.000000
5595,USDJPY,2025.03.20 17:13,false,-12.000000
5596,USDJPY,2025.03.20 17:15,true,12.000000
5597,USDJPY,2025.03.20 17:33,false,-12.000000
5598,USDJPY,2025.03.20 17:35,false,-12.000000
5599,USDJPY,2025.03.20 17:41,false,-12.000000
5600,USDJPY,2025.03.20 17:56,false,-12.000000
5601,USDJPY,2025.03.20 17:59,false,0.000000
5602,USDJPY,2025.03.20 18:16,true,0.000000
5603,USDJPY,2025.03.20 18:18,true,0.000000
5604,USDJPY,2025.03.20 18:23,true,0.000000
5605,USDJPY,2025.03.20 18:38,true,0.000000
5606,USDJPY,2025.03.20 19:02,true,0.000000
5607,USDJPY,2025.03.20 19:05,true,0.000000
5608,USDJPY,2025.03.20 19:30,true,12.000000
5609,USDJPY,2025.03.20 19:40,false,-12.000000
5610,USDJPY,2025.03.20 20:08,true,0.000000
5611,USDJPY,2025.03.20 20:36,true,-11.000000
5612,USDJPY,2025.03.20 20:39,true,-12.000000
5613,USDJPY,2025.03.20 21:12,false,12.000000
5614,USDJPY,2025.03.20 21:21,true,-12.000000
5615,USDJPY,2025.03.20 21:45,true,-12.000000
5616,USDJPY,2025.03.20 21:59,true,-12.000000
5617,USDJPY,2025.03.20 22:47,true,-12.000000
5618,USDJPY,2025.03.20 23:01,false,12.000000
5619,USDJPY,2025.03.20 23:57,true,0.000000
5620,USDJPY,2025.03.21 00:00,false,12.000000
5621,USDJPY,2025.03.21 00:01,true,-12.000000
5622,USDJPY,2025.03.21 00:03,false,12.000000
5623,USDJPY,2025.03.21 00:05,false,12.000000
5624,USDJPY,2025.03.21 00:12,true,-12.000000
5625,USDJPY,2025.03.21 00:15,false,0.000000
5626,USDJPY,2025.03.21 00:16,true,0.000000
5627,USDJPY,2025.03.21 00:23,false,0.000000
5628,USDJPY,2025.03.21 00:30,true,0.000000
5629,USDJPY,2025.03.21 00:32,true,0.000000
5630,USDJPY,2025.03.21 00:34,true,0.000000
5631,USDJPY,2025.03.21 00:38,true,0.000000
5632,USDJPY,2025.03.21 00:39,true,0.000000
5633,USDJPY,2025.03.21 00:46,true,0.000000
5634,USDJPY,2025.03.21 01:18,true,-12.000000
5635,USDJPY,2025.03.21 01:20,true,-11.000000
5636,USDJPY,2025.03.21 01:24,true,-11.000000
5637,USDJPY,2025.03.21 01:26,false,12.000000
5638,USDJPY,2025.03.21 01:36,true,1.000000
5639,USDJPY,2025.03.21 02:36,true,-11.000000
5640,USDJPY,2025.03.21 03:45,true,0.000000
5641,USDJPY,2025.03.21 04:10,true,0.000000
5642,USDJPY,2025.03.21 04:46,true,-12.000000
5643,USDJPY,2025.03.21 04:51,true,-12.000000
5644,USDJPY,2025.03.21 05:17,true,-12.000000
5645,USDJPY,2025.03.21 06:52,false,19.000000
5646,USDJPY,2025.03.21 06:58,false,20.000000
5647,USDJPY,2025.03.21 07:08,false,31.000000
5648,USDJPY,2025.03.21 07:13,false,31.000000
5649,USDJPY,2025.03.21 07:14,false,31.000000
5650,USDJPY,2025.03.21 07:37,false,31.000000
5651,USDJPY,2025.03.21 07:46,false,31.000000
5652,USDJPY,2025.03.21 08:02,false,31.000000
5653,USDJPY,2025.03.21 08:14,true,-12.000000
5654,USDJPY,2025.03.21 08:21,true,-12.000000
5655,USDJPY,2025.03.21 08:22,true,-12.000000
5656,USDJPY,2025.03.21 08:23,true,-12.000000
5657,USDJPY,2025.03.21 08:26,true,-12.000000
5658,USDJPY,2025.03.21 08:39,true,-12.000000
5659,USDJPY,2025.03.21 08:40,true,-12.000000
5660,USDJPY,2025.03.21 08:42,true,-12.000000
5661,USDJPY,2025.03.21 08:44,true,-12.000000
5662,USDJPY,2025.03.21 08:45,true,-12.000000
5663,USDJPY,2025.03.21 08:48,false,31.000000
5664,USDJPY,2025.03.21 09:07,false,31.000000
5665,USDJPY,2025.03.21 09:21,false,31.000000
5666,USDJPY,2025.03.21 09:24,false,31.000000
5667,USDJPY,2025.03.21 09:49,false,19.000000
5668,USDJPY,2025.03.21 09:56,false,19.000000
5669,USDJPY,2025.03.21 10:19,false,20.000000
5670,USDJPY,2025.03.21 10:22,false,19.000000
5671,USDJPY,2025.03.21 10:24,true,0.000000
5672,USDJPY,2025.03.21 10:26,true,0.000000
5673,USDJPY,2025.03.21 10:30,true,-12.000000
5674,USDJPY,2025.03.21 11:02,false,19.000000
5675,USDJPY,2025.03.21 11:08,true,0.000000
5676,USDJPY,2025.03.21 11:12,true,0.000000
5677,USDJPY,2025.03.21 11:15,false,32.000000
5678,USDJPY,2025.03.21 11:36,false,19.000000
5679,USDJPY,2025.03.21 12:04,true,-12.000000
5680,USDJPY,2025.03.21 12:08,false,31.000000
5681,USDJPY,2025.03.21 12:20,false,31.000000
5682,USDJPY,2025.03.21 12:22,false,31.000000
5683,USDJPY,2025.03.21 12:23,true,-12.000000
5684,USDJPY,2025.03.21 12:24,false,31.000000
5685,USDJPY,2025.03.21 12:27,true,-12.000000
5686,USDJPY,2025.03.21 12:57,true,-11.000000
5687,USDJPY,2025.03.21 13:45,true,-11.000000
5688,USDJPY,2025.03.21 13:47,true,-11.000000
5689,USDJPY,2025.03.21 13:49,true,-11.000000
5690,USDJPY,2025.03.21 13:57,true,-11.000000
5691,USDJPY,2025.03.21 14:01,true,-11.000000
5692,USDJPY,2025.03.21 14:02,true,-11.000000
5693,USDJPY,2025.03.21 14:14,true,1.000000
5694,USDJPY,2025.03.21 14:33,true,-11.000000
5695,USDJPY,2025.03.21 15:07,true,-12.000000
5696,USDJPY,2025.03.21 15:14,true,-12.000000
5697,USDJPY,2025.03.21 15:18,true,-12.000000
5698,USDJPY,2025.03.21 15:22,true,-12.000000
5699,USDJPY,2025.03.21 15:31,false,12.000000
5700,USDJPY,2025.03.21 15:47,true,-11.000000
5701,USDJPY,2025.03.21 16:12,true,0.000000
5702,USDJPY,2025.03.21 16:14,true,0.000000
5703,USDJPY,2025.03.21 16:39,false,12.000000
5704,USDJPY,2025.03.21 16:41,false,12.000000
5705,USDJPY,2025.03.21 16:50,true,-12.000000
5706,USDJPY,2025.03.21 16:54,true,-12.000000
5707,USDJPY,2025.03.21 17:08,true,-12.000000
5708,USDJPY,2025.03.21 17:16,true,-12.000000
5709,USDJPY,2025.03.21 17:18,false,12.000000
5710,USDJPY,2025.03.21 18:33,false,2.000000
5711,USDJPY,2025.03.21 18:38,false,2.000000
5712,USDJPY,2025.03.21 18:45,true,0.000000
5713,USDJPY,2025.03.21 19:47,false,0.000000
5714,USDJPY,2025.03.21 19:54,false,0.000000
5715,USDJPY,2025.03.21 19:56,false,0.000000
5716,USDJPY,2025.03.21 19:57,false,0.000000
5717,USDJPY,2025.03.21 20:08,false,12.000000
5718,USDJPY,2025.03.21 20:12,false,12.000000
5719,USDJPY,2025.03.21 20:15,false,13.000000
5720,USDJPY,2025.03.21 20:18,false,13.000000
5721,USDJPY,2025.03.21 20:22,false,13.000000
5722,USDJPY,2025.03.21 20:23,false,13.000000
5723,USDJPY,2025.03.21 20:31,true,-12.000000
5724,USDJPY,2025.03.21 21:14,false,0.000000
5725,USDJPY,2025.03.21 21:27,true,0.000000
5726,USDJPY,2025.03.21 21:28,true,0.000000
5727,USDJPY,2025.03.21 21:30,true,0.000000
5728,USDJPY,2025.03.21 22:07,false,0.000000
5729,USDJPY,2025.03.21 22:52,true,1.000000
5730,USDJPY,2025.03.24 00:57,true,0.000000
5731,USDJPY,2025.03.24 00:59,true,0.000000
5732,USDJPY,2025.03.24 01:20,false,20.000000
5733,USDJPY,2025.03.24 01:31,true,0.000000
5734,USDJPY,2025.03.24 01:33,true,0.000000
5735,USDJPY,2025.03.24 01:34,true,0.000000
5736,USDJPY,2025.03.24 01:38,true,0.000000
5737,USDJPY,2025.03.24 01:43,true,0.000000
5738,USDJPY,2025.03.24 01:45,true,0.000000
5739,USDJPY,2025.03.24 01:46,true,0.000000
5740,USDJPY,2025.03.24 01:48,false,20.000000
5741,USDJPY,2025.03.24 01:50,true,0.000000
5742,USDJPY,2025.03.24 02:29,false,19.000000
5743,USDJPY,2025.03.24 02:36,false,19.000000
5744,USDJPY,2025.03.24 02:57,false,52.000000
5745,USDJPY,2025.03.24 05:01,false,21.000000
5746,USDJPY,2025.03.24 05:05,true,0.000000
5747,USDJPY,2025.03.24 05:41,true,0.000000
5748,USDJPY,2025.03.24 05:46,true,12.000000
5749,USDJPY,2025.03.24 05:58,true,12.000000
5750,USDJPY,2025.03.24 06:43,true,13.000000
5751,USDJPY,2025.03.24 07:08,false,10.000000
5752,USDJPY,2025.03.24 07:19,false,10.000000
5753,USDJPY,2025.03.24 07:21,true,12.000000
5754,USDJPY,2025.03.24 07:26,true,12.000000
5755,USDJPY,2025.03.24 07:32,true,0.000000
5756,USDJPY,2025.03.24 07:33,false,21.000000
5757,USDJPY,2025.03.24 07:34,true,0.000000
5758,USDJPY,2025.03.24 07:37,false,21.000000
5759,USDJPY,2025.03.24 08:47,false,0.000000
5760,USDJPY,2025.03.24 09:34,true,0.000000
5761,USDJPY,2025.03.24 09:40,true,1.000000
5762,USDJPY,2025.03.24 10:09,true,0.000000
5763,USDJPY,2025.03.24 10:19,false,21.000000
5764,USDJPY,2025.03.24 10:21,true,0.000000
5765,USDJPY,2025.03.24 11:21,true,31.000000
5766,USDJPY,2025.03.24 11:36,true,31.000000
5767,USDJPY,2025.03.24 11:38,true,31.000000
5768,USDJPY,2025.03.24 11:45,true,31.000000
5769,USDJPY,2025.03.24 11:50,false,9.000000
5770,USDJPY,2025.03.24 11:52,false,9.000000
5771,USDJPY,2025.03.24 11:55,false,-12.000000
5772,USDJPY,2025.03.24 11:57,false,-12.000000
5773,USDJPY,2025.03.24 11:58,false,-12.000000
5774,USDJPY,2025.03.24 12:06,true,19.000000
5775,USDJPY,2025.03.24 12:20,true,20.000000
5776,USDJPY,2025.03.24 12:22,true,19.000000
5777,USDJPY,2025.03.24 12:28,false,0.000000
5778,USDJPY,2025.03.24 12:31,true,8.000000
5779,USDJPY,2025.03.24 12:33,true,8.000000
5780,USDJPY,2025.03.24 12:40,false,12.000000
5781,USDJPY,2025.03.24 12:41,false,12.000000
5782,USDJPY,2025.03.24 12:51,false,0.000000
5783,USDJPY,2025.03.24 13:59,false,0.000000
5784,USDJPY,2025.03.24 14:19,false,0.000000
5785,USDJPY,2025.03.24 14:20,false,0.000000
5786,USDJPY,2025.03.24 14:27,false,1.000000
5787,USDJPY,2025.03.24 14:42,false,13.000000
5788,USDJPY,2025.03.24 14:45,false,12.000000
5789,USDJPY,2025.03.24 14:59,false,12.000000
5790,USDJPY,2025.03.24 15:07,true,-12.000000
5791,USDJPY,2025.03.24 15:09,true,-12.000000
5792,USDJPY,2025.03.24 15:11,false,12.000000
5793,USDJPY,2025.03.24 15:31,true,-12.000000
5794,USDJPY,2025.03.24 15:40,false,13.000000
5795,USDJPY,2025.03.24 15:44,false,12.000000
5796,USDJPY,2025.03.24 15:45,true,-12.000000
5797,USDJPY,2025.03.24 17:09,false,9.000000
5798,USDJPY,2025.03.24 17:11,false,9.000000
5799,USDJPY,2025.03.24 17:39,false,-12.000000
5800,USDJPY,2025.03.24 17:42,false,-12.000000
5801,USDJPY,2025.03.24 18:24,false,-12.000000
5802,USDJPY,2025.03.24 18:25,false,-12.000000
5803,USDJPY,2025.03.24 18:26,false,-12.000000
5804,USDJPY,2025.03.24 18:29,false,9.000000
5805,USDJPY,2025.03.24 19:23,false,9.000000
5806,USDJPY,2025.03.24 19:25,false,9.000000
5807,USDJPY,2025.03.24 19:31,true,12.000000
5808,USDJPY,2025.03.24 19:33,true,12.000000
5809,USDJPY,2025.03.24 19:36,true,12.000000
5810,USDJPY,2025.03.24 20:06,true,12.000000
5811,USDJPY,2025.03.24 20:13,false,9.000000
5812,USDJPY,2025.03.24 20:16,false,9.000000
5813,USDJPY,2025.03.24 20:17,true,12.000000
5814,USDJPY,2025.03.24 20:18,false,9.000000
5815,USDJPY,2025.03.24 20:21,true,12.000000
5816,USDJPY,2025.03.24 20:23,false,9.000000
5817,USDJPY,2025.03.24 20:43,true,12.000000
5818,USDJPY,2025.03.24 20:48,true,12.000000
5819,USDJPY,2025.03.24 21:20,true,12.000000
5820,USDJPY,2025.03.24 22:54,false,-12.000000
5821,USDJPY,2025.03.24 22:57,true,12.000000
5822,USDJPY,2025.03.24 23:00,false,-12.000000
5823,USDJPY,2025.03.24 23:05,true,12.000000
5824,USDJPY,2025.03.24 23:09,false,-12.000000
5825,USDJPY,2025.03.24 23:16,true,12.000000
5826,USDJPY,2025.03.24 23:56,false,-12.000000
5827,USDJPY,2025.03.24 23:58,true,12.000000
5828,USDJPY,2025.03.25 00:59,true,0.000000
5829,USDJPY,2025.03.25 01:02,true,0.000000
5830,USDJPY,2025.03.25 01:09,true,0.000000
5831,USDJPY,2025.03.25 01:11,true,0.000000
5832,USDJPY,2025.03.25 01:13,true,0.000000
5833,USDJPY,2025.03.25 01:54,true,12.000000
5834,USDJPY,2025.03.25 02:10,false,8.000000
5835,USDJPY,2025.03.25 02:57,false,31.000000
5836,USDJPY,2025.03.25 03:00,false,31.000000
5837,USDJPY,2025.03.25 05:16,false,12.000000
5838,USDJPY,2025.03.25 05:24,true,-12.000000
5839,USDJPY,2025.03.25 05:25,true,-12.000000
5840,USDJPY,2025.03.25 05:33,false,12.000000
5841,USDJPY,2025.03.25 05:43,true,-12.000000
5842,USDJPY,2025.03.25 05:46,true,-12.000000
5843,USDJPY,2025.03.25 05:51,true,-12.000000
5844,USDJPY,2025.03.25 06:09,false,0.000000
5845,USDJPY,2025.03.25 06:33,true,0.000000
5846,USDJPY,2025.03.25 06:54,false,12.000000
5847,USDJPY,2025.03.25 06:57,false,12.000000
5848,USDJPY,2025.03.25 07:01,false,12.000000
5849,USDJPY,2025.03.25 07:03,false,12.000000
5850,USDJPY,2025.03.25 07:05,true,-12.000000
5851,USDJPY,2025.03.25 07:45,true,19.000000
5852,USDJPY,2025.03.25 08:39,false,12.000000
5853,USDJPY,2025.03.25 09:15,true,0.000000
5854,USDJPY,2025.03.25 10:07,false,0.000000
5855,USDJPY,2025.03.25 10:16,true,0.000000
5856,USDJPY,2025.03.25 10:41,true,0.000000
5857,USDJPY,2025.03.25 10:43,true,0.000000
5858,USDJPY,2025.03.25 10:44,true,0.000000
5859,USDJPY,2025.03.25 10:47,true,0.000000
5860,USDJPY,2025.03.25 10:49,false,0.000000
5861,USDJPY,2025.03.25 10:52,false,0.000000
5862,USDJPY,2025.03.25 10:57,true,0.000000
5863,USDJPY,2025.03.25 10:58,true,0.000000
5864,USDJPY,2025.03.25 10:59,false,0.000000
5865,USDJPY,2025.03.25 11:00,true,0.000000
5866,USDJPY,2025.03.25 11:02,false,0.000000
5867,USDJPY,2025.03.25 11:04,true,0.000000
5868,USDJPY,2025.03.25 11:07,true,0.000000
5869,USDJPY,2025.03.25 11:12,true,0.000000
5870,USDJPY,2025.03.25 11:21,true,0.000000
5871,USDJPY,2025.03.25 11:43,false,0.000000
5872,USDJPY,2025.03.25 12:06,true,12.000000
5873,USDJPY,2025.03.25 13:19,true,31.000000
5874,USDJPY,2025.03.25 13:28,true,31.000000
5875,USDJPY,2025.03.25 13:32,true,31.000000
5876,USDJPY,2025.03.25 13:47,true,19.000000
5877,USDJPY,2025.03.25 14:12,true,19.000000
5878,USDJPY,2025.03.25 14:23,false,0.000000
5879,USDJPY,2025.03.25 14:53,true,19.000000
5880,USDJPY,2025.03.25 14:54,true,19.000000
5881,USDJPY,2025.03.25 15:52,true,12.000000
5882,USDJPY,2025.03.25 16:06,true,0.000000
5883,USDJPY,2025.03.25 16:13,false,0.000000
5884,USDJPY,2025.03.25 16:17,false,0.000000
5885,USDJPY,2025.03.25 16:19,false,0.000000
5886,USDJPY,2025.03.25 16:25,true,0.000000
5887,USDJPY,2025.03.25 16:27,false,0.000000
5888,USDJPY,2025.03.25 16:32,true,0.000000
5889,USDJPY,2025.03.25 16:33,false,0.000000
5890,USDJPY,2025.03.25 16:36,false,0.000000
5891,USDJPY,2025.03.25 16:40,false,0.000000
5892,USDJPY,2025.03.25 16:45,true,0.000000
5893,USDJPY,2025.03.25 16:47,true,0.000000
5894,USDJPY,2025.03.25 16:48,true,0.000000
5895,USDJPY,2025.03.25 16:49,false,0.000000
5896,USDJPY,2025.03.25 16:50,true,0.000000
5897,USDJPY,2025.03.25 17:00,true,0.000000
5898,USDJPY,2025.03.25 17:06,true,0.000000
5899,USDJPY,2025.03.25 19:00,false,0.000000
5900,USDJPY,2025.03.25 19:05,false,0.000000
5901,USDJPY,2025.03.25 19:14,false,0.000000
5902,USDJPY,2025.03.25 19:44,true,0.000000
5903,USDJPY,2025.03.25 19:47,true,0.000000
5904,USDJPY,2025.03.25 19:56,true,0.000000
5905,USDJPY,2025.03.25 20:53,true,13.000000
5906,USDJPY,2025.03.25 21:31,true,12.000000
5907,USDJPY,2025.03.25 21:41,false,8.000000
5908,USDJPY,2025.03.25 22:00,true,0.000000
5909,USDJPY,2025.03.25 22:02,true,0.000000
5910,USDJPY,2025.03.25 22:03,true,0.000000
5911,USDJPY,2025.03.25 22:05,true,0.000000
5912,USDJPY,2025.03.25 22:14,false,7.000000
5913,USDJPY,2025.03.25 22:18,true,12.000000
5914,USDJPY,2025.03.25 22:25,false,7.000000
5915,USDJPY,2025.03.25 22:29,false,7.000000
5916,USDJPY,2025.03.25 22:34,false,7.000000
5917,USDJPY,2025.03.25 22:40,false,7.000000
5918,USDJPY,2025.03.25 22:58,false,7.000000
5919,USDJPY,2025.03.25 23:11,true,12.000000
5920,USDJPY,2025.03.25 23:13,true,12.000000
5921,USDJPY,2025.03.25 23:25,true,12.000000
5922,USDJPY,2025.03.25 23:41,false,-12.000000
5923,USDJPY,2025.03.26 00:00,true,0.000000
5924,USDJPY,2025.03.26 01:00,false,0.000000
5925,USDJPY,2025.03.26 01:01,true,0.000000
5926,USDJPY,2025.03.26 01:08,true,0.000000
5927,USDJPY,2025.03.26 01:10,false,0.000000
5928,USDJPY,2025.03.26 01:16,false,0.000000
5929,USDJPY,2025.03.26 02:16,true,-12.000000
5930,USDJPY,2025.03.26 02:18,false,12.000000
5931,USDJPY,2025.03.26 03:43,false,12.000000
5932,USDJPY,2025.03.26 04:47,false,19.000000
5933,USDJPY,2025.03.26 04:50,false,19.000000
5934,USDJPY,2025.03.26 05:59,false,0.000000
5935,USDJPY,2025.03.26 06:03,false,0.000000
5936,USDJPY,2025.03.26 06:53,false,12.000000
5937,USDJPY,2025.03.26 08:19,true,0.000000
5938,USDJPY,2025.03.26 09:16,true,12.000000
5939,USDJPY,2025.03.26 09:33,true,12.000000
5940,USDJPY,2025.03.26 09:41,true,13.000000
5941,USDJPY,2025.03.26 09:46,true,1.000000
5942,USDJPY,2025.03.26 10:33,false,0.000000
5943,USDJPY,2025.03.26 10:42,false,0.000000
5944,USDJPY,2025.03.26 10:44,false,0.000000
5945,USDJPY,2025.03.26 10:45,false,0.000000
5946,USDJPY,2025.03.26 10:55,true,1.000000
5947,USDJPY,2025.03.26 11:55,true,12.000000
5948,USDJPY,2025.03.26 11:58,true,12.000000
5949,USDJPY,2025.03.26 12:05,false,0.000000
5950,USDJPY,2025.03.26 12:13,false,0.000000
5951,USDJPY,2025.03.26 13:11,true,13.000000
5952,USDJPY,2025.03.26 13:24,true,13.000000
5953,USDJPY,2025.03.26 13:44,true,13.000000
5954,USDJPY,2025.03.26 13:46,true,13.000000
5955,USDJPY,2025.03.26 13:47,true,13.000000
5956,USDJPY,2025.03.26 13:59,false,0.000000
5957,USDJPY,2025.03.26 14:02,true,0.000000
5958,USDJPY,2025.03.26 15:16,true,13.000000
5959,USDJPY,2025.03.26 15:53,false,0.000000
5960,USDJPY,2025.03.26 15:55,false,0.000000
5961,USDJPY,2025.03.26 15:56,false,0.000000
5962,USDJPY,2025.03.26 16:00,true,0.000000
5963,USDJPY,2025.03.26 16:09,false,0.000000
5964,USDJPY,2025.03.26 16:19,false,0.000000
5965,USDJPY,2025.03.26 16:36,true,0.000000
5966,USDJPY,2025.03.26 16:46,false,0.000000
5967,USDJPY,2025.03.26 16:49,false,0.000000
5968,USDJPY,2025.03.26 16:50,true,0.000000
5969,USDJPY,2025.03.26 17:52,false,10.000000
5970,USDJPY,2025.03.26 18:07,true,12.000000
5971,USDJPY,2025.03.26 18:10,true,12.000000
5972,USDJPY,2025.03.26 18:13,true,12.000000
5973,USDJPY,2025.03.26 18:37,false,1.000000
5974,USDJPY,2025.03.26 18:44,false,0.000000
5975,USDJPY,2025.03.26 18:46,false,1.000000
5976,USDJPY,2025.03.26 18:52,false,0.000000
5977,USDJPY,2025.03.26 19:43,false,-12.000000
5978,USDJPY,2025.03.26 19:46,false,-12.000000
5979,USDJPY,2025.03.26 20:04,true,1.000000
5980,USDJPY,2025.03.26 20:06,true,1.000000
5981,USDJPY,2025.03.26 20:10,true,1.000000
5982,USDJPY,2025.03.26 20:13,true,0.000000
5983,USDJPY,2025.03.26 20:18,true,0.000000
5984,USDJPY,2025.03.26 20:27,false,0.000000
5985,USDJPY,2025.03.26 21:18,false,0.000000
5986,USDJPY,2025.03.26 21:23,false,0.000000
5987,USDJPY,2025.03.26 21:35,true,0.000000
5988,USDJPY,2025.03.26 21:49,false,0.000000
5989,USDJPY,2025.03.26 21:50,true,0.000000
5990,USDJPY,2025.03.26 21:52,false,0.000000
5991,USDJPY,2025.03.26 22:10,true,0.000000
5992,USDJPY,2025.03.26 22:17,true,0.000000
5993,USDJPY,2025.03.26 22:46,true,0.000000
5994,USDJPY,2025.03.26 22:48,true,0.000000
5995,USDJPY,2025.03.26 22:50,true,0.000000
5996,USDJPY,2025.03.26 23:02,true,0.000000
5997,USDJPY,2025.03.26 23:43,false,0.000000
5998,USDJPY,2025.03.26 23:48,false,0.000000
5999,USDJPY,2025.03.27 00:40,false,12.000000
6000,USDJPY,2025.03.27 00:45,true,-12.000000
6001,USDJPY,2025.03.27 01:11,false,12.000000
6002,USDJPY,2025.03.27 01:21,false,0.000000
6003,USDJPY,2025.03.27 01:23,false,0.000000
6004,USDJPY,2025.03.27 01:36,false,0.000000
6005,USDJPY,2025.03.27 01:37,false,0.000000
6006,USDJPY,2025.03.27 01:42,true,0.000000
6007,USDJPY,2025.03.27 01:44,true,0.000000
6008,USDJPY,2025.03.27 01:45,true,0.000000
6009,USDJPY,2025.03.27 01:48,false,0.000000
6010,USDJPY,2025.03.27 01:52,false,0.000000
6011,USDJPY,2025.03.27 02:26,false,1.000000
6012,USDJPY,2025.03.27 02:36,true,-12.000000
6013,USDJPY,2025.03.27 02:53,false,12.000000
6014,USDJPY,2025.03.27 02:55,false,12.000000
6015,USDJPY,2025.03.27 02:59,true,-12.000000
6016,USDJPY,2025.03.27 04:01,true,0.000000
6017,USDJPY,2025.03.27 04:06,true,0.000000
6018,USDJPY,2025.03.27 04:16,true,0.000000
6019,USDJPY,2025.03.27 04:20,false,1.000000
6020,USDJPY,2025.03.27 04:23,false,1.000000
6021,USDJPY,2025.03.27 04:29,false,1.000000
6022,USDJPY,2025.03.27 04:31,false,1.000000
6023,USDJPY,2025.03.27 04:33,false,1.000000
6024,USDJPY,2025.03.27 04:48,false,12.000000
6025,USDJPY,2025.03.27 05:10,true,-12.000000
6026,USDJPY,2025.03.27 05:57,true,-12.000000
6027,USDJPY,2025.03.27 06:00,true,-12.000000
6028,USDJPY,2025.03.27 06:03,true,-12.000000
6029,USDJPY,2025.03.27 06:06,false,12.000000
6030,USDJPY,2025.03.27 06:10,false,12.000000
6031,USDJPY,2025.03.27 06:38,false,12.000000
6032,USDJPY,2025.03.27 06:40,false,12.000000
6033,USDJPY,2025.03.27 06:43,false,12.000000
6034,USDJPY,2025.03.27 06:50,false,12.000000
6035,USDJPY,2025.03.27 07:02,true,-12.000000
6036,USDJPY,2025.03.27 07:09,false,12.000000
6037,USDJPY,2025.03.27 07:13,true,-12.000000
6038,USDJPY,2025.03.27 07:18,false,12.000000
6039,USDJPY,2025.03.27 08:11,true,0.000000
6040,USDJPY,2025.03.27 08:14,true,-12.000000
6041,USDJPY,2025.03.27 08:17,true,-12.000000
6042,USDJPY,2025.03.27 09:22,true,0.000000
6043,USDJPY,2025.03.27 09:27,false,0.000000
6044,USDJPY,2025.03.27 09:29,false,0.000000
6045,USDJPY,2025.03.27 09:31,false,0.000000
6046,USDJPY,2025.03.27 09:42,true,0.000000
6047,USDJPY,2025.03.27 10:39,false,0.000000
6048,USDJPY,2025.03.27 10:49,true,-12.000000
6049,USDJPY,2025.03.27 10:52,true,-12.000000
6050,USDJPY,2025.03.27 11:08,false,12.000000
6051,USDJPY,2025.03.27 12:23,false,46.000000
6052,USDJPY,2025.03.27 13:32,true,12.000000
6053,USDJPY,2025.03.27 13:34,true,12.000000
6054,USDJPY,2025.03.27 13:35,true,12.000000
6055,USDJPY,2025.03.27 13:52,true,12.000000
6056,USDJPY,2025.03.27 14:11,false,34.000000
6057,USDJPY,2025.03.27 14:29,false,9.000000
6058,USDJPY,2025.03.27 14:30,true,13.000000
6059,USDJPY,2025.03.27 15:28,true,13.000000
6060,USDJPY,2025.03.27 15:34,true,13.000000
6061,USDJPY,2025.03.27 16:01,false,22.000000
6062,USDJPY,2025.03.27 16:03,false,21.000000
6063,USDJPY,2025.03.27 16:49,false,47.000000
6064,USDJPY,2025.03.27 16:56,false,25.000000
6065,USDJPY,2025.03.27 16:59,false,25.000000
6066,USDJPY,2025.03.27 17:02,true,0.000000
6067,USDJPY,2025.03.27 17:14,true,0.000000
6068,USDJPY,2025.03.27 17:15,true,0.000000
6069,USDJPY,2025.03.27 17:17,true,0.000000
6070,USDJPY,2025.03.27 17:19,false,46.000000
6071,USDJPY,2025.03.27 17:21,true,0.000000
6072,USDJPY,2025.03.27 17:24,true,0.000000
6073,USDJPY,2025.03.27 17:54,true,0.000000
6074,USDJPY,2025.03.27 18:00,true,0.000000
6075,USDJPY,2025.03.27 18:30,true,-12.000000
6076,USDJPY,2025.03.27 18:57,true,0.000000
6077,USDJPY,2025.03.27 19:02,true,0.000000
6078,USDJPY,2025.03.27 19:06,true,0.000000
6079,USDJPY,2025.03.27 19:08,true,0.000000
6080,USDJPY,2025.03.27 19:11,true,0.000000
6081,USDJPY,2025.03.27 19:13,false,25.000000
6082,USDJPY,2025.03.27 19:14,true,0.000000
6083,USDJPY,2025.03.27 19:18,true,0.000000
6084,USDJPY,2025.03.27 19:24,true,0.000000
6085,USDJPY,2025.03.27 19:26,true,0.000000
6086,USDJPY,2025.03.27 19:30,true,0.000000
6087,USDJPY,2025.03.27 19:35,false,25.000000
6088,USDJPY,2025.03.27 19:41,true,0.000000
6089,USDJPY,2025.03.27 19:42,false,25.000000
6090,USDJPY,2025.03.27 19:44,true,0.000000
6091,USDJPY,2025.03.27 19:45,true,0.000000
6092,USDJPY,2025.03.27 19:49,true,0.000000
6093,USDJPY,2025.03.27 19:50,false,25.000000
6094,USDJPY,2025.03.27 19:53,false,25.000000
6095,USDJPY,2025.03.27 20:00,true,12.000000
6096,USDJPY,2025.03.27 20:01,true,12.000000
6097,USDJPY,2025.03.27 20:03,false,13.000000
6098,USDJPY,2025.03.27 20:04,true,12.000000
6099,USDJPY,2025.03.27 20:05,true,12.000000
6100,USDJPY,2025.03.27 20:09,false,13.000000
6101,USDJPY,2025.03.27 20:13,true,12.000000
6102,USDJPY,2025.03.27 20:14,true,12.000000
6103,USDJPY,2025.03.27 20:25,true,12.000000
6104,USDJPY,2025.03.27 20:35,true,12.000000
6105,USDJPY,2025.03.27 20:39,true,12.000000
6106,USDJPY,2025.03.27 20:43,false,13.000000
6107,USDJPY,2025.03.27 21:07,false,13.000000
6108,USDJPY,2025.03.27 21:08,false,13.000000
6109,USDJPY,2025.03.27 21:09,true,12.000000
6110,USDJPY,2025.03.27 21:13,true,12.000000
6111,USDJPY,2025.03.27 21:16,false,13.000000
6112,USDJPY,2025.03.27 21:34,true,12.000000
6113,USDJPY,2025.03.27 22:39,false,13.000000
6114,USDJPY,2025.03.27 22:45,false,13.000000
6115,USDJPY,2025.03.27 22:48,false,13.000000
6116,USDJPY,2025.03.27 22:51,false,13.000000
6117,USDJPY,2025.03.27 22:54,false,13.000000
6118,USDJPY,2025.03.27 22:55,false,13.000000
6119,USDJPY,2025.03.27 22:58,false,13.000000
6120,USDJPY,2025.03.28 00:07,true,14.000000
6121,USDJPY,2025.03.28 00:55,true,2.000000
6122,USDJPY,2025.03.28 01:09,true,3.000000
6123,USDJPY,2025.03.28 02:06,true,2.000000
6124,USDJPY,2025.03.28 03:08,true,2.000000
6125,USDJPY,2025.03.28 03:46,false,-14.000000
6126,USDJPY,2025.03.28 04:40,false,-2.000000
6127,USDJPY,2025.03.28 04:44,false,-2.000000
6128,USDJPY,2025.03.28 05:01,false,-2.000000
6129,USDJPY,2025.03.28 05:05,true,2.000000
6130,USDJPY,2025.03.28 05:07,true,2.000000
6131,USDJPY,2025.03.28 05:14,true,2.000000
6132,USDJPY,2025.03.28 05:17,true,2.000000
6133,USDJPY,2025.03.28 05:18,true,2.000000
6134,USDJPY,2025.03.28 05:33,false,22.000000
6135,USDJPY,2025.03.28 05:44,true,2.000000
6136,USDJPY,2025.03.28 05:45,true,2.000000
6137,USDJPY,2025.03.28 05:55,false,-2.000000
6138,USDJPY,2025.03.28 05:59,false,-2.000000
6139,USDJPY,2025.03.28 06:07,true,2.000000
6140,USDJPY,2025.03.28 06:16,false,-2.000000
6141,USDJPY,2025.03.28 06:52,true,15.000000
6142,USDJPY,2025.03.28 07:01,true,15.000000
6143,USDJPY,2025.03.28 07:23,false,9.000000
6144,USDJPY,2025.03.28 07:25,false,9.000000
6145,USDJPY,2025.03.28 07:28,false,9.000000
6146,USDJPY,2025.03.28 07:45,true,14.000000
6147,USDJPY,2025.03.28 08:01,false,-2.000000
6148,USDJPY,2025.03.28 08:12,true,3.000000
6149,USDJPY,2025.03.28 08:40,true,3.000000
6150,USDJPY,2025.03.28 08:43,true,3.000000
6151,USDJPY,2025.03.28 08:47,true,3.000000
6152,USDJPY,2025.03.28 09:04,false,-2.000000
6153,USDJPY,2025.03.28 09:22,true,22.000000
6154,USDJPY,2025.03.28 09:24,true,22.000000
6155,USDJPY,2025.03.28 10:03,true,22.000000
6156,USDJPY,2025.03.28 10:07,true,21.000000
6157,USDJPY,2025.03.28 10:09,true,21.000000
6158,USDJPY,2025.03.28 10:12,false,-2.000000
6159,USDJPY,2025.03.28 10:14,false,-14.000000
6160,USDJPY,2025.03.28 10:22,true,33.000000
6161,USDJPY,2025.03.28 10:23,true,33.000000
6162,USDJPY,2025.03.28 10:25,false,-14.000000
6163,USDJPY,2025.03.28 10:28,true,33.000000
6164,USDJPY,2025.03.28 10:30,false,-14.000000
6165,USDJPY,2025.03.28 10:35,true,33.000000
6166,USDJPY,2025.03.28 11:25,false,-14.000000
6167,USDJPY,2025.03.28 11:39,false,-14.000000
6168,USDJPY,2025.03.28 12:17,false,-2.000000
6169,USDJPY,2025.03.28 13:10,true,2.000000
6170,USDJPY,2025.03.28 13:35,false,21.000000
6171,USDJPY,2025.03.28 13:36,false,21.000000
6172,USDJPY,2025.03.28 13:41,false,21.000000
6173,USDJPY,2025.03.28 13:42,false,21.000000
6174,USDJPY,2025.03.28 13:46,false,21.000000
6175,USDJPY,2025.03.28 14:07,true,14.000000
6176,USDJPY,2025.03.28 14:21,true,14.000000
6177,USDJPY,2025.03.28 14:22,false,-14.000000
6178,USDJPY,2025.03.28 14:56,false,-14.000000
6179,USDJPY,2025.03.28 15:19,false,-14.000000
6180,USDJPY,2025.03.28 15:29,true,14.000000
6181,USDJPY,2025.03.28 17:01,false,-2.000000
6182,USDJPY,2025.03.28 17:03,true,23.000000
6183,USDJPY,2025.03.28 17:05,true,42.000000
6184,USDJPY,2025.03.28 17:06,false,-2.000000
6185,USDJPY,2025.03.28 17:07,false,-2.000000
6186,USDJPY,2025.03.28 17:09,false,-2.000000
6187,USDJPY,2025.03.28 17:18,false,-1.000000
6188,USDJPY,2025.03.28 17:20,false,-1.000000
6189,USDJPY,2025.03.28 17:23,false,-1.000000
6190,USDJPY,2025.03.28 17:50,false,-1.000000
6191,USDJPY,2025.03.28 18:04,false,-1.000000
6192,USDJPY,2025.03.28 18:05,true,2.000000
6193,USDJPY,2025.03.28 18:08,false,-1.000000
6194,USDJPY,2025.03.28 18:12,false,-1.000000
6195,USDJPY,2025.03.28 18:26,true,23.000000
6196,USDJPY,2025.03.28 18:30,true,23.000000
6197,USDJPY,2025.03.28 18:42,false,-2.000000
6198,USDJPY,2025.03.28 18:43,true,23.000000
6199,USDJPY,2025.03.28 18:45,false,-2.000000
6200,USDJPY,2025.03.28 19:01,true,23.000000
6201,USDJPY,2025.03.28 19:04,true,2.000000
6202,USDJPY,2025.03.28 19:12,true,42.000000
6203,USDJPY,2025.03.28 19:19,false,-2.000000
6204,USDJPY,2025.03.28 19:21,false,-2.000000
6205,USDJPY,2025.03.28 20:14,false,-2.000000
6206,USDJPY,2025.03.28 20:48,false,-2.000000
6207,USDJPY,2025.03.28 21:21,true,23.000000
6208,USDJPY,2025.03.28 21:50,false,-2.000000
6209,USDJPY,2025.03.28 22:34,false,10.000000
6210,USDJPY,2025.03.28 22:53,false,10.000000
6211,USDJPY,2025.03.28 22:55,false,10.000000
6212,USDJPY,2025.03.31 00:00,false,13.000000
6213,USDJPY,2025.03.31 00:03,true,9.000000
6214,USDJPY,2025.03.31 00:18,true,9.000000
6215,USDJPY,2025.03.31 02:01,false,12.000000
6216,USDJPY,2025.03.31 02:02,true,53.000000
6217,USDJPY,2025.03.31 02:10,true,34.000000
6218,USDJPY,2025.03.31 02:11,true,53.000000
6219,USDJPY,2025.03.31 02:15,true,53.000000
6220,USDJPY,2025.03.31 02:25,true,34.000000
6221,USDJPY,2025.03.31 02:47,false,12.000000
6222,USDJPY,2025.03.31 02:54,false,12.000000
6223,USDJPY,2025.03.31 03:06,false,0.000000
6224,USDJPY,2025.03.31 03:38,true,36.000000
6225,USDJPY,2025.03.31 03:46,true,36.000000
6226,USDJPY,2025.03.31 04:42,true,37.000000
6227,USDJPY,2025.03.31 05:15,true,36.000000
6228,USDJPY,2025.03.31 06:23,true,13.000000
6229,USDJPY,2025.03.31 06:25,false,12.000000
6230,USDJPY,2025.03.31 06:29,true,13.000000
6231,USDJPY,2025.03.31 06:30,true,13.000000
6232,USDJPY,2025.03.31 06:41,true,13.000000
6233,USDJPY,2025.03.31 07:10,false,13.000000
6234,USDJPY,2025.03.31 07:12,true,13.000000
6235,USDJPY,2025.03.31 07:13,true,13.000000
6236,USDJPY,2025.03.31 07:20,true,13.000000
6237,USDJPY,2025.03.31 07:25,true,13.000000
6238,USDJPY,2025.03.31 08:18,true,48.000000
6239,USDJPY,2025.03.31 08:26,false,0.000000
6240,USDJPY,2025.03.31 08:30,false,0.000000
6241,USDJPY,2025.03.31 08:55,true,25.000000
6242,USDJPY,2025.03.31 09:32,true,25.000000
6243,USDJPY,2025.03.31 09:34,true,25.000000
6244,USDJPY,2025.03.31 09:41,true,25.000000
6245,USDJPY,2025.03.31 09:46,false,0.000000
6246,USDJPY,2025.03.31 10:33,false,0.000000
6247,USDJPY,2025.03.31 10:42,false,1.000000
6248,USDJPY,2025.03.31 11:11,false,0.000000
6249,USDJPY,2025.03.31 11:20,false,1.000000
6250,USDJPY,2025.03.31 11:27,false,0.000000
6251,USDJPY,2025.03.31 11:33,true,36.000000
6252,USDJPY,2025.03.31 11:34,false,12.000000
6253,USDJPY,2025.03.31 11:36,false,12.000000
6254,USDJPY,2025.03.31 11:39,true,36.000000
6255,USDJPY,2025.03.31 11:52,true,36.000000
6256,USDJPY,2025.03.31 12:06,true,48.000000
6257,USDJPY,2025.03.31 12:10,true,48.000000
6258,USDJPY,2025.03.31 12:13,false,0.000000
6259,USDJPY,2025.03.31 12:14,true,48.000000
6260,USDJPY,2025.03.31 12:23,false,0.000000
6261,USDJPY,2025.03.31 12:39,false,0.000000
6262,USDJPY,2025.03.31 12:42,false,0.000000
6263,USDJPY,2025.03.31 12:51,false,0.000000
6264,USDJPY,2025.03.31 13:06,false,0.000000
6265,USDJPY,2025.03.31 13:18,false,1.000000
6266,USDJPY,2025.03.31 13:55,false,1.000000
6267,USDJPY,2025.03.31 14:10,true,48.000000
6268,USDJPY,2025.03.31 14:14,true,36.000000
6269,USDJPY,2025.03.31 14:16,true,36.000000
6270,USDJPY,2025.03.31 14:24,false,12.000000
6271,USDJPY,2025.03.31 14:28,false,12.000000
6272,USDJPY,2025.03.31 14:30,false,12.000000
6273,USDJPY,2025.03.31 14:31,true,36.000000
6274,USDJPY,2025.03.31 14:38,true,36.000000
6275,USDJPY,2025.03.31 14:42,false,12.000000
6276,USDJPY,2025.03.31 15:15,false,19.000000
6277,USDJPY,2025.03.31 16:09,false,31.000000
6278,USDJPY,2025.03.31 16:12,false,31.000000
6279,USDJPY,2025.03.31 16:13,true,13.000000
6280,USDJPY,2025.03.31 16:14,false,31.000000
6281,USDJPY,2025.03.31 16:18,false,31.000000
6282,USDJPY,2025.03.31 16:38,true,13.000000
6283,USDJPY,2025.03.31 16:42,true,13.000000
6284,USDJPY,2025.03.31 16:43,false,31.000000
6285,USDJPY,2025.03.31 17:29,false,12.000000
6286,USDJPY,2025.03.31 17:36,false,12.000000
6287,USDJPY,2025.03.31 17:47,false,12.000000
6288,USDJPY,2025.03.31 17:50,false,12.000000
6289,USDJPY,2025.03.31 18:05,false,31.000000
6290,USDJPY,2025.03.31 18:24,true,-12.000000
6291,USDJPY,2025.03.31 18:25,true,-12.000000
6292,USDJPY,2025.03.31 20:02,true,12.000000
6293,USDJPY,2025.03.31 20:22,false,-12.000000
6294,USDJPY,2025.03.31 20:25,false,-12.000000
6295,USDJPY,2025.03.31 20:28,false,-12.000000
6296,USDJPY,2025.03.31 20:47,true,12.000000
6297,USDJPY,2025.03.31 20:53,false,-12.000000
6298,USDJPY,2025.03.31 20:56,false,-12.000000
6299,USDJPY,2025.03.31 21:27,false,19.000000
6300,USDJPY,2025.03.31 21:33,true,0.000000
6301,USDJPY,2025.03.31 21:36,true,0.000000
6302,USDJPY,2025.03.31 21:40,true,0.000000
6303,USDJPY,2025.03.31 21:55,true,0.000000
6304,USDJPY,2025.03.31 23:54,true,0.000000
